{"type": "FeatureCollection", "features": [{"type": "Feature", "properties": {"id": "13_1", "prefCode": "13", "policeStationCode": "", "name": "パーキング・メーター #1", "spaces": null, "timeLimitMinutes": 60, "feeYen": 300, "vehicleType": "standard", "operatingHours": [{"startTime": "09:00", "endTime": "19:00"}], "operatingDays": [1, 2, 3, 4, 5, 6], "exclusions": ["holidays", "sundays"], "overlappingRegulations": [], "lastUpdated": "2025-10-01", "category": "パーキング・メーター", "restriction1": "日曜・休日を除く", "restriction2": "１月１日〜３日を除く", "supportsTruck": false, "supportsMotorcycle": false, "supportsStandard": true, "supportsSenior": false}, "geometry": {"type": "LineString", "coordinates": [[139.762198937319, 35.6729870422539], [139.762062074323, 35.6728855267463], [139.761475033768, 35.6727204390507], [139.761041213751, 35.6725963395264], [139.760926779978, 35.6725433948138], [139.760755134704, 35.6724399420077], [139.76064942897, 35.6723570865321], [139.760568184058, 35.6722635288355], [139.760482688791, 35.6721377370286]]}}, {"type": "Feature", "properties": {"id": "13_2", "prefCode": "13", "policeStationCode": "", "name": "パーキング・チケット #2", "spaces": null, "timeLimitMinutes": 60, "feeYen": 300, "vehicleType": "standard", "operatingHours": [{"startTime": "09:00", "endTime": "19:00"}], "operatingDays": [1, 2, 3, 4, 5, 6], "exclusions": ["holidays", "sundays"], "overlappingRegulations": [], "lastUpdated": "2025-10-01", "category": "パーキング・チケット", "restriction1": "日曜・休日を除く", "restriction2": "１月１日〜３日を除く", "supportsTruck": false, "supportsMotorcycle": false, "supportsStandard": true, "supportsSenior": false}, "geometry": {"type": "LineString", "coordinates": [[139.64610862237, 35.6825170850793], [139.646904286258, 35.6827330539143]]}}, {"type": "Feature", "properties": {"id": "13_3", "prefCode": "13", "policeStationCode": "", "name": "パーキング・メーター #3", "spaces": null, "timeLimitMinutes": 60, "feeYen": 300, "vehicleType": "standard", "operatingHours": [{"startTime": "09:00", "endTime": "21:00"}], "operatingDays": [0, 1, 2, 3, 4, 5, 6], "exclusions": [], "overlappingRegulations": [], "lastUpdated": "2025-10-01", "category": "パーキング・メーター", "restriction1": "", "restriction2": "１月１日〜３日を除く", "supportsTruck": true, "supportsMotorcycle": false, "supportsStandard": true, "supportsSenior": false}, "geometry": {"type": "LineString", "coordinates": [[139.759737518642, 35.6702886736606], [139.760307366823, 35.669898796373], [139.760492549942, 35.6697635977428], [139.762152152838, 35.6685890036953]]}}, {"type": "Feature", "properties": {"id": "13_4", "prefCode": "13", "policeStationCode": "", "name": "パーキング・メーター #4", "spaces": null, "timeLimitMinutes": 60, "feeYen": 300, "vehicleType": "standard", "operatingHours": [{"startTime": "09:00", "endTime": "21:00"}], "operatingDays": [0, 1, 2, 3, 4, 5, 6], "exclusions": [], "overlappingRegulations": [], "lastUpdated": "2025-10-01", "category": "パーキング・メーター", "restriction1": "", "restriction2": "１月１日〜３日を除く", "supportsTruck": true, "supportsMotorcycle": false, "supportsStandard": true, "supportsSenior": false}, "geometry": {"type": "LineString", "coordinates": [[139.763056272219, 35.6694456005833], [139.760509326459, 35.671231114428], [139.760320949348, 35.6713784779714]]}}, {"type": "Feature", "properties": {"id": "13_5", "prefCode": "13", "policeStationCode": "", "name": "パーキング・メーター #5", "spaces": null, "timeLimitMinutes": 60, "feeYen": 300, "vehicleType": "standard", "operatingHours": [{"startTime": "09:00", "endTime": "21:00"}], "operatingDays": [0, 1, 2, 3, 4, 5, 6], "exclusions": [], "overlappingRegulations": [], "lastUpdated": "2025-10-01", "category": "パーキング・メーター", "restriction1": "", "restriction2": "１月１日〜３日を除く", "supportsTruck": true, "supportsMotorcycle": false, "supportsStandard": true, "supportsSenior": false}, "geometry": {"type": "LineString", "coordinates": [[139.765892853785, 35.6702374356963], [139.765045671122, 35.6696306140307], [139.763996919067, 35.6688256982464], [139.762980536645, 35.668041435644], [139.762105891513, 35.6673756327903]]}}, {"type": "Feature", "properties": {"id": "13_6", "prefCode": "13", "policeStationCode": "", "name": "パーキング・メーター #6", "spaces": null, "timeLimitMinutes": 60, "feeYen": 300, "vehicleType": "standard", "operatingHours": [{"startTime": "09:00", "endTime": "21:00"}], "operatingDays": [0, 1, 2, 3, 4, 5, 6], "exclusions": [], "overlappingRegulations": [], "lastUpdated": "2025-10-01", "category": "パーキング・メーター", "restriction1": "", "restriction2": "１月１日〜３日を除く", "supportsTruck": true, "supportsMotorcycle": false, "supportsStandard": true, "supportsSenior": false}, "geometry": {"type": "LineString", "coordinates": [[139.766497430218, 35.6698843180708], [139.762612489288, 35.6669809227903], [139.762542071202, 35.6669590392856]]}}, {"type": "Feature", "properties": {"id": "13_7", "prefCode": "13", "policeStationCode": "", "name": "パーキング・メーター #7", "spaces": null, "timeLimitMinutes": 60, "feeYen": 300, "vehicleType": "standard", "operatingHours": [{"startTime": "09:00", "endTime": "21:00"}], "operatingDays": [0, 1, 2, 3, 4, 5, 6], "exclusions": [], "overlappingRegulations": [], "lastUpdated": "2025-10-01", "category": "パーキング・メーター", "restriction1": "", "restriction2": "１月１日〜３日を除く", "supportsTruck": true, "supportsMotorcycle": false, "supportsStandard": true, "supportsSenior": false}, "geometry": {"type": "LineString", "coordinates": [[139.762283323992, 35.6685028349346], [139.762651612775, 35.6682429198465], [139.762979487213, 35.668003353746], [139.763423676913, 35.6676440250366], [139.763919517837, 35.6672468957984]]}}, {"type": "Feature", "properties": {"id": "13_8", "prefCode": "13", "policeStationCode": "", "name": "パーキング・メーター #8", "spaces": null, "timeLimitMinutes": 60, "feeYen": 300, "vehicleType": "standard", "operatingHours": [{"startTime": "09:00", "endTime": "21:00"}], "operatingDays": [0, 1, 2, 3, 4, 5, 6], "exclusions": [], "overlappingRegulations": [], "lastUpdated": "2025-10-01", "category": "パーキング・メーター", "restriction1": "", "restriction2": "１月１日〜３日を除く", "supportsTruck": true, "supportsMotorcycle": false, "supportsStandard": true, "supportsSenior": false}, "geometry": {"type": "LineString", "coordinates": [[139.764950269452, 35.6680378270461], [139.764661507712, 35.6682745421818], [139.764234844781, 35.6686031054654], [139.763577224362, 35.6690802936869], [139.763170411159, 35.669362961744]]}}, {"type": "Feature", "properties": {"id": "13_9", "prefCode": "13", "policeStationCode": "", "name": "パーキング・メーター #9", "spaces": null, "timeLimitMinutes": 60, "feeYen": 300, "vehicleType": "standard", "operatingHours": [{"startTime": "09:00", "endTime": "21:00"}], "operatingDays": [0, 1, 2, 3, 4, 5, 6], "exclusions": [], "overlappingRegulations": [], "lastUpdated": "2025-10-01", "category": "パーキング・メーター", "restriction1": "", "restriction2": "１月１日〜３日を除く", "supportsTruck": true, "supportsMotorcycle": false, "supportsStandard": true, "supportsSenior": false}, "geometry": {"type": "LineString", "coordinates": [[139.764153048534, 35.6702854660659], [139.765084078869, 35.6696191465516], [139.765582213619, 35.6692463847225], [139.766002511501, 35.6688823559437]]}}, {"type": "Feature", "properties": {"id": "13_10", "prefCode": "13", "policeStationCode": "", "name": "パーキング・メーター #10", "spaces": null, "timeLimitMinutes": 60, "feeYen": 300, "vehicleType": "standard", "operatingHours": [{"startTime": "09:00", "endTime": "21:00"}], "operatingDays": [0, 1, 2, 3, 4, 5, 6], "exclusions": [], "overlappingRegulations": [], "lastUpdated": "2025-10-01", "category": "パーキング・メーター", "restriction1": "", "restriction2": "１月１日〜３日を除く", "supportsTruck": true, "supportsMotorcycle": false, "supportsStandard": true, "supportsSenior": false}, "geometry": {"type": "LineString", "coordinates": [[139.764026270997, 35.6721946811235], [139.764364309164, 35.6725138736715], [139.765692497928, 35.6737630321223], [139.766440023146, 35.6744736762484], [139.766949270574, 35.6749333584877], [139.767205063522, 35.6751882192044]]}}, {"type": "Feature", "properties": {"id": "13_13", "prefCode": "13", "policeStationCode": "", "name": "パーキング・メーター #13", "spaces": null, "timeLimitMinutes": 60, "feeYen": 300, "vehicleType": "standard", "operatingHours": [{"startTime": "09:00", "endTime": "21:00"}], "operatingDays": [0, 1, 2, 3, 4, 5, 6], "exclusions": [], "overlappingRegulations": [], "lastUpdated": "2025-10-01", "category": "パーキング・メーター", "restriction1": "", "restriction2": "１月１日〜３日を除く", "supportsTruck": true, "supportsMotorcycle": false, "supportsStandard": true, "supportsSenior": false}, "geometry": {"type": "LineString", "coordinates": [[139.769544146061, 35.6743015996279], [139.768561860185, 35.6732373585136], [139.767824076397, 35.6723104793082], [139.767026453862, 35.6713169652447], [139.766264425713, 35.6705802383593]]}}, {"type": "Feature", "properties": {"id": "13_14", "prefCode": "13", "policeStationCode": "", "name": "パーキング・メーター #14", "spaces": null, "timeLimitMinutes": 60, "feeYen": 300, "vehicleType": "standard", "operatingHours": [{"startTime": "09:00", "endTime": "19:00"}], "operatingDays": [1, 2, 3, 4, 5, 6], "exclusions": ["holidays", "sundays"], "overlappingRegulations": [], "lastUpdated": "2025-10-01", "category": "パーキング・メーター", "restriction1": "日曜・休日を除く", "restriction2": "１月１日〜３日を除く", "supportsTruck": false, "supportsMotorcycle": false, "supportsStandard": true, "supportsSenior": false}, "geometry": {"type": "LineString", "coordinates": [[139.767587545012, 35.6752987407297], [139.767952042004, 35.6758775460011], [139.768404359549, 35.6766106075585]]}}, {"type": "Feature", "properties": {"id": "13_15", "prefCode": "13", "policeStationCode": "", "name": "パーキング・メーター #15", "spaces": null, "timeLimitMinutes": 60, "feeYen": 300, "vehicleType": "standard", "operatingHours": [{"startTime": "09:00", "endTime": "19:00"}], "operatingDays": [1, 2, 3, 4, 5, 6], "exclusions": ["holidays", "sundays"], "overlappingRegulations": [], "lastUpdated": "2025-10-01", "category": "パーキング・メーター", "restriction1": "日曜・休日を除く", "restriction2": "１月１日〜３日を除く", "supportsTruck": false, "supportsMotorcycle": false, "supportsStandard": true, "supportsSenior": false}, "geometry": {"type": "LineString", "coordinates": [[139.766511855032, 35.6760130148342], [139.767095554563, 35.6758367970208], [139.768525588463, 35.6753902174577], [139.768956226547, 35.6753912224367]]}}, {"type": "Feature", "properties": {"id": "13_17", "prefCode": "13", "policeStationCode": "", "name": "パーキング・メーター #17", "spaces": null, "timeLimitMinutes": 60, "feeYen": 300, "vehicleType": "standard", "operatingHours": [{"startTime": "09:00", "endTime": "19:00"}], "operatingDays": [1, 2, 3, 4, 5, 6], "exclusions": ["holidays", "sundays"], "overlappingRegulations": [], "lastUpdated": "2025-10-01", "category": "パーキング・メーター", "restriction1": "日曜・休日を除く", "restriction2": "１月１日〜３日を除く", "supportsTruck": true, "supportsMotorcycle": false, "supportsStandard": true, "supportsSenior": false}, "geometry": {"type": "LineString", "coordinates": [[139.772760787697, 35.6782362574299], [139.7715, 35.6762], [139.77124, 35.67577]]}}, {"type": "Feature", "properties": {"id": "13_22", "prefCode": "13", "policeStationCode": "", "name": "パーキング・メーター #22", "spaces": null, "timeLimitMinutes": 60, "feeYen": 300, "vehicleType": "standard", "operatingHours": [{"startTime": "09:00", "endTime": "19:00"}], "operatingDays": [1, 2, 3, 4, 5, 6], "exclusions": ["holidays", "sundays"], "overlappingRegulations": [], "lastUpdated": "2025-10-01", "category": "パーキング・メーター", "restriction1": "日曜・休日を除く", "restriction2": "１月１日〜３日を除く", "supportsTruck": true, "supportsMotorcycle": false, "supportsStandard": true, "supportsSenior": false}, "geometry": {"type": "LineString", "coordinates": [[139.770209446021, 35.6766799379307], [139.77200951921, 35.6759455710409]]}}, {"type": "Feature", "properties": {"id": "13_23", "prefCode": "13", "policeStationCode": "", "name": "パーキング・チケット #23", "spaces": null, "timeLimitMinutes": 60, "feeYen": 300, "vehicleType": "standard", "operatingHours": [{"startTime": "09:00", "endTime": "19:00"}], "operatingDays": [1, 2, 3, 4, 5, 6], "exclusions": ["holidays", "sundays"], "overlappingRegulations": [], "lastUpdated": "2025-10-01", "category": "パーキング・チケット", "restriction1": "日曜・休日を除く", "restriction2": "１月１日〜３日を除く", "supportsTruck": true, "supportsMotorcycle": false, "supportsStandard": true, "supportsSenior": false}, "geometry": {"type": "MultiLineString", "coordinates": [[[139.772274490738, 35.677149052691], [139.77208, 35.67723], [139.77086, 35.67773]], [[139.77089, 35.67777], [139.7722, 35.67724], [139.772285715275, 35.6772043042149]]]}}, {"type": "Feature", "properties": {"id": "13_26", "prefCode": "13", "policeStationCode": "", "name": "パーキング・メーター #26", "spaces": null, "timeLimitMinutes": 60, "feeYen": 300, "vehicleType": "standard", "operatingHours": [{"startTime": "09:00", "endTime": "19:00"}], "operatingDays": [1, 2, 3, 4, 5, 6], "exclusions": ["holidays", "sundays"], "overlappingRegulations": [], "lastUpdated": "2025-10-01", "category": "パーキング・メーター", "restriction1": "日曜・休日を除く", "restriction2": "１月１日〜３日を除く", "supportsTruck": true, "supportsMotorcycle": false, "supportsStandard": true, "supportsSenior": false}, "geometry": {"type": "LineString", "coordinates": [[139.770513848737, 35.6799991714706], [139.771717350405, 35.6818930317339], [139.772017375299, 35.682395737778], [139.772341330989, 35.6829476055093]]}}, {"type": "Feature", "properties": {"id": "13_27", "prefCode": "13", "policeStationCode": "", "name": "パーキング・メーター #27", "spaces": null, "timeLimitMinutes": 60, "feeYen": 300, "vehicleType": "standard", "operatingHours": [{"startTime": "09:00", "endTime": "19:00"}], "operatingDays": [1, 2, 3, 4, 5, 6], "exclusions": ["holidays", "sundays"], "overlappingRegulations": [], "lastUpdated": "2025-10-01", "category": "パーキング・メーター", "restriction1": "日曜・休日を除く", "restriction2": "１月１日〜３日を除く", "supportsTruck": false, "supportsMotorcycle": false, "supportsStandard": true, "supportsSenior": false}, "geometry": {"type": "LineString", "coordinates": [[139.769649552877, 35.6810428915299], [139.76992976897, 35.6809347763837], [139.772035539681, 35.6800615276579]]}}, {"type": "Feature", "properties": {"id": "13_28", "prefCode": "13", "policeStationCode": "", "name": "パーキング・メーター #28", "spaces": null, "timeLimitMinutes": 60, "feeYen": 300, "vehicleType": "standard", "operatingHours": [{"startTime": "09:00", "endTime": "19:00"}], "operatingDays": [1, 2, 3, 4, 5, 6], "exclusions": ["holidays", "sundays"], "overlappingRegulations": [], "lastUpdated": "2025-10-01", "category": "パーキング・メーター", "restriction1": "日曜・休日を除く", "restriction2": "１月１日〜３日を除く", "supportsTruck": true, "supportsMotorcycle": false, "supportsStandard": true, "supportsSenior": false}, "geometry": {"type": "LineString", "coordinates": [[139.772238178134, 35.6803793202562], [139.771547215552, 35.6806680276198], [139.769846593897, 35.6813714522771]]}}, {"type": "Feature", "properties": {"id": "13_29", "prefCode": "13", "policeStationCode": "", "name": "パーキング・メーター #29", "spaces": null, "timeLimitMinutes": 40, "feeYen": 200, "vehicleType": "standard", "operatingHours": [{"startTime": "09:00", "endTime": "19:00"}], "operatingDays": [1, 2, 3, 4, 5, 6], "exclusions": ["holidays", "sundays"], "overlappingRegulations": [], "lastUpdated": "2025-10-01", "category": "パーキング・メーター", "restriction1": "日曜・休日を除く", "restriction2": "１月１日〜３日を除く", "supportsTruck": false, "supportsMotorcycle": false, "supportsStandard": true, "supportsSenior": false}, "geometry": {"type": "MultiLineString", "coordinates": [[[139.772499232444, 35.6808250859543], [139.770910490691, 35.6814784287935], [139.770234300393, 35.6817363190022]], [[139.770274068834, 35.6817403405399], [139.770702944359, 35.6815810122924], [139.770926698531, 35.6814932394017], [139.772014684232, 35.6810427925737], [139.772482499357, 35.6808488202822]]]}}, {"type": "Feature", "properties": {"id": "13_31", "prefCode": "13", "policeStationCode": "", "name": "パーキング・メーター #31", "spaces": null, "timeLimitMinutes": 60, "feeYen": 300, "vehicleType": "standard", "operatingHours": [{"startTime": "09:00", "endTime": "19:00"}], "operatingDays": [1, 2, 3, 4, 5, 6], "exclusions": ["holidays", "sundays"], "overlappingRegulations": [], "lastUpdated": "2025-10-01", "category": "パーキング・メーター", "restriction1": "日曜・休日を除く", "restriction2": "１月１日〜３日を除く", "supportsTruck": true, "supportsMotorcycle": false, "supportsStandard": true, "supportsSenior": false}, "geometry": {"type": "LineString", "coordinates": [[139.772886145139, 35.6814169466742], [139.77273434377, 35.6814974710982], [139.771756968192, 35.6818974741114], [139.770966456205, 35.6822320222385], [139.770566342338, 35.6823857288745]]}}, {"type": "Feature", "properties": {"id": "13_32", "prefCode": "13", "policeStationCode": "", "name": "パーキング・メーター #32", "spaces": null, "timeLimitMinutes": 60, "feeYen": 300, "vehicleType": "standard", "operatingHours": [{"startTime": "09:00", "endTime": "19:00"}], "operatingDays": [1, 2, 3, 4, 5, 6], "exclusions": ["holidays", "sundays"], "overlappingRegulations": [], "lastUpdated": "2025-10-01", "category": "パーキング・メーター", "restriction1": "日曜・休日を除く", "restriction2": "１月１日〜３日を除く", "supportsTruck": false, "supportsMotorcycle": false, "supportsStandard": true, "supportsSenior": false}, "geometry": {"type": "LineString", "coordinates": [[139.77084062389, 35.6829046125053], [139.771298835873, 35.6827278713398], [139.772010147209, 35.6824378560076], [139.773173659404, 35.6819640664421]]}}, {"type": "Feature", "properties": {"id": "13_34", "prefCode": "13", "policeStationCode": "", "name": "パーキング・メーター #34", "spaces": null, "timeLimitMinutes": 60, "feeYen": 300, "vehicleType": "standard", "operatingHours": [{"startTime": "09:00", "endTime": "19:00"}], "operatingDays": [1, 2, 3, 4, 5, 6], "exclusions": ["holidays", "sundays"], "overlappingRegulations": [], "lastUpdated": "2025-10-01", "category": "パーキング・メーター", "restriction1": "日曜・休日を除く", "restriction2": "１月１日〜３日を除く", "supportsTruck": false, "supportsMotorcycle": false, "supportsStandard": true, "supportsSenior": false}, "geometry": {"type": "LineString", "coordinates": [[139.772221572598, 35.6799961815209], [139.773027368233, 35.6796713238327], [139.773483497035, 35.6794629619463]]}}, {"type": "Feature", "properties": {"id": "13_35", "prefCode": "13", "policeStationCode": "", "name": "パーキング・メーター #35", "spaces": null, "timeLimitMinutes": 60, "feeYen": 300, "vehicleType": "standard", "operatingHours": [{"startTime": "09:00", "endTime": "19:00"}], "operatingDays": [1, 2, 3, 4, 5, 6], "exclusions": ["holidays", "sundays"], "overlappingRegulations": [], "lastUpdated": "2025-10-01", "category": "パーキング・メーター", "restriction1": "日曜・休日を除く", "restriction2": "１月１日〜３日を除く", "supportsTruck": false, "supportsMotorcycle": false, "supportsStandard": true, "supportsSenior": false}, "geometry": {"type": "LineString", "coordinates": [[139.773685253838, 35.6797731638961], [139.772417689143, 35.6803042077427]]}}, {"type": "Feature", "properties": {"id": "13_37", "prefCode": "13", "policeStationCode": "", "name": "パーキング・メーター #37", "spaces": null, "timeLimitMinutes": 60, "feeYen": 300, "vehicleType": "standard", "operatingHours": [{"startTime": "09:00", "endTime": "19:00"}], "operatingDays": [1, 2, 3, 4, 5, 6], "exclusions": ["holidays", "sundays"], "overlappingRegulations": [], "lastUpdated": "2025-10-01", "category": "パーキング・メーター", "restriction1": "日曜・休日を除く", "restriction2": "１月１日〜３日を除く", "supportsTruck": false, "supportsMotorcycle": false, "supportsStandard": true, "supportsSenior": false}, "geometry": {"type": "LineString", "coordinates": [[139.755429478805, 35.6691657463586], [139.756715106676, 35.6687338702976], [139.757766224534, 35.6683825060539]]}}, {"type": "Feature", "properties": {"id": "13_38", "prefCode": "13", "policeStationCode": "", "name": "パーキング・メーター #38", "spaces": null, "timeLimitMinutes": 60, "feeYen": 300, "vehicleType": "standard", "operatingHours": [{"startTime": "09:00", "endTime": "19:00"}], "operatingDays": [1, 2, 3, 4, 5, 6], "exclusions": ["holidays", "sundays"], "overlappingRegulations": [], "lastUpdated": "2025-10-01", "category": "パーキング・メーター", "restriction1": "日曜・休日を除く", "restriction2": "１月１日〜３日を除く", "supportsTruck": true, "supportsMotorcycle": false, "supportsStandard": true, "supportsSenior": false}, "geometry": {"type": "LineString", "coordinates": [[139.756934939896, 35.669080204872], [139.755622110548, 35.6694887920563]]}}, {"type": "Feature", "properties": {"id": "13_39", "prefCode": "13", "policeStationCode": "", "name": "パーキング・メーター #39", "spaces": null, "timeLimitMinutes": 60, "feeYen": 300, "vehicleType": "standard", "operatingHours": [{"startTime": "09:00", "endTime": "19:00"}], "operatingDays": [1, 2, 3, 4, 5, 6], "exclusions": ["holidays", "sundays"], "overlappingRegulations": [], "lastUpdated": "2025-10-01", "category": "パーキング・メーター", "restriction1": "日曜・休日を除く", "restriction2": "１月１日〜３日を除く", "supportsTruck": false, "supportsMotorcycle": false, "supportsStandard": true, "supportsSenior": false}, "geometry": {"type": "LineString", "coordinates": [[139.756488185869, 35.6682057860835], [139.757424565333, 35.6699886100911]]}}, {"type": "Feature", "properties": {"id": "13_40", "prefCode": "13", "policeStationCode": "", "name": "パーキング・メーター #40", "spaces": null, "timeLimitMinutes": 60, "feeYen": 300, "vehicleType": "standard", "operatingHours": [{"startTime": "09:00", "endTime": "19:00"}], "operatingDays": [1, 2, 3, 4, 5, 6], "exclusions": ["holidays", "sundays"], "overlappingRegulations": [], "lastUpdated": "2025-10-01", "category": "パーキング・メーター", "restriction1": "日曜・休日を除く", "restriction2": "１月１日〜３日を除く", "supportsTruck": false, "supportsMotorcycle": false, "supportsStandard": true, "supportsSenior": false}, "geometry": {"type": "LineString", "coordinates": [[139.758051480871, 35.6686726588836], [139.757922635059, 35.6683738500814]]}}, {"type": "Feature", "properties": {"id": "13_41", "prefCode": "13", "policeStationCode": "", "name": "パーキング・メーター #41", "spaces": null, "timeLimitMinutes": 60, "feeYen": 300, "vehicleType": "standard", "operatingHours": [{"startTime": "09:00", "endTime": "21:00"}], "operatingDays": [0, 1, 2, 3, 4, 5, 6], "exclusions": [], "overlappingRegulations": [], "lastUpdated": "2025-10-01", "category": "パーキング・メーター", "restriction1": "", "restriction2": "１月１日〜３日を除く", "supportsTruck": true, "supportsMotorcycle": false, "supportsStandard": true, "supportsSenior": false}, "geometry": {"type": "LineString", "coordinates": [[139.764372486986, 35.6731522934715], [139.765201433379, 35.6725660929419], [139.766423256768, 35.6717176891883], [139.766962425367, 35.6713302308826]]}}, {"type": "Feature", "properties": {"id": "13_42", "prefCode": "13", "policeStationCode": "", "name": "パーキング・メーター #42", "spaces": null, "timeLimitMinutes": 60, "feeYen": 300, "vehicleType": "standard", "operatingHours": [{"startTime": "09:00", "endTime": "19:00"}], "operatingDays": [1, 2, 3, 4, 5, 6], "exclusions": ["holidays", "sundays"], "overlappingRegulations": [], "lastUpdated": "2025-10-01", "category": "パーキング・メーター", "restriction1": "日曜・休日を除く", "restriction2": "１月１日〜３日を除く", "supportsTruck": true, "supportsMotorcycle": false, "supportsStandard": true, "supportsSenior": false}, "geometry": {"type": "LineString", "coordinates": [[139.76533, 35.68029], [139.76543, 35.68019], [139.76564, 35.67988], [139.76575, 35.6797], [139.76579, 35.67963], [139.765691982803, 35.6798075927764], [139.765639067459, 35.679871891561], [139.765740728836, 35.6797083176288]]}}, {"type": "Feature", "properties": {"id": "13_43", "prefCode": "13", "policeStationCode": "", "name": "パーキング・メーター #43", "spaces": null, "timeLimitMinutes": 60, "feeYen": 300, "vehicleType": "standard", "operatingHours": [{"startTime": "09:00", "endTime": "21:00"}], "operatingDays": [0, 1, 2, 3, 4, 5, 6], "exclusions": [], "overlappingRegulations": [], "lastUpdated": "2025-10-01", "category": "パーキング・メーター", "restriction1": "", "restriction2": "１月１日〜３日を除く", "supportsTruck": true, "supportsMotorcycle": false, "supportsStandard": true, "supportsSenior": false}, "geometry": {"type": "LineString", "coordinates": [[139.758781548096, 35.6686356464377], [139.758786774594, 35.6687154699202], [139.758810286376, 35.6687877675292], [139.759118345432, 35.6693383270147], [139.759184263751, 35.6694744826805], [139.759559931918, 35.6701408956419], [139.760580619476, 35.671939500143]]}}, {"type": "Feature", "properties": {"id": "13_44", "prefCode": "13", "policeStationCode": "", "name": "パーキング・メーター #44", "spaces": null, "timeLimitMinutes": 60, "feeYen": 300, "vehicleType": "standard", "operatingHours": [{"startTime": "09:00", "endTime": "19:00"}], "operatingDays": [1, 2, 3, 4, 5, 6], "exclusions": ["holidays", "sundays"], "overlappingRegulations": [], "lastUpdated": "2025-10-01", "category": "パーキング・メーター", "restriction1": "日曜・休日を除く", "restriction2": "１月１日〜３日を除く", "supportsTruck": true, "supportsMotorcycle": false, "supportsStandard": true, "supportsSenior": false}, "geometry": {"type": "LineString", "coordinates": [[139.763844354228, 35.6832401178915], [139.762796782267, 35.6834674953541]]}}, {"type": "Feature", "properties": {"id": "13_45", "prefCode": "13", "policeStationCode": "", "name": "パーキング・メーター #45", "spaces": null, "timeLimitMinutes": 60, "feeYen": 300, "vehicleType": "standard", "operatingHours": [{"startTime": "09:00", "endTime": "19:00"}], "operatingDays": [1, 2, 3, 4, 5, 6], "exclusions": ["holidays", "sundays"], "overlappingRegulations": [], "lastUpdated": "2025-10-01", "category": "パーキング・メーター", "restriction1": "日曜・休日を除く", "restriction2": "１月１日〜３日を除く", "supportsTruck": false, "supportsMotorcycle": false, "supportsStandard": true, "supportsSenior": false}, "geometry": {"type": "MultiLineString", "coordinates": [[[139.77412576974, 35.6834975645763], [139.772810788936, 35.6838063667436], [139.771758245012, 35.6840505146388], [139.771637610408, 35.6840567027427], [139.771357240461, 35.6841173924938]], [[139.771496101986, 35.6841928269604], [139.774151186734, 35.6835745536466]]]}}, {"type": "Feature", "properties": {"id": "13_56", "prefCode": "13", "policeStationCode": "", "name": "パーキング・メーター #56", "spaces": null, "timeLimitMinutes": 60, "feeYen": 300, "vehicleType": "standard", "operatingHours": [{"startTime": "09:00", "endTime": "19:00"}], "operatingDays": [1, 2, 3, 4, 5, 6], "exclusions": ["holidays", "sundays"], "overlappingRegulations": [], "lastUpdated": "2025-10-01", "category": "パーキング・メーター", "restriction1": "日曜・休日を除く", "restriction2": "１月１日〜３日を除く", "supportsTruck": false, "supportsMotorcycle": false, "supportsStandard": true, "supportsSenior": false}, "geometry": {"type": "LineString", "coordinates": [[139.774480217181, 35.6890045045514], [139.775016219435, 35.6876793899864], [139.775590678718, 35.6863181583598], [139.775882873034, 35.6856193462392], [139.776241424893, 35.6848280003935]]}}, {"type": "Feature", "properties": {"id": "13_57", "prefCode": "13", "policeStationCode": "", "name": "パーキング・メーター #57", "spaces": null, "timeLimitMinutes": 60, "feeYen": 300, "vehicleType": "standard", "operatingHours": [{"startTime": "09:00", "endTime": "19:00"}], "operatingDays": [1, 2, 3, 4, 5, 6], "exclusions": ["holidays", "sundays"], "overlappingRegulations": [], "lastUpdated": "2025-10-01", "category": "パーキング・メーター", "restriction1": "日曜・休日を除く", "restriction2": "１月１日〜３日を除く", "supportsTruck": false, "supportsMotorcycle": false, "supportsStandard": true, "supportsSenior": false}, "geometry": {"type": "LineString", "coordinates": [[139.774668904889, 35.6849342682809], [139.77663718573, 35.6855035589462]]}}, {"type": "Feature", "properties": {"id": "13_60", "prefCode": "13", "policeStationCode": "", "name": "パーキング・メーター #60", "spaces": null, "timeLimitMinutes": 60, "feeYen": 300, "vehicleType": "standard", "operatingHours": [{"startTime": "09:00", "endTime": "19:00"}], "operatingDays": [1, 2, 3, 4, 5, 6], "exclusions": ["holidays", "sundays"], "overlappingRegulations": [], "lastUpdated": "2025-10-01", "category": "パーキング・メーター", "restriction1": "日曜・休日を除く", "restriction2": "１月１日〜３日を除く", "supportsTruck": false, "supportsMotorcycle": false, "supportsStandard": true, "supportsSenior": false}, "geometry": {"type": "MultiLineString", "coordinates": [[[139.773498116577, 35.6875915123266], [139.775964511268, 35.6883989684824]], [[139.775986117975, 35.6883268190609], [139.773509811742, 35.6875274411776]]]}}, {"type": "Feature", "properties": {"id": "13_64", "prefCode": "13", "policeStationCode": "", "name": "パーキング・メーター #64", "spaces": null, "timeLimitMinutes": 60, "feeYen": 300, "vehicleType": "standard", "operatingHours": [{"startTime": "08:00", "endTime": "20:00"}], "operatingDays": [0, 1, 2, 3, 4, 5, 6], "exclusions": [], "overlappingRegulations": [], "lastUpdated": "2025-10-01", "category": "パーキング・メーター", "restriction1": "", "restriction2": "１月１日〜３日を除く", "supportsTruck": false, "supportsMotorcycle": false, "supportsStandard": true, "supportsSenior": false}, "geometry": {"type": "LineString", "coordinates": [[139.765059712212, 35.6899383436256], [139.765515877081, 35.6923084895052]]}}, {"type": "Feature", "properties": {"id": "13_66", "prefCode": "13", "policeStationCode": "", "name": "パーキング・メーター #66", "spaces": null, "timeLimitMinutes": 60, "feeYen": 300, "vehicleType": "standard", "operatingHours": [{"startTime": "08:00", "endTime": "20:00"}], "operatingDays": [0, 1, 2, 3, 4, 5, 6], "exclusions": [], "overlappingRegulations": [], "lastUpdated": "2025-10-01", "category": "パーキング・メーター", "restriction1": "", "restriction2": "１月１日〜３日を除く", "supportsTruck": false, "supportsMotorcycle": false, "supportsStandard": true, "supportsSenior": false}, "geometry": {"type": "LineString", "coordinates": [[139.7661130378, 35.6897729861033], [139.766578973112, 35.6921911376799]]}}, {"type": "Feature", "properties": {"id": "13_67", "prefCode": "13", "policeStationCode": "", "name": "パーキング・メーター #67", "spaces": null, "timeLimitMinutes": 60, "feeYen": 300, "vehicleType": "standard", "operatingHours": [{"startTime": "08:00", "endTime": "20:00"}], "operatingDays": [0, 1, 2, 3, 4, 5, 6], "exclusions": [], "overlappingRegulations": [], "lastUpdated": "2025-10-01", "category": "パーキング・メーター", "restriction1": "", "restriction2": "１月１日〜３日を除く", "supportsTruck": true, "supportsMotorcycle": false, "supportsStandard": true, "supportsSenior": false}, "geometry": {"type": "LineString", "coordinates": [[139.764728516735, 35.6909056773666], [139.766219538306, 35.6907445412159], [139.767038222564, 35.6906625832866]]}}, {"type": "Feature", "properties": {"id": "13_68", "prefCode": "13", "policeStationCode": "", "name": "パーキング・メーター #68", "spaces": null, "timeLimitMinutes": 60, "feeYen": 300, "vehicleType": "standard", "operatingHours": [{"startTime": "08:00", "endTime": "20:00"}], "operatingDays": [0, 1, 2, 3, 4, 5, 6], "exclusions": [], "overlappingRegulations": [], "lastUpdated": "2025-10-01", "category": "パーキング・メーター", "restriction1": "", "restriction2": "１月１日〜３日を除く", "supportsTruck": false, "supportsMotorcycle": false, "supportsStandard": true, "supportsSenior": false}, "geometry": {"type": "LineString", "coordinates": [[139.76773855608, 35.6895505666505], [139.767982286539, 35.6905795732533], [139.768315773395, 35.6919399909959], [139.768187014753, 35.6922713955243]]}}, {"type": "Feature", "properties": {"id": "13_69", "prefCode": "13", "policeStationCode": "", "name": "パーキング・メーター #69", "spaces": null, "timeLimitMinutes": 60, "feeYen": 300, "vehicleType": "standard", "operatingHours": [{"startTime": "08:00", "endTime": "20:00"}], "operatingDays": [0, 1, 2, 3, 4, 5, 6], "exclusions": [], "overlappingRegulations": [], "lastUpdated": "2025-10-01", "category": "パーキング・メーター", "restriction1": "", "restriction2": "１月１日〜３日を除く", "supportsTruck": true, "supportsMotorcycle": false, "supportsStandard": true, "supportsSenior": false}, "geometry": {"type": "LineString", "coordinates": [[139.767238930454, 35.6906494772996], [139.768936608217, 35.6904704263189], [139.769815100676, 35.6903820259271], [139.769873931706, 35.6903599125213]]}}, {"type": "Feature", "properties": {"id": "13_70", "prefCode": "13", "policeStationCode": "", "name": "パーキング・メーター #70", "spaces": null, "timeLimitMinutes": 60, "feeYen": 300, "vehicleType": "standard", "operatingHours": [{"startTime": "08:00", "endTime": "20:00"}], "operatingDays": [1, 2, 3, 4, 5, 6], "exclusions": ["holidays", "sundays"], "overlappingRegulations": [], "lastUpdated": "2025-10-01", "category": "パーキング・メーター", "restriction1": "日曜・休日を除く", "restriction2": "１月１日〜３日を除く", "supportsTruck": true, "supportsMotorcycle": false, "supportsStandard": true, "supportsSenior": false}, "geometry": {"type": "LineString", "coordinates": [[139.76905659035, 35.6925166394939], [139.769127713488, 35.6921549129746], [139.769093392841, 35.6916018815828], [139.769006993878, 35.6907656675071], [139.768975946928, 35.6904322728288], [139.768864280658, 35.6898877155669], [139.768844681314, 35.6897940767021], [139.76884917125, 35.6896810363033], [139.768863820461, 35.6896270470673]]}}, {"type": "Feature", "properties": {"id": "13_71", "prefCode": "13", "policeStationCode": "", "name": "パーキング・メーター #71", "spaces": null, "timeLimitMinutes": 60, "feeYen": 300, "vehicleType": "standard", "operatingHours": [{"startTime": "08:00", "endTime": "20:00"}], "operatingDays": [0, 1, 2, 3, 4, 5, 6], "exclusions": [], "overlappingRegulations": [], "lastUpdated": "2025-10-01", "category": "パーキング・メーター", "restriction1": "", "restriction2": "１月１日〜３日を除く", "supportsTruck": false, "supportsMotorcycle": false, "supportsStandard": true, "supportsSenior": false}, "geometry": {"type": "LineString", "coordinates": [[139.767493692218, 35.6917088447004], [139.76900580423, 35.6915789264616], [139.769710324862, 35.6915456679237]]}}, {"type": "Feature", "properties": {"id": "13_72", "prefCode": "13", "policeStationCode": "", "name": "パーキング・メーター #72", "spaces": null, "timeLimitMinutes": 60, "feeYen": 300, "vehicleType": "standard", "operatingHours": [{"startTime": "08:00", "endTime": "20:00"}], "operatingDays": [0, 1, 2, 3, 4, 5, 6], "exclusions": [], "overlappingRegulations": [], "lastUpdated": "2025-10-01", "category": "パーキング・メーター", "restriction1": "", "restriction2": "１月１日〜３日を除く", "supportsTruck": true, "supportsMotorcycle": false, "supportsStandard": true, "supportsSenior": false}, "geometry": {"type": "LineString", "coordinates": [[139.769269355755, 35.6939098093639], [139.768837525165, 35.694972594271]]}}, {"type": "Feature", "properties": {"id": "13_74", "prefCode": "13", "policeStationCode": "", "name": "パーキング・メーター #74", "spaces": null, "timeLimitMinutes": 60, "feeYen": 300, "vehicleType": "standard", "operatingHours": [{"startTime": "08:00", "endTime": "20:00"}], "operatingDays": [0, 1, 2, 3, 4, 5, 6], "exclusions": [], "overlappingRegulations": [], "lastUpdated": "2025-10-01", "category": "パーキング・メーター", "restriction1": "", "restriction2": "１月１日〜３日を除く", "supportsTruck": false, "supportsMotorcycle": false, "supportsStandard": true, "supportsSenior": false}, "geometry": {"type": "LineString", "coordinates": [[139.766204341879, 35.6947682894786], [139.766447185061, 35.6941227389923], [139.766441972728, 35.6939902992032], [139.766340163858, 35.6932049661827], [139.766191736594, 35.6923837827471]]}}, {"type": "Feature", "properties": {"id": "13_75", "prefCode": "13", "policeStationCode": "", "name": "パーキング・メーター #75", "spaces": null, "timeLimitMinutes": 60, "feeYen": 300, "vehicleType": "standard", "operatingHours": [{"startTime": "08:00", "endTime": "20:00"}], "operatingDays": [1, 2, 3, 4, 5, 6], "exclusions": ["holidays", "sundays"], "overlappingRegulations": [], "lastUpdated": "2025-10-01", "category": "パーキング・メーター", "restriction1": "日曜・休日を除く", "restriction2": "１月１日〜３日を除く", "supportsTruck": false, "supportsMotorcycle": false, "supportsStandard": true, "supportsSenior": false}, "geometry": {"type": "LineString", "coordinates": [[139.766609026222, 35.6923392178765], [139.766716930623, 35.6928932072706], [139.766892254222, 35.6937872643667], [139.766976873135, 35.6942504127183]]}}, {"type": "Feature", "properties": {"id": "13_76", "prefCode": "13", "policeStationCode": "", "name": "パーキング・メーター #76", "spaces": null, "timeLimitMinutes": 60, "feeYen": 300, "vehicleType": "standard", "operatingHours": [{"startTime": "08:00", "endTime": "20:00"}], "operatingDays": [0, 1, 2, 3, 4, 5, 6], "exclusions": [], "overlappingRegulations": [], "lastUpdated": "2025-10-01", "category": "パーキング・メーター", "restriction1": "", "restriction2": "１月１日〜３日を除く", "supportsTruck": true, "supportsMotorcycle": false, "supportsStandard": true, "supportsSenior": false}, "geometry": {"type": "LineString", "coordinates": [[139.767335341234, 35.6933422110871], [139.766300178966, 35.6934456383838], [139.765274118374, 35.6935515380762]]}}, {"type": "Feature", "properties": {"id": "13_77", "prefCode": "13", "policeStationCode": "", "name": "パーキング・メーター #77", "spaces": null, "timeLimitMinutes": 60, "feeYen": 300, "vehicleType": "standard", "operatingHours": [{"startTime": "08:00", "endTime": "20:00"}], "operatingDays": [0, 1, 2, 3, 4, 5, 6], "exclusions": [], "overlappingRegulations": [], "lastUpdated": "2025-10-01", "category": "パーキング・メーター", "restriction1": "", "restriction2": "１月１日〜３日を除く", "supportsTruck": false, "supportsMotorcycle": false, "supportsStandard": true, "supportsSenior": false}, "geometry": {"type": "LineString", "coordinates": [[139.765440165863, 35.6938985436455], [139.767374364885, 35.694414673789]]}}, {"type": "Feature", "properties": {"id": "13_78", "prefCode": "13", "policeStationCode": "", "name": "パーキング・メーター #78", "spaces": null, "timeLimitMinutes": 60, "feeYen": 300, "vehicleType": "standard", "operatingHours": [{"startTime": "08:00", "endTime": "20:00"}], "operatingDays": [0, 1, 2, 3, 4, 5, 6], "exclusions": [], "overlappingRegulations": [], "lastUpdated": "2025-10-01", "category": "パーキング・メーター", "restriction1": "", "restriction2": "１月１日〜３日を除く", "supportsTruck": true, "supportsMotorcycle": false, "supportsStandard": true, "supportsSenior": false}, "geometry": {"type": "MultiLineString", "coordinates": [[[139.765054163023, 35.6924948753044], [139.767058314002, 35.6922828553413], [139.767666982995, 35.6922361066043], [139.769655321248, 35.6927833757187], [139.771001184616, 35.6931562993613]], [[139.7710517389, 35.6930604722652], [139.769063979431, 35.6925266110732], [139.767525371195, 35.6920959515184], [139.765030719288, 35.6923713297081]], [[139.758848791008, 35.6929005034058], [139.761092733802, 35.6929861184162], [139.762543050718, 35.6927768513916], [139.764825046417, 35.6925110405672]], [[139.764793294369, 35.6924052652591], [139.76311708964, 35.6925918295158], [139.761182583907, 35.6928464114915]], [[139.760963190748, 35.6928562384388], [139.758875247652, 35.6927679773861]]]}}, {"type": "Feature", "properties": {"id": "13_80", "prefCode": "13", "policeStationCode": "", "name": "パーキング・メーター #80", "spaces": null, "timeLimitMinutes": 60, "feeYen": 300, "vehicleType": "standard", "operatingHours": [{"startTime": "07:00", "endTime": "20:00"}], "operatingDays": [0, 1, 2, 3, 4, 5, 6], "exclusions": [], "overlappingRegulations": [], "lastUpdated": "2025-10-01", "category": "パーキング・メーター", "restriction1": "", "restriction2": "１月１日〜３日を除く", "supportsTruck": true, "supportsMotorcycle": false, "supportsStandard": true, "supportsSenior": false}, "geometry": {"type": "MultiLineString", "coordinates": [[[139.776787317791, 35.6965247520926], [139.77735, 35.69651], [139.778721953373, 35.6964858384928], [139.77993, 35.69646]], [[139.77992, 35.69641], [139.77752, 35.69645], [139.77577, 35.69648]]]}}, {"type": "Feature", "properties": {"id": "13_82", "prefCode": "13", "policeStationCode": "", "name": "パーキング・チケット #82", "spaces": null, "timeLimitMinutes": 60, "feeYen": 300, "vehicleType": "standard", "operatingHours": [{"startTime": "07:00", "endTime": "20:00"}], "operatingDays": [0, 1, 2, 3, 4, 5, 6], "exclusions": [], "overlappingRegulations": [], "lastUpdated": "2025-10-01", "category": "パーキング・チケット", "restriction1": "", "restriction2": "１月１日〜３日を除く", "supportsTruck": false, "supportsMotorcycle": false, "supportsStandard": true, "supportsSenior": false}, "geometry": {"type": "LineString", "coordinates": [[139.768797739362, 35.6980384673979], [139.769253754196, 35.6976136740978], [139.769470338161, 35.6974162575561], [139.769522462762, 35.6973304919584], [139.769842434961, 35.6965503071067], [139.769853628653, 35.696398517373], [139.770068685508, 35.6958797601086]]}}, {"type": "Feature", "properties": {"id": "13_83", "prefCode": "13", "policeStationCode": "", "name": "パーキング・チケット #83", "spaces": null, "timeLimitMinutes": 60, "feeYen": 300, "vehicleType": "standard", "operatingHours": [{"startTime": "07:00", "endTime": "20:00"}], "operatingDays": [0, 1, 2, 3, 4, 5, 6], "exclusions": [], "overlappingRegulations": [], "lastUpdated": "2025-10-01", "category": "パーキング・チケット", "restriction1": "", "restriction2": "１月１日〜３日を除く", "supportsTruck": true, "supportsMotorcycle": false, "supportsStandard": true, "supportsSenior": false}, "geometry": {"type": "LineString", "coordinates": [[139.769932804846, 35.695909902834], [139.769754379674, 35.6963677194325], [139.769704772654, 35.6964752748452], [139.769637966373, 35.6966681678559], [139.769632566128, 35.6967796401387]]}}, {"type": "Feature", "properties": {"id": "13_84", "prefCode": "13", "policeStationCode": "", "name": "パーキング・メーター #84", "spaces": null, "timeLimitMinutes": 60, "feeYen": 300, "vehicleType": "standard", "operatingHours": [{"startTime": "07:00", "endTime": "20:00"}], "operatingDays": [0, 1, 2, 3, 4, 5, 6], "exclusions": [], "overlappingRegulations": [], "lastUpdated": "2025-10-01", "category": "パーキング・メーター", "restriction1": "", "restriction2": "１月１日〜３日を除く", "supportsTruck": false, "supportsMotorcycle": false, "supportsStandard": true, "supportsSenior": false}, "geometry": {"type": "LineString", "coordinates": [[139.771596957555, 35.6958942554787], [139.771284019353, 35.6966960756571]]}}, {"type": "Feature", "properties": {"id": "13_85", "prefCode": "13", "policeStationCode": "", "name": "パーキング・メーター #85", "spaces": null, "timeLimitMinutes": 60, "feeYen": 300, "vehicleType": "standard", "operatingHours": [{"startTime": "07:00", "endTime": "20:00"}], "operatingDays": [0, 1, 2, 3, 4, 5, 6], "exclusions": [], "overlappingRegulations": [], "lastUpdated": "2025-10-01", "category": "パーキング・メーター", "restriction1": "", "restriction2": "１月１日〜３日を除く", "supportsTruck": false, "supportsMotorcycle": false, "supportsStandard": true, "supportsSenior": false}, "geometry": {"type": "LineString", "coordinates": [[139.770809146783, 35.6956121112413], [139.771272118722, 35.6944633713956]]}}, {"type": "Feature", "properties": {"id": "13_86", "prefCode": "13", "policeStationCode": "", "name": "パーキング・メーター #86", "spaces": null, "timeLimitMinutes": 60, "feeYen": 300, "vehicleType": "standard", "operatingHours": [{"startTime": "07:00", "endTime": "20:00"}], "operatingDays": [0, 1, 2, 3, 4, 5, 6], "exclusions": [], "overlappingRegulations": [], "lastUpdated": "2025-10-01", "category": "パーキング・メーター", "restriction1": "", "restriction2": "１月１日〜３日を除く", "supportsTruck": false, "supportsMotorcycle": false, "supportsStandard": true, "supportsSenior": false}, "geometry": {"type": "LineString", "coordinates": [[139.774030445424, 35.6939916955889], [139.773604193072, 35.6950605515664], [139.773615761664, 35.6955119351479]]}}, {"type": "Feature", "properties": {"id": "13_87", "prefCode": "13", "policeStationCode": "", "name": "パーキング・メーター #87", "spaces": null, "timeLimitMinutes": 60, "feeYen": 300, "vehicleType": "standard", "operatingHours": [{"startTime": "07:00", "endTime": "20:00"}], "operatingDays": [0, 1, 2, 3, 4, 5, 6], "exclusions": [], "overlappingRegulations": [], "lastUpdated": "2025-10-01", "category": "パーキング・メーター", "restriction1": "", "restriction2": "１月１日〜３日を除く", "supportsTruck": true, "supportsMotorcycle": false, "supportsStandard": true, "supportsSenior": false}, "geometry": {"type": "LineString", "coordinates": [[139.774785432764, 35.695483678129], [139.774653994117, 35.6953394218285], [139.770779139406, 35.694279081906]]}}, {"type": "Feature", "properties": {"id": "13_88", "prefCode": "13", "policeStationCode": "", "name": "パーキング・メーター #88", "spaces": null, "timeLimitMinutes": 60, "feeYen": 300, "vehicleType": "standard", "operatingHours": [{"startTime": "07:00", "endTime": "20:00"}], "operatingDays": [0, 1, 2, 3, 4, 5, 6], "exclusions": [], "overlappingRegulations": [], "lastUpdated": "2025-10-01", "category": "パーキング・メーター", "restriction1": "", "restriction2": "１月１日〜３日を除く", "supportsTruck": false, "supportsMotorcycle": false, "supportsStandard": true, "supportsSenior": false}, "geometry": {"type": "LineString", "coordinates": [[139.769357095252, 35.6925958370434], [139.770163764482, 35.6906043132282]]}}, {"type": "Feature", "properties": {"id": "13_91", "prefCode": "13", "policeStationCode": "", "name": "パーキング・メーター #91", "spaces": null, "timeLimitMinutes": 60, "feeYen": 300, "vehicleType": "standard", "operatingHours": [{"startTime": "09:00", "endTime": "20:00"}], "operatingDays": [0, 1, 2, 3, 4, 5, 6], "exclusions": [], "overlappingRegulations": [], "lastUpdated": "2025-10-01", "category": "パーキング・メーター", "restriction1": "", "restriction2": "１月１日〜３日を除く", "supportsTruck": false, "supportsMotorcycle": false, "supportsStandard": true, "supportsSenior": false}, "geometry": {"type": "LineString", "coordinates": [[139.771598101432, 35.6882583549122], [139.770745043528, 35.6903188419627]]}}, {"type": "Feature", "properties": {"id": "13_92", "prefCode": "13", "policeStationCode": "", "name": "パーキング・メーター #92", "spaces": null, "timeLimitMinutes": 60, "feeYen": 300, "vehicleType": "standard", "operatingHours": [{"startTime": "07:00", "endTime": "20:00"}], "operatingDays": [0, 1, 2, 3, 4, 5, 6], "exclusions": [], "overlappingRegulations": [], "lastUpdated": "2025-10-01", "category": "パーキング・メーター", "restriction1": "", "restriction2": "１月１日〜３日を除く", "supportsTruck": false, "supportsMotorcycle": false, "supportsStandard": true, "supportsSenior": false}, "geometry": {"type": "LineString", "coordinates": [[139.772625906491, 35.6934682141599], [139.77346969003, 35.6913905618388]]}}, {"type": "Feature", "properties": {"id": "13_93", "prefCode": "13", "policeStationCode": "", "name": "パーキング・メーター #93", "spaces": null, "timeLimitMinutes": 60, "feeYen": 300, "vehicleType": "standard", "operatingHours": [{"startTime": "09:00", "endTime": "20:00"}], "operatingDays": [1, 2, 3, 4, 5, 6], "exclusions": ["holidays", "sundays"], "overlappingRegulations": [], "lastUpdated": "2025-10-01", "category": "パーキング・メーター", "restriction1": "日曜・休日を除く", "restriction2": "１月１日〜３日を除く", "supportsTruck": false, "supportsMotorcycle": false, "supportsStandard": true, "supportsSenior": false}, "geometry": {"type": "LineString", "coordinates": [[139.774665436645, 35.6924784026168], [139.774523953038, 35.6927183312483], [139.774084506659, 35.6938640218706]]}}, {"type": "Feature", "properties": {"id": "13_94", "prefCode": "13", "policeStationCode": "", "name": "パーキング・メーター #94", "spaces": null, "timeLimitMinutes": 60, "feeYen": 300, "vehicleType": "standard", "operatingHours": [{"startTime": "09:00", "endTime": "20:00"}], "operatingDays": [1, 2, 3, 4, 5, 6], "exclusions": ["holidays", "sundays"], "overlappingRegulations": [], "lastUpdated": "2025-10-01", "category": "パーキング・メーター", "restriction1": "日曜・休日を除く", "restriction2": "１月１日〜３日を除く", "supportsTruck": false, "supportsMotorcycle": false, "supportsStandard": true, "supportsSenior": false}, "geometry": {"type": "LineString", "coordinates": [[139.774761578773, 35.6929176845491], [139.771675795223, 35.6920372860293]]}}, {"type": "Feature", "properties": {"id": "13_95", "prefCode": "13", "policeStationCode": "", "name": "パーキング・メーター #95", "spaces": null, "timeLimitMinutes": 60, "feeYen": 300, "vehicleType": "standard", "operatingHours": [{"startTime": "09:00", "endTime": "20:00"}], "operatingDays": [1, 2, 3, 4, 5, 6], "exclusions": ["holidays", "sundays"], "overlappingRegulations": [], "lastUpdated": "2025-10-01", "category": "パーキング・メーター", "restriction1": "日曜・休日を除く", "restriction2": "１月１日〜３日を除く", "supportsTruck": false, "supportsMotorcycle": false, "supportsStandard": true, "supportsSenior": false}, "geometry": {"type": "LineString", "coordinates": [[139.773166490042, 35.6920290111319], [139.771835168093, 35.6916367594494]]}}, {"type": "Feature", "properties": {"id": "13_96", "prefCode": "13", "policeStationCode": "", "name": "パーキング・メーター #96", "spaces": null, "timeLimitMinutes": 60, "feeYen": 300, "vehicleType": "standard", "operatingHours": [{"startTime": "07:00", "endTime": "20:00"}], "operatingDays": [0, 1, 2, 3, 4, 5, 6], "exclusions": [], "overlappingRegulations": [], "lastUpdated": "2025-10-01", "category": "パーキング・メーター", "restriction1": "", "restriction2": "１月１日〜３日を除く", "supportsTruck": false, "supportsMotorcycle": false, "supportsStandard": true, "supportsSenior": false}, "geometry": {"type": "LineString", "coordinates": [[139.774833586068, 35.691057568444], [139.772389399825, 35.690268286897]]}}, {"type": "Feature", "properties": {"id": "13_97", "prefCode": "13", "policeStationCode": "", "name": "パーキング・メーター #97", "spaces": null, "timeLimitMinutes": 60, "feeYen": 300, "vehicleType": "standard", "operatingHours": [{"startTime": "07:00", "endTime": "20:00"}], "operatingDays": [0, 1, 2, 3, 4, 5, 6], "exclusions": [], "overlappingRegulations": [], "lastUpdated": "2025-10-01", "category": "パーキング・メーター", "restriction1": "", "restriction2": "１月１日〜３日を除く", "supportsTruck": false, "supportsMotorcycle": false, "supportsStandard": true, "supportsSenior": false}, "geometry": {"type": "LineString", "coordinates": [[139.772208465166, 35.6902032068876], [139.77046266026, 35.6896264111652]]}}, {"type": "Feature", "properties": {"id": "13_98", "prefCode": "13", "policeStationCode": "", "name": "パーキング・メーター #98", "spaces": null, "timeLimitMinutes": 60, "feeYen": 300, "vehicleType": "standard", "operatingHours": [{"startTime": "07:00", "endTime": "20:00"}], "operatingDays": [0, 1, 2, 3, 4, 5, 6], "exclusions": [], "overlappingRegulations": [], "lastUpdated": "2025-10-01", "category": "パーキング・メーター", "restriction1": "", "restriction2": "１月１日〜３日を除く", "supportsTruck": false, "supportsMotorcycle": false, "supportsStandard": true, "supportsSenior": false}, "geometry": {"type": "LineString", "coordinates": [[139.769795712324, 35.69155160098], [139.770163070545, 35.691657743493]]}}, {"type": "Feature", "properties": {"id": "13_99", "prefCode": "13", "policeStationCode": "", "name": "パーキング・メーター #99", "spaces": null, "timeLimitMinutes": 60, "feeYen": 300, "vehicleType": "standard", "operatingHours": [{"startTime": "09:00", "endTime": "19:00"}], "operatingDays": [1, 2, 3, 4, 5, 6], "exclusions": ["holidays", "sundays"], "overlappingRegulations": [], "lastUpdated": "2025-10-01", "category": "パーキング・メーター", "restriction1": "日曜・休日を除く", "restriction2": "１月１日〜３日を除く", "supportsTruck": true, "supportsMotorcycle": false, "supportsStandard": true, "supportsSenior": false}, "geometry": {"type": "LineString", "coordinates": [[139.757422335301, 35.667336735377], [139.756773550629, 35.6661181318152]]}}, {"type": "Feature", "properties": {"id": "13_100", "prefCode": "13", "policeStationCode": "", "name": "パーキング・メーター #100", "spaces": null, "timeLimitMinutes": 60, "feeYen": 300, "vehicleType": "standard", "operatingHours": [{"startTime": "09:00", "endTime": "19:00"}], "operatingDays": [1, 2, 3, 4, 5, 6], "exclusions": ["holidays", "sundays"], "overlappingRegulations": [], "lastUpdated": "2025-10-01", "category": "パーキング・メーター", "restriction1": "日曜・休日を除く", "restriction2": "１月１日〜３日を除く", "supportsTruck": true, "supportsMotorcycle": false, "supportsStandard": true, "supportsSenior": false}, "geometry": {"type": "LineString", "coordinates": [[139.757853412714, 35.6662702507198], [139.757976993512, 35.6657454699467]]}}, {"type": "Feature", "properties": {"id": "13_101", "prefCode": "13", "policeStationCode": "", "name": "パーキング・メーター #101", "spaces": null, "timeLimitMinutes": 60, "feeYen": 300, "vehicleType": "standard", "operatingHours": [{"startTime": "09:00", "endTime": "19:00"}], "operatingDays": [1, 2, 3, 4, 5, 6], "exclusions": ["holidays", "sundays"], "overlappingRegulations": [], "lastUpdated": "2025-10-01", "category": "パーキング・メーター", "restriction1": "日曜・休日を除く", "restriction2": "１月１日〜３日を除く", "supportsTruck": true, "supportsMotorcycle": false, "supportsStandard": true, "supportsSenior": false}, "geometry": {"type": "MultiLineString", "coordinates": [[[139.754346463778, 35.6669393675534], [139.755641436067, 35.6665035701314]], [[139.755617050401, 35.6664553967749], [139.754323417189, 35.6668877827186]]]}}, {"type": "Feature", "properties": {"id": "13_103", "prefCode": "13", "policeStationCode": "", "name": "パーキング・メーター #103", "spaces": null, "timeLimitMinutes": 60, "feeYen": 300, "vehicleType": "standard", "operatingHours": [{"startTime": "09:00", "endTime": "19:00"}], "operatingDays": [1, 2, 3, 4, 5, 6], "exclusions": ["holidays", "sundays"], "overlappingRegulations": [], "lastUpdated": "2025-10-01", "category": "パーキング・メーター", "restriction1": "日曜・休日を除く", "restriction2": "１月１日〜３日を除く", "supportsTruck": true, "supportsMotorcycle": false, "supportsStandard": true, "supportsSenior": false}, "geometry": {"type": "LineString", "coordinates": [[139.751936328981, 35.6701763169547], [139.752455069812, 35.6701912632234], [139.753758662836, 35.6697237388314], [139.755110585778, 35.6692670833534]]}}, {"type": "Feature", "properties": {"id": "13_104", "prefCode": "13", "policeStationCode": "", "name": "パーキング・メーター #104", "spaces": null, "timeLimitMinutes": 60, "feeYen": 300, "vehicleType": "standard", "operatingHours": [{"startTime": "09:00", "endTime": "19:00"}], "operatingDays": [1, 2, 3, 4, 5, 6], "exclusions": ["holidays", "sundays"], "overlappingRegulations": [], "lastUpdated": "2025-10-01", "category": "パーキング・メーター", "restriction1": "日曜・休日を除く", "restriction2": "１月１日〜３日を除く", "supportsTruck": false, "supportsMotorcycle": false, "supportsStandard": true, "supportsSenior": false}, "geometry": {"type": "LineString", "coordinates": [[139.754944088411, 35.6651574859204], [139.753709290373, 35.665554951792]]}}, {"type": "Feature", "properties": {"id": "13_105", "prefCode": "13", "policeStationCode": "", "name": "パーキング・メーター #105", "spaces": null, "timeLimitMinutes": 60, "feeYen": 300, "vehicleType": "standard", "operatingHours": [{"startTime": "09:00", "endTime": "19:00"}], "operatingDays": [1, 2, 3, 4, 5, 6], "exclusions": ["holidays", "sundays"], "overlappingRegulations": [], "lastUpdated": "2025-10-01", "category": "パーキング・メーター", "restriction1": "日曜・休日を除く", "restriction2": "１月１日〜３日を除く", "supportsTruck": false, "supportsMotorcycle": false, "supportsStandard": true, "supportsSenior": false}, "geometry": {"type": "LineString", "coordinates": [[139.757326487493, 35.6631295813942], [139.75594730279, 35.663603040764], [139.754082507278, 35.6642532223155], [139.753235012292, 35.6645253632811]]}}, {"type": "Feature", "properties": {"id": "13_106", "prefCode": "13", "policeStationCode": "", "name": "パーキング・メーター #106", "spaces": null, "timeLimitMinutes": 60, "feeYen": 300, "vehicleType": "standard", "operatingHours": [{"startTime": "09:00", "endTime": "19:00"}], "operatingDays": [1, 2, 3, 4, 5, 6], "exclusions": ["holidays", "sundays"], "overlappingRegulations": [], "lastUpdated": "2025-10-01", "category": "パーキング・メーター", "restriction1": "日曜・休日を除く", "restriction2": "１月１日〜３日を除く", "supportsTruck": false, "supportsMotorcycle": false, "supportsStandard": true, "supportsSenior": false}, "geometry": {"type": "LineString", "coordinates": [[139.752971572743, 35.6639545467322], [139.75415028975, 35.6635624660847]]}}, {"type": "Feature", "properties": {"id": "13_107", "prefCode": "13", "policeStationCode": "", "name": "パーキング・メーター #107", "spaces": null, "timeLimitMinutes": 60, "feeYen": 300, "vehicleType": "standard", "operatingHours": [{"startTime": "09:00", "endTime": "19:00"}], "operatingDays": [1, 2, 3, 4, 5, 6], "exclusions": ["holidays", "sundays"], "overlappingRegulations": [], "lastUpdated": "2025-10-01", "category": "パーキング・メーター", "restriction1": "日曜・休日を除く", "restriction2": "１月１日〜３日を除く", "supportsTruck": false, "supportsMotorcycle": false, "supportsStandard": true, "supportsSenior": false}, "geometry": {"type": "LineString", "coordinates": [[139.75612705758, 35.6616937857321], [139.755593037268, 35.6619930195809], [139.75378245289, 35.6625217625299]]}}, {"type": "Feature", "properties": {"id": "13_108", "prefCode": "13", "policeStationCode": "", "name": "パーキング・メーター #108", "spaces": null, "timeLimitMinutes": 60, "feeYen": 300, "vehicleType": "standard", "operatingHours": [{"startTime": "09:00", "endTime": "19:00"}], "operatingDays": [1, 2, 3, 4, 5, 6], "exclusions": ["holidays", "sundays"], "overlappingRegulations": [], "lastUpdated": "2025-10-01", "category": "パーキング・メーター", "restriction1": "日曜・休日を除く", "restriction2": "１月１日〜３日を除く", "supportsTruck": true, "supportsMotorcycle": false, "supportsStandard": true, "supportsSenior": false}, "geometry": {"type": "LineString", "coordinates": [[139.755645587238, 35.6682102216426], [139.755100550468, 35.6670860011645], [139.754278468666, 35.6654291084747]]}}, {"type": "Feature", "properties": {"id": "13_109", "prefCode": "13", "policeStationCode": "", "name": "パーキング・メーター #109", "spaces": null, "timeLimitMinutes": 60, "feeYen": 300, "vehicleType": "standard", "operatingHours": [{"startTime": "09:00", "endTime": "19:00"}], "operatingDays": [1, 2, 3, 4, 5, 6], "exclusions": ["holidays", "sundays"], "overlappingRegulations": [], "lastUpdated": "2025-10-01", "category": "パーキング・メーター", "restriction1": "日曜・休日を除く", "restriction2": "１月１日〜３日を除く", "supportsTruck": false, "supportsMotorcycle": false, "supportsStandard": true, "supportsSenior": false}, "geometry": {"type": "LineString", "coordinates": [[139.756179144443, 35.6650936508697], [139.755837895709, 35.6644355547839]]}}, {"type": "Feature", "properties": {"id": "13_110", "prefCode": "13", "policeStationCode": "", "name": "パーキング・メーター #110", "spaces": null, "timeLimitMinutes": 60, "feeYen": 300, "vehicleType": "standard", "operatingHours": [{"startTime": "09:00", "endTime": "19:00"}], "operatingDays": [1, 2, 3, 4, 5, 6], "exclusions": ["holidays", "sundays"], "overlappingRegulations": [], "lastUpdated": "2025-10-01", "category": "パーキング・メーター", "restriction1": "日曜・休日を除く", "restriction2": "１月１日〜３日を除く", "supportsTruck": false, "supportsMotorcycle": false, "supportsStandard": true, "supportsSenior": false}, "geometry": {"type": "LineString", "coordinates": [[139.755142610443, 35.6610711589691], [139.75490642105, 35.6611472145308], [139.753363815974, 35.6616192197231]]}}, {"type": "Feature", "properties": {"id": "13_112", "prefCode": "13", "policeStationCode": "", "name": "パーキング・メーター #112", "spaces": null, "timeLimitMinutes": 60, "feeYen": 300, "vehicleType": "standard", "operatingHours": [{"startTime": "09:00", "endTime": "19:00"}], "operatingDays": [1, 2, 3, 4, 5, 6], "exclusions": ["holidays", "sundays"], "overlappingRegulations": [], "lastUpdated": "2025-10-01", "category": "パーキング・メーター", "restriction1": "日曜・休日を除く", "restriction2": "１月１日〜３日を除く", "supportsTruck": true, "supportsMotorcycle": false, "supportsStandard": true, "supportsSenior": false}, "geometry": {"type": "LineString", "coordinates": [[139.753484078734, 35.6688860439574], [139.753194515239, 35.6682764286394], [139.752150423094, 35.6661741106879]]}}, {"type": "Feature", "properties": {"id": "13_115", "prefCode": "13", "policeStationCode": "", "name": "パーキング・メーター #115", "spaces": null, "timeLimitMinutes": 60, "feeYen": 300, "vehicleType": "standard", "operatingHours": [{"startTime": "09:00", "endTime": "19:00"}], "operatingDays": [1, 2, 3, 4, 5, 6], "exclusions": ["holidays", "sundays"], "overlappingRegulations": [], "lastUpdated": "2025-10-01", "category": "パーキング・メーター", "restriction1": "日曜・休日を除く", "restriction2": "１月１日〜３日を除く", "supportsTruck": true, "supportsMotorcycle": false, "supportsStandard": true, "supportsSenior": false}, "geometry": {"type": "MultiLineString", "coordinates": [[[139.750911837702, 35.668077252346], [139.754128309509, 35.6670088085846]], [[139.75410101263, 35.6669476367782], [139.750885134183, 35.6680139740063]]]}}, {"type": "Feature", "properties": {"id": "13_117", "prefCode": "13", "policeStationCode": "", "name": "パーキング・メーター #117", "spaces": null, "timeLimitMinutes": 60, "feeYen": 300, "vehicleType": "standard", "operatingHours": [{"startTime": "09:00", "endTime": "19:00"}], "operatingDays": [1, 2, 3, 4, 5, 6], "exclusions": ["holidays", "sundays"], "overlappingRegulations": [], "lastUpdated": "2025-10-01", "category": "パーキング・メーター", "restriction1": "日曜・休日を除く", "restriction2": "１月１日〜３日を除く", "supportsTruck": true, "supportsMotorcycle": false, "supportsStandard": true, "supportsSenior": false}, "geometry": {"type": "LineString", "coordinates": [[139.757953515191, 35.6644780236358], [139.757495348221, 35.6646585771355], [139.757263534035, 35.6647403851896], [139.755726248968, 35.6652548456724], [139.755192775511, 35.6654237349643]]}}, {"type": "Feature", "properties": {"id": "13_118", "prefCode": "13", "policeStationCode": "", "name": "パーキング・メーター #118", "spaces": null, "timeLimitMinutes": 60, "feeYen": 300, "vehicleType": "standard", "operatingHours": [{"startTime": "08:00", "endTime": "20:00"}], "operatingDays": [0, 1, 2, 3, 4, 5, 6], "exclusions": [], "overlappingRegulations": [], "lastUpdated": "2025-10-01", "category": "パーキング・メーター", "restriction1": "", "restriction2": "１月１日〜３日を除く", "supportsTruck": false, "supportsMotorcycle": false, "supportsStandard": true, "supportsSenior": false}, "geometry": {"type": "LineString", "coordinates": [[139.759677452119, 35.6929409378235], [139.759652122468, 35.6938239435825]]}}, {"type": "Feature", "properties": {"id": "13_119", "prefCode": "13", "policeStationCode": "", "name": "パーキング・メーター #119", "spaces": null, "timeLimitMinutes": 60, "feeYen": 300, "vehicleType": "standard", "operatingHours": [{"startTime": "08:00", "endTime": "20:00"}], "operatingDays": [0, 1, 2, 3, 4, 5, 6], "exclusions": [], "overlappingRegulations": [], "lastUpdated": "2025-10-01", "category": "パーキング・メーター", "restriction1": "", "restriction2": "１月１日〜３日を除く", "supportsTruck": false, "supportsMotorcycle": false, "supportsStandard": true, "supportsSenior": false}, "geometry": {"type": "LineString", "coordinates": [[139.759719477652, 35.6916951654591], [139.759691391158, 35.6927931768155]]}}, {"type": "Feature", "properties": {"id": "13_122", "prefCode": "13", "policeStationCode": "", "name": "パーキング・メーター #122", "spaces": null, "timeLimitMinutes": 60, "feeYen": 300, "vehicleType": "standard", "operatingHours": [{"startTime": "08:00", "endTime": "20:00"}], "operatingDays": [0, 1, 2, 3, 4, 5, 6], "exclusions": [], "overlappingRegulations": [], "lastUpdated": "2025-10-01", "category": "パーキング・メーター", "restriction1": "", "restriction2": "１月１日〜３日を除く", "supportsTruck": true, "supportsMotorcycle": false, "supportsStandard": true, "supportsSenior": false}, "geometry": {"type": "MultiLineString", "coordinates": [[[139.758222706567, 35.6990686658709], [139.7588279948, 35.6984127990889], [139.759390882943, 35.6976034087019], [139.75979109521, 35.6970216851826], [139.759854418466, 35.6969369674053], [139.759950466162, 35.696800463801], [139.760496666595, 35.6961733318072]], [[139.760442871753, 35.6961411989812], [139.760037364648, 35.6966025982574], [139.759900354198, 35.6967690338876], [139.759441237214, 35.6974278964953], [139.758785734811, 35.6983439108125], [139.75873466124, 35.6984319612736], [139.758352271917, 35.6988236823339], [139.758161456996, 35.6990355414463]]]}}, {"type": "Feature", "properties": {"id": "13_124", "prefCode": "13", "policeStationCode": "", "name": "パーキング・メーター #124", "spaces": null, "timeLimitMinutes": 60, "feeYen": 300, "vehicleType": "standard", "operatingHours": [{"startTime": "08:00", "endTime": "20:00"}], "operatingDays": [0, 1, 2, 3, 4, 5, 6], "exclusions": [], "overlappingRegulations": [], "lastUpdated": "2025-10-01", "category": "パーキング・メーター", "restriction1": "", "restriction2": "１月１日〜３日を除く", "supportsTruck": true, "supportsMotorcycle": false, "supportsStandard": true, "supportsSenior": false}, "geometry": {"type": "LineString", "coordinates": [[139.756547836886, 35.7013740617953], [139.755854825146, 35.701552709457], [139.755578270992, 35.701610303183], [139.755487633184, 35.7016124848838]]}}, {"type": "Feature", "properties": {"id": "13_125", "prefCode": "13", "policeStationCode": "", "name": "パーキング・メーター #125", "spaces": null, "timeLimitMinutes": 60, "feeYen": 300, "vehicleType": "standard", "operatingHours": [{"startTime": "08:00", "endTime": "20:00"}], "operatingDays": [0, 1, 2, 3, 4, 5, 6], "exclusions": [], "overlappingRegulations": [], "lastUpdated": "2025-10-01", "category": "パーキング・メーター", "restriction1": "", "restriction2": "１月１日〜３日を除く", "supportsTruck": false, "supportsMotorcycle": false, "supportsStandard": true, "supportsSenior": false}, "geometry": {"type": "LineString", "coordinates": [[139.755675641379, 35.7009863851236], [139.756561570594, 35.7012890499315]]}}, {"type": "Feature", "properties": {"id": "13_126", "prefCode": "13", "policeStationCode": "", "name": "パーキング・メーター #126", "spaces": null, "timeLimitMinutes": 60, "feeYen": 300, "vehicleType": "standard", "operatingHours": [{"startTime": "08:00", "endTime": "20:00"}], "operatingDays": [0, 1, 2, 3, 4, 5, 6], "exclusions": [], "overlappingRegulations": [], "lastUpdated": "2025-10-01", "category": "パーキング・メーター", "restriction1": "", "restriction2": "１月１日〜３日を除く", "supportsTruck": false, "supportsMotorcycle": false, "supportsStandard": true, "supportsSenior": false}, "geometry": {"type": "LineString", "coordinates": [[139.756578940639, 35.6991650082663], [139.75708955668, 35.6993626998223], [139.757525123145, 35.6996663827121]]}}, {"type": "Feature", "properties": {"id": "13_127", "prefCode": "13", "policeStationCode": "", "name": "パーキング・メーター #127", "spaces": null, "timeLimitMinutes": 60, "feeYen": 300, "vehicleType": "standard", "operatingHours": [{"startTime": "08:00", "endTime": "20:00"}], "operatingDays": [0, 1, 2, 3, 4, 5, 6], "exclusions": [], "overlappingRegulations": [], "lastUpdated": "2025-10-01", "category": "パーキング・メーター", "restriction1": "", "restriction2": "１月１日〜３日を除く", "supportsTruck": true, "supportsMotorcycle": false, "supportsStandard": true, "supportsSenior": false}, "geometry": {"type": "LineString", "coordinates": [[139.761828394621, 35.6967951418804], [139.762826961509, 35.69641325612], [139.762904545173, 35.6963720175403], [139.763363774064, 35.6962279239024], [139.764468827658, 35.6961599779069], [139.764886493035, 35.6961386907168]]}}, {"type": "Feature", "properties": {"id": "13_128", "prefCode": "13", "policeStationCode": "", "name": "パーキング・メーター #128", "spaces": null, "timeLimitMinutes": 60, "feeYen": 300, "vehicleType": "standard", "operatingHours": [{"startTime": "08:00", "endTime": "20:00"}], "operatingDays": [0, 1, 2, 3, 4, 5, 6], "exclusions": [], "overlappingRegulations": [], "lastUpdated": "2025-10-01", "category": "パーキング・メーター", "restriction1": "", "restriction2": "１月１日〜３日を除く", "supportsTruck": true, "supportsMotorcycle": false, "supportsStandard": true, "supportsSenior": false}, "geometry": {"type": "LineString", "coordinates": [[139.76367167639, 35.6972410679593], [139.762314872734, 35.6977391883282]]}}, {"type": "Feature", "properties": {"id": "13_129", "prefCode": "13", "policeStationCode": "", "name": "パーキング・メーター #129", "spaces": null, "timeLimitMinutes": 60, "feeYen": 300, "vehicleType": "standard", "operatingHours": [{"startTime": "08:00", "endTime": "20:00"}], "operatingDays": [0, 1, 2, 3, 4, 5, 6], "exclusions": [], "overlappingRegulations": [], "lastUpdated": "2025-10-01", "category": "パーキング・メーター", "restriction1": "", "restriction2": "１月１日〜３日を除く", "supportsTruck": true, "supportsMotorcycle": false, "supportsStandard": true, "supportsSenior": false}, "geometry": {"type": "LineString", "coordinates": [[139.763479559073, 35.6944925295154], [139.763366651588, 35.6961960852686]]}}, {"type": "Feature", "properties": {"id": "13_130", "prefCode": "13", "policeStationCode": "", "name": "パーキング・メーター #130", "spaces": null, "timeLimitMinutes": 60, "feeYen": 300, "vehicleType": "standard", "operatingHours": [{"startTime": "08:00", "endTime": "20:00"}], "operatingDays": [0, 1, 2, 3, 4, 5, 6], "exclusions": [], "overlappingRegulations": [], "lastUpdated": "2025-10-01", "category": "パーキング・メーター", "restriction1": "", "restriction2": "１月１日〜３日を除く", "supportsTruck": true, "supportsMotorcycle": false, "supportsStandard": true, "supportsSenior": false}, "geometry": {"type": "LineString", "coordinates": [[139.763455678411, 35.6948418621774], [139.763424333458, 35.6948993036653], [139.761669774593, 35.6962832560968]]}}, {"type": "Feature", "properties": {"id": "13_131", "prefCode": "13", "policeStationCode": "", "name": "パーキング・メーター #131", "spaces": null, "timeLimitMinutes": 60, "feeYen": 300, "vehicleType": "standard", "operatingHours": [{"startTime": "09:00", "endTime": "19:00"}], "operatingDays": [1, 2, 3, 4, 5, 6], "exclusions": ["holidays", "sundays"], "overlappingRegulations": [], "lastUpdated": "2025-10-01", "category": "パーキング・メーター", "restriction1": "日曜・休日を除く", "restriction2": "１月１日〜３日を除く", "supportsTruck": false, "supportsMotorcycle": false, "supportsStandard": true, "supportsSenior": false}, "geometry": {"type": "LineString", "coordinates": [[139.747323993479, 35.664686174398], [139.748273127139, 35.666506936735]]}}, {"type": "Feature", "properties": {"id": "13_132", "prefCode": "13", "policeStationCode": "", "name": "パーキング・メーター #132", "spaces": null, "timeLimitMinutes": 60, "feeYen": 300, "vehicleType": "standard", "operatingHours": [{"startTime": "09:00", "endTime": "19:00"}], "operatingDays": [1, 2, 3, 4, 5, 6], "exclusions": ["holidays", "sundays"], "overlappingRegulations": [], "lastUpdated": "2025-10-01", "category": "パーキング・メーター", "restriction1": "日曜・休日を除く", "restriction2": "１月１日〜３日を除く", "supportsTruck": true, "supportsMotorcycle": false, "supportsStandard": true, "supportsSenior": false}, "geometry": {"type": "LineString", "coordinates": [[139.753498646784, 35.6656306408555], [139.750314628114, 35.6666986252532]]}}, {"type": "Feature", "properties": {"id": "13_133", "prefCode": "13", "policeStationCode": "", "name": "パーキング・メーター #133", "spaces": null, "timeLimitMinutes": 60, "feeYen": 300, "vehicleType": "standard", "operatingHours": [{"startTime": "09:00", "endTime": "19:00"}], "operatingDays": [1, 2, 3, 4, 5, 6], "exclusions": ["holidays", "sundays"], "overlappingRegulations": [], "lastUpdated": "2025-10-01", "category": "パーキング・メーター", "restriction1": "日曜・休日を除く", "restriction2": "１月１日〜３日を除く", "supportsTruck": false, "supportsMotorcycle": false, "supportsStandard": true, "supportsSenior": false}, "geometry": {"type": "LineString", "coordinates": [[139.749981997658, 35.6656488607464], [139.750690768172, 35.665410092481], [139.752167916576, 35.664929059545], [139.75300965689, 35.6646582337633]]}}, {"type": "Feature", "properties": {"id": "13_134", "prefCode": "13", "policeStationCode": "", "name": "パーキング・メーター #134", "spaces": null, "timeLimitMinutes": 60, "feeYen": 300, "vehicleType": "standard", "operatingHours": [{"startTime": "08:00", "endTime": "20:00"}], "operatingDays": [0, 1, 2, 3, 4, 5, 6], "exclusions": [], "overlappingRegulations": [], "lastUpdated": "2025-10-01", "category": "パーキング・メーター", "restriction1": "", "restriction2": "１月１日〜３日を除く", "supportsTruck": true, "supportsMotorcycle": false, "supportsStandard": true, "supportsSenior": false}, "geometry": {"type": "LineString", "coordinates": [[139.755074248094, 35.6962334794864], [139.754411116061, 35.6974631803654], [139.754363656958, 35.6976613322055], [139.754281487504, 35.6978209427452], [139.754196735263, 35.6979377232794], [139.754004871403, 35.6982747506963], [139.7534741759, 35.6992621132324], [139.752894444102, 35.7003031704056], [139.75207219262, 35.7018136050912]]}}, {"type": "Feature", "properties": {"id": "13_135", "prefCode": "13", "policeStationCode": "", "name": "パーキング・メーター #135", "spaces": null, "timeLimitMinutes": 60, "feeYen": 300, "vehicleType": "standard", "operatingHours": [{"startTime": "08:00", "endTime": "20:00"}], "operatingDays": [0, 1, 2, 3, 4, 5, 6], "exclusions": [], "overlappingRegulations": [], "lastUpdated": "2025-10-01", "category": "パーキング・メーター", "restriction1": "", "restriction2": "１月１日〜３日を除く", "supportsTruck": false, "supportsMotorcycle": false, "supportsStandard": true, "supportsSenior": false}, "geometry": {"type": "LineString", "coordinates": [[139.758460284794, 35.6937810245028], [139.75621816953, 35.6935593548795]]}}, {"type": "Feature", "properties": {"id": "13_136", "prefCode": "13", "policeStationCode": "", "name": "パーキング・メーター #136", "spaces": null, "timeLimitMinutes": 60, "feeYen": 300, "vehicleType": "standard", "operatingHours": [{"startTime": "08:00", "endTime": "20:00"}], "operatingDays": [0, 1, 2, 3, 4, 5, 6], "exclusions": [], "overlappingRegulations": [], "lastUpdated": "2025-10-01", "category": "パーキング・メーター", "restriction1": "", "restriction2": "１月１日〜３日を除く", "supportsTruck": false, "supportsMotorcycle": false, "supportsStandard": true, "supportsSenior": false}, "geometry": {"type": "LineString", "coordinates": [[139.755864217107, 35.6948615084908], [139.758188719952, 35.6949330986109]]}}, {"type": "Feature", "properties": {"id": "13_137", "prefCode": "13", "policeStationCode": "", "name": "パーキング・メーター #137", "spaces": null, "timeLimitMinutes": 60, "feeYen": 300, "vehicleType": "standard", "operatingHours": [{"startTime": "08:00", "endTime": "20:00"}], "operatingDays": [1, 2, 3, 4, 5, 6], "exclusions": ["holidays", "sundays"], "overlappingRegulations": [], "lastUpdated": "2025-10-01", "category": "パーキング・メーター", "restriction1": "日曜・休日を除く", "restriction2": "１月１日〜３日を除く", "supportsTruck": false, "supportsMotorcycle": false, "supportsStandard": true, "supportsSenior": false}, "geometry": {"type": "LineString", "coordinates": [[139.757774805553, 35.6964823095223], [139.755169905387, 35.6964143731196]]}}, {"type": "Feature", "properties": {"id": "13_138", "prefCode": "13", "policeStationCode": "", "name": "パーキング・メーター #138", "spaces": null, "timeLimitMinutes": 60, "feeYen": 300, "vehicleType": "standard", "operatingHours": [{"startTime": "08:00", "endTime": "20:00"}], "operatingDays": [0, 1, 2, 3, 4, 5, 6], "exclusions": [], "overlappingRegulations": [], "lastUpdated": "2025-10-01", "category": "パーキング・メーター", "restriction1": "", "restriction2": "１月１日〜３日を除く", "supportsTruck": true, "supportsMotorcycle": false, "supportsStandard": true, "supportsSenior": false}, "geometry": {"type": "LineString", "coordinates": [[139.752960771271, 35.6958160759275], [139.752876146791, 35.6960397752334], [139.752840599681, 35.6963672567476], [139.752776425756, 35.6968434947581], [139.752726806644, 35.6969674667989], [139.752595792527, 35.6977038685882]]}}, {"type": "Feature", "properties": {"id": "13_139", "prefCode": "13", "policeStationCode": "", "name": "パーキング・メーター #139", "spaces": null, "timeLimitMinutes": 60, "feeYen": 300, "vehicleType": "standard", "operatingHours": [{"startTime": "08:00", "endTime": "20:00"}], "operatingDays": [1, 2, 3, 4, 5, 6], "exclusions": ["holidays", "sundays"], "overlappingRegulations": [], "lastUpdated": "2025-10-01", "category": "パーキング・メーター", "restriction1": "日曜・休日を除く", "restriction2": "１月１日〜３日を除く", "supportsTruck": true, "supportsMotorcycle": false, "supportsStandard": true, "supportsSenior": false}, "geometry": {"type": "LineString", "coordinates": [[139.756711100076, 35.6984858209574], [139.755667206906, 35.698052212246], [139.754532525871, 35.6975838156215]]}}, {"type": "Feature", "properties": {"id": "13_140", "prefCode": "13", "policeStationCode": "", "name": "パーキング・メーター #140", "spaces": null, "timeLimitMinutes": 60, "feeYen": 300, "vehicleType": "standard", "operatingHours": [{"startTime": "08:00", "endTime": "20:00"}], "operatingDays": [0, 1, 2, 3, 4, 5, 6], "exclusions": [], "overlappingRegulations": [], "lastUpdated": "2025-10-01", "category": "パーキング・メーター", "restriction1": "", "restriction2": "１月１日〜３日を除く", "supportsTruck": false, "supportsMotorcycle": false, "supportsStandard": true, "supportsSenior": false}, "geometry": {"type": "LineString", "coordinates": [[139.755989877193, 35.699762712064], [139.753680118403, 35.6991497524763]]}}, {"type": "Feature", "properties": {"id": "13_141", "prefCode": "13", "policeStationCode": "", "name": "パーキング・メーター #141", "spaces": null, "timeLimitMinutes": 60, "feeYen": 300, "vehicleType": "standard", "operatingHours": [{"startTime": "08:00", "endTime": "20:00"}], "operatingDays": [0, 1, 2, 3, 4, 5, 6], "exclusions": [], "overlappingRegulations": [], "lastUpdated": "2025-10-01", "category": "パーキング・メーター", "restriction1": "", "restriction2": "１月１日〜３日を除く", "supportsTruck": true, "supportsMotorcycle": false, "supportsStandard": true, "supportsSenior": false}, "geometry": {"type": "LineString", "coordinates": [[139.75524425166, 35.69962398446], [139.754943955626, 35.7001757346172], [139.754475706015, 35.7010957226681], [139.75408253266, 35.7018283072179]]}}, {"type": "Feature", "properties": {"id": "13_142", "prefCode": "13", "policeStationCode": "", "name": "パーキング・メーター #142", "spaces": null, "timeLimitMinutes": 60, "feeYen": 300, "vehicleType": "standard", "operatingHours": [{"startTime": "08:00", "endTime": "20:00"}], "operatingDays": [0, 1, 2, 3, 4, 5, 6], "exclusions": [], "overlappingRegulations": [], "lastUpdated": "2025-10-01", "category": "パーキング・メーター", "restriction1": "", "restriction2": "１月１日〜３日を除く", "supportsTruck": false, "supportsMotorcycle": false, "supportsStandard": true, "supportsSenior": false}, "geometry": {"type": "LineString", "coordinates": [[139.753156254703, 35.7001134476742], [139.75461697263, 35.7006239305178], [139.755405951125, 35.7009049746351]]}}, {"type": "Feature", "properties": {"id": "13_143", "prefCode": "13", "policeStationCode": "", "name": "パーキング・メーター #143", "spaces": null, "timeLimitMinutes": 60, "feeYen": 300, "vehicleType": "standard", "operatingHours": [{"startTime": "08:00", "endTime": "20:00"}], "operatingDays": [0, 1, 2, 3, 4, 5, 6], "exclusions": [], "overlappingRegulations": [], "lastUpdated": "2025-10-01", "category": "パーキング・メーター", "restriction1": "", "restriction2": "１月１日〜３日を除く", "supportsTruck": false, "supportsMotorcycle": false, "supportsStandard": true, "supportsSenior": false}, "geometry": {"type": "LineString", "coordinates": [[139.752321413191, 35.7017818287128], [139.754388826636, 35.7011223663287]]}}, {"type": "Feature", "properties": {"id": "13_144", "prefCode": "13", "policeStationCode": "", "name": "パーキング・メーター #144", "spaces": null, "timeLimitMinutes": 60, "feeYen": 300, "vehicleType": "standard", "operatingHours": [{"startTime": "08:00", "endTime": "20:00"}], "operatingDays": [1, 2, 3, 4, 5, 6], "exclusions": ["holidays", "sundays"], "overlappingRegulations": [], "lastUpdated": "2025-10-01", "category": "パーキング・メーター", "restriction1": "日曜・休日を除く", "restriction2": "１月１日〜３日を除く", "supportsTruck": false, "supportsMotorcycle": false, "supportsStandard": true, "supportsSenior": false}, "geometry": {"type": "LineString", "coordinates": [[139.751920987698, 35.7023158521078], [139.752738319701, 35.7022508841007], [139.753721328451, 35.7021760371844], [139.753905883149, 35.702153037363], [139.753971919845, 35.7021301082158]]}}, {"type": "Feature", "properties": {"id": "13_145", "prefCode": "13", "policeStationCode": "", "name": "パーキング・メーター #145", "spaces": null, "timeLimitMinutes": 60, "feeYen": 300, "vehicleType": "standard", "operatingHours": [{"startTime": "08:00", "endTime": "20:00"}], "operatingDays": [0, 1, 2, 3, 4, 5, 6], "exclusions": [], "overlappingRegulations": [], "lastUpdated": "2025-10-01", "category": "パーキング・メーター", "restriction1": "", "restriction2": "１月１日〜３日を除く", "supportsTruck": false, "supportsMotorcycle": false, "supportsStandard": true, "supportsSenior": false}, "geometry": {"type": "LineString", "coordinates": [[139.753038012086, 35.7000240058846], [139.752148194148, 35.699711853291]]}}, {"type": "Feature", "properties": {"id": "13_146", "prefCode": "13", "policeStationCode": "", "name": "パーキング・メーター #146", "spaces": null, "timeLimitMinutes": 60, "feeYen": 300, "vehicleType": "standard", "operatingHours": [{"startTime": "08:00", "endTime": "20:00"}], "operatingDays": [0, 1, 2, 3, 4, 5, 6], "exclusions": [], "overlappingRegulations": [], "lastUpdated": "2025-10-01", "category": "パーキング・メーター", "restriction1": "", "restriction2": "１月１日〜３日を除く", "supportsTruck": true, "supportsMotorcycle": false, "supportsStandard": true, "supportsSenior": false}, "geometry": {"type": "MultiLineString", "coordinates": [[[139.753105716009, 35.6978562371288], [139.754127673805, 35.6977028541125]], [[139.754135442496, 35.6975621539684], [139.753114284025, 35.6977219047801]]]}}, {"type": "Feature", "properties": {"id": "13_148", "prefCode": "13", "policeStationCode": "", "name": "パーキング・メーター #148", "spaces": null, "timeLimitMinutes": 60, "feeYen": 300, "vehicleType": "standard", "operatingHours": [{"startTime": "08:00", "endTime": "20:00"}], "operatingDays": [0, 1, 2, 3, 4, 5, 6], "exclusions": [], "overlappingRegulations": [], "lastUpdated": "2025-10-01", "category": "パーキング・メーター", "restriction1": "", "restriction2": "１月１日〜３日を除く", "supportsTruck": false, "supportsMotorcycle": false, "supportsStandard": true, "supportsSenior": false}, "geometry": {"type": "LineString", "coordinates": [[139.761733031701, 35.69128985913], [139.764471997782, 35.6909313458405]]}}, {"type": "Feature", "properties": {"id": "13_149", "prefCode": "13", "policeStationCode": "", "name": "パーキング・メーター #149", "spaces": null, "timeLimitMinutes": 60, "feeYen": 300, "vehicleType": "standard", "operatingHours": [{"startTime": "08:00", "endTime": "20:00"}], "operatingDays": [0, 1, 2, 3, 4, 5, 6], "exclusions": [], "overlappingRegulations": [], "lastUpdated": "2025-10-01", "category": "パーキング・メーター", "restriction1": "", "restriction2": "１月１日〜３日を除く", "supportsTruck": false, "supportsMotorcycle": false, "supportsStandard": true, "supportsSenior": false}, "geometry": {"type": "MultiLineString", "coordinates": [[[139.763871921518, 35.6937382261442], [139.763917052239, 35.6942449917686]], [[139.763675593899, 35.692654034398], [139.763856123902, 35.6936796652337]]]}}, {"type": "Feature", "properties": {"id": "13_150", "prefCode": "13", "policeStationCode": "", "name": "パーキング・メーター #150", "spaces": null, "timeLimitMinutes": 60, "feeYen": 300, "vehicleType": "standard", "operatingHours": [{"startTime": "08:00", "endTime": "20:00"}], "operatingDays": [0, 1, 2, 3, 4, 5, 6], "exclusions": [], "overlappingRegulations": [], "lastUpdated": "2025-10-01", "category": "パーキング・メーター", "restriction1": "", "restriction2": "１月１日〜３日を除く", "supportsTruck": true, "supportsMotorcycle": false, "supportsStandard": true, "supportsSenior": false}, "geometry": {"type": "LineString", "coordinates": [[139.763685669012, 35.6925196356458], [139.763295936787, 35.69049640004]]}}, {"type": "Feature", "properties": {"id": "13_151", "prefCode": "13", "policeStationCode": "", "name": "パーキング・メーター #151", "spaces": null, "timeLimitMinutes": 60, "feeYen": 300, "vehicleType": "standard", "operatingHours": [{"startTime": "08:00", "endTime": "20:00"}], "operatingDays": [0, 1, 2, 3, 4, 5, 6], "exclusions": [], "overlappingRegulations": [], "lastUpdated": "2025-10-01", "category": "パーキング・メーター", "restriction1": "", "restriction2": "１月１日〜３日を除く", "supportsTruck": true, "supportsMotorcycle": false, "supportsStandard": true, "supportsSenior": false}, "geometry": {"type": "LineString", "coordinates": [[139.765007537383, 35.693572402132], [139.763910186784, 35.6936832943843], [139.762783512621, 35.6938000846807], [139.761245771047, 35.6938364112206]]}}, {"type": "Feature", "properties": {"id": "13_153", "prefCode": "13", "policeStationCode": "", "name": "パーキング・メーター #153", "spaces": null, "timeLimitMinutes": 60, "feeYen": 300, "vehicleType": "standard", "operatingHours": [{"startTime": "08:00", "endTime": "20:00"}], "operatingDays": [0, 1, 2, 3, 4, 5, 6], "exclusions": [], "overlappingRegulations": [], "lastUpdated": "2025-10-01", "category": "パーキング・メーター", "restriction1": "", "restriction2": "１月１日〜３日を除く", "supportsTruck": false, "supportsMotorcycle": false, "supportsStandard": true, "supportsSenior": false}, "geometry": {"type": "LineString", "coordinates": [[139.762136965751, 35.6907775319762], [139.762511346391, 35.6926624126164]]}}, {"type": "Feature", "properties": {"id": "13_154", "prefCode": "13", "policeStationCode": "", "name": "パーキング・メーター #154", "spaces": null, "timeLimitMinutes": 60, "feeYen": 300, "vehicleType": "standard", "operatingHours": [{"startTime": "08:00", "endTime": "20:00"}], "operatingDays": [1, 2, 3, 4, 5, 6], "exclusions": ["holidays", "sundays"], "overlappingRegulations": [], "lastUpdated": "2025-10-01", "category": "パーキング・メーター", "restriction1": "日曜・休日を除く", "restriction2": "１月１日〜３日を除く", "supportsTruck": false, "supportsMotorcycle": false, "supportsStandard": true, "supportsSenior": false}, "geometry": {"type": "LineString", "coordinates": [[139.766210218786, 35.6955008755566], [139.766634281375, 35.6962810039873]]}}, {"type": "Feature", "properties": {"id": "13_155", "prefCode": "13", "policeStationCode": "", "name": "パーキング・メーター #155", "spaces": null, "timeLimitMinutes": 60, "feeYen": 300, "vehicleType": "standard", "operatingHours": [{"startTime": "08:00", "endTime": "20:00"}], "operatingDays": [1, 2, 3, 4, 5, 6], "exclusions": ["holidays", "sundays"], "overlappingRegulations": [], "lastUpdated": "2025-10-01", "category": "パーキング・メーター", "restriction1": "日曜・休日を除く", "restriction2": "１月１日〜３日を除く", "supportsTruck": false, "supportsMotorcycle": false, "supportsStandard": true, "supportsSenior": false}, "geometry": {"type": "LineString", "coordinates": [[139.765321661723, 35.6951045630972], [139.767382124138, 35.6959203874509]]}}, {"type": "Feature", "properties": {"id": "13_156", "prefCode": "13", "policeStationCode": "", "name": "パーキング・メーター #156", "spaces": null, "timeLimitMinutes": 60, "feeYen": 300, "vehicleType": "standard", "operatingHours": [{"startTime": "08:00", "endTime": "20:00"}], "operatingDays": [1, 2, 3, 4, 5, 6], "exclusions": ["holidays", "sundays"], "overlappingRegulations": [], "lastUpdated": "2025-10-01", "category": "パーキング・メーター", "restriction1": "日曜・休日を除く", "restriction2": "１月１日〜３日を除く", "supportsTruck": false, "supportsMotorcycle": false, "supportsStandard": true, "supportsSenior": false}, "geometry": {"type": "LineString", "coordinates": [[139.766452984791, 35.6951073121499], [139.766258434315, 35.6954365417743]]}}, {"type": "Feature", "properties": {"id": "13_157", "prefCode": "13", "policeStationCode": "", "name": "パーキング・メーター #157", "spaces": null, "timeLimitMinutes": 60, "feeYen": 300, "vehicleType": "standard", "operatingHours": [{"startTime": "09:00", "endTime": "19:00"}], "operatingDays": [0, 1, 2, 3, 4, 5, 6], "exclusions": [], "overlappingRegulations": [], "lastUpdated": "2025-10-01", "category": "パーキング・メーター", "restriction1": "", "restriction2": "１月１日〜３日を除く", "supportsTruck": false, "supportsMotorcycle": false, "supportsStandard": true, "supportsSenior": false}, "geometry": {"type": "LineString", "coordinates": [[139.770429332459, 35.6981052132926], [139.770464500782, 35.6983253742892], [139.77052533567, 35.6988125162194], [139.770590219081, 35.6993189529249], [139.770615681914, 35.6996546287389]]}}, {"type": "Feature", "properties": {"id": "13_158", "prefCode": "13", "policeStationCode": "", "name": "パーキング・メーター #158", "spaces": null, "timeLimitMinutes": 60, "feeYen": 300, "vehicleType": "standard", "operatingHours": [{"startTime": "09:00", "endTime": "19:00"}], "operatingDays": [0, 1, 2, 3, 4, 5, 6], "exclusions": [], "overlappingRegulations": [], "lastUpdated": "2025-10-01", "category": "パーキング・メーター", "restriction1": "", "restriction2": "１月１日〜３日を除く", "supportsTruck": false, "supportsMotorcycle": false, "supportsStandard": true, "supportsSenior": false}, "geometry": {"type": "LineString", "coordinates": [[139.769709710697, 35.699720192798], [139.769654648789, 35.6993897237711], [139.769579700635, 35.698748053355]]}}, {"type": "Feature", "properties": {"id": "13_159", "prefCode": "13", "policeStationCode": "", "name": "パーキング・メーター #159", "spaces": null, "timeLimitMinutes": 60, "feeYen": 300, "vehicleType": "standard", "operatingHours": [{"startTime": "09:00", "endTime": "19:00"}], "operatingDays": [0, 1, 2, 3, 4, 5, 6], "exclusions": [], "overlappingRegulations": [], "lastUpdated": "2025-10-01", "category": "パーキング・メーター", "restriction1": "", "restriction2": "１月１日〜３日を除く", "supportsTruck": false, "supportsMotorcycle": false, "supportsStandard": true, "supportsSenior": false}, "geometry": {"type": "LineString", "coordinates": [[139.769584943648, 35.6985830035738], [139.770457280061, 35.6985057740199], [139.771130610767, 35.6984531408563]]}}, {"type": "Feature", "properties": {"id": "13_160", "prefCode": "13", "policeStationCode": "", "name": "パーキング・メーター #160", "spaces": null, "timeLimitMinutes": 60, "feeYen": 300, "vehicleType": "standard", "operatingHours": [{"startTime": "09:00", "endTime": "19:00"}], "operatingDays": [0, 1, 2, 3, 4, 5, 6], "exclusions": [], "overlappingRegulations": [], "lastUpdated": "2025-10-01", "category": "パーキング・メーター", "restriction1": "", "restriction2": "１月１日〜３日を除く", "supportsTruck": false, "supportsMotorcycle": false, "supportsStandard": true, "supportsSenior": false}, "geometry": {"type": "LineString", "coordinates": [[139.769239042028, 35.6994713700989], [139.769620962637, 35.6994337554994], [139.769675022174, 35.6994145214738], [139.770581022457, 35.6993477918623]]}}, {"type": "Feature", "properties": {"id": "13_164", "prefCode": "13", "policeStationCode": "", "name": "パーキング・メーター #164", "spaces": null, "timeLimitMinutes": 60, "feeYen": 300, "vehicleType": "standard", "operatingHours": [{"startTime": "07:00", "endTime": "20:00"}], "operatingDays": [0, 1, 2, 3, 4, 5, 6], "exclusions": [], "overlappingRegulations": [], "lastUpdated": "2025-10-01", "category": "パーキング・メーター", "restriction1": "", "restriction2": "１月１日〜３日を除く", "supportsTruck": false, "supportsMotorcycle": false, "supportsStandard": true, "supportsSenior": false}, "geometry": {"type": "LineString", "coordinates": [[139.779897951499, 35.6959528273633], [139.778434650782, 35.6960075728485]]}}, {"type": "Feature", "properties": {"id": "13_166", "prefCode": "13", "policeStationCode": "", "name": "パーキング・メーター #166", "spaces": null, "timeLimitMinutes": 60, "feeYen": 300, "vehicleType": "standard", "operatingHours": [{"startTime": "07:00", "endTime": "20:00"}], "operatingDays": [0, 1, 2, 3, 4, 5, 6], "exclusions": [], "overlappingRegulations": [], "lastUpdated": "2025-10-01", "category": "パーキング・メーター", "restriction1": "", "restriction2": "１月１日〜３日を除く", "supportsTruck": false, "supportsMotorcycle": false, "supportsStandard": true, "supportsSenior": false}, "geometry": {"type": "LineString", "coordinates": [[139.783699924047, 35.6951760686858], [139.783846670013, 35.6958537978706]]}}, {"type": "Feature", "properties": {"id": "13_170", "prefCode": "13", "policeStationCode": "", "name": "パーキング・メーター #170", "spaces": null, "timeLimitMinutes": 60, "feeYen": 300, "vehicleType": "standard", "operatingHours": [{"startTime": "07:00", "endTime": "20:00"}], "operatingDays": [0, 1, 2, 3, 4, 5, 6], "exclusions": [], "overlappingRegulations": [], "lastUpdated": "2025-10-01", "category": "パーキング・メーター", "restriction1": "", "restriction2": "１月１日〜３日を除く", "supportsTruck": false, "supportsMotorcycle": false, "supportsStandard": true, "supportsSenior": false}, "geometry": {"type": "LineString", "coordinates": [[139.778330101135, 35.6917870695499], [139.778930627986, 35.6910932355694]]}}, {"type": "Feature", "properties": {"id": "13_171", "prefCode": "13", "policeStationCode": "", "name": "パーキング・メーター #171", "spaces": null, "timeLimitMinutes": 60, "feeYen": 300, "vehicleType": "standard", "operatingHours": [{"startTime": "07:00", "endTime": "20:00"}], "operatingDays": [0, 1, 2, 3, 4, 5, 6], "exclusions": [], "overlappingRegulations": [], "lastUpdated": "2025-10-01", "category": "パーキング・メーター", "restriction1": "", "restriction2": "１月１日〜３日を除く", "supportsTruck": false, "supportsMotorcycle": false, "supportsStandard": true, "supportsSenior": false}, "geometry": {"type": "LineString", "coordinates": [[139.77739287265, 35.6919889199417], [139.776408166524, 35.6915982661611], [139.775166012273, 35.6911977019791]]}}, {"type": "Feature", "properties": {"id": "13_172", "prefCode": "13", "policeStationCode": "", "name": "パーキング・メーター #172", "spaces": null, "timeLimitMinutes": 60, "feeYen": 300, "vehicleType": "standard", "operatingHours": [{"startTime": "07:00", "endTime": "20:00"}], "operatingDays": [0, 1, 2, 3, 4, 5, 6], "exclusions": [], "overlappingRegulations": [], "lastUpdated": "2025-10-01", "category": "パーキング・メーター", "restriction1": "", "restriction2": "１月１日〜３日を除く", "supportsTruck": false, "supportsMotorcycle": false, "supportsStandard": true, "supportsSenior": false}, "geometry": {"type": "LineString", "coordinates": [[139.776771169227, 35.6911968398185], [139.777678535858, 35.6915642580148]]}}, {"type": "Feature", "properties": {"id": "13_173", "prefCode": "13", "policeStationCode": "", "name": "パーキング・メーター #173", "spaces": null, "timeLimitMinutes": 60, "feeYen": 300, "vehicleType": "standard", "operatingHours": [{"startTime": "07:00", "endTime": "20:00"}], "operatingDays": [0, 1, 2, 3, 4, 5, 6], "exclusions": [], "overlappingRegulations": [], "lastUpdated": "2025-10-01", "category": "パーキング・メーター", "restriction1": "", "restriction2": "１月１日〜３日を除く", "supportsTruck": false, "supportsMotorcycle": false, "supportsStandard": true, "supportsSenior": false}, "geometry": {"type": "LineString", "coordinates": [[139.777827439704, 35.6916315983696], [139.778947589198, 35.6920999616167]]}}, {"type": "Feature", "properties": {"id": "13_174", "prefCode": "13", "policeStationCode": "", "name": "パーキング・メーター #174", "spaces": null, "timeLimitMinutes": 60, "feeYen": 300, "vehicleType": "standard", "operatingHours": [{"startTime": "07:00", "endTime": "20:00"}], "operatingDays": [0, 1, 2, 3, 4, 5, 6], "exclusions": [], "overlappingRegulations": [], "lastUpdated": "2025-10-01", "category": "パーキング・メーター", "restriction1": "", "restriction2": "１月１日〜３日を除く", "supportsTruck": false, "supportsMotorcycle": false, "supportsStandard": true, "supportsSenior": false}, "geometry": {"type": "LineString", "coordinates": [[139.779055830447, 35.6921035889473], [139.780165741701, 35.6927565605575], [139.78111568454, 35.6934785580381]]}}, {"type": "Feature", "properties": {"id": "13_175", "prefCode": "13", "policeStationCode": "", "name": "パーキング・メーター #175", "spaces": null, "timeLimitMinutes": 60, "feeYen": 300, "vehicleType": "standard", "operatingHours": [{"startTime": "07:00", "endTime": "20:00"}], "operatingDays": [0, 1, 2, 3, 4, 5, 6], "exclusions": [], "overlappingRegulations": [], "lastUpdated": "2025-10-01", "category": "パーキング・メーター", "restriction1": "", "restriction2": "１月１日〜３日を除く", "supportsTruck": false, "supportsMotorcycle": false, "supportsStandard": true, "supportsSenior": false}, "geometry": {"type": "LineString", "coordinates": [[139.781195393361, 35.6951080139688], [139.781947536627, 35.6944777902017], [139.782163685448, 35.6943087466729], [139.782417330329, 35.6940958590175], [139.782484048197, 35.6940500006429], [139.78279896493, 35.6937835057705]]}}, {"type": "Feature", "properties": {"id": "13_176", "prefCode": "13", "policeStationCode": "", "name": "パーキング・メーター #176", "spaces": null, "timeLimitMinutes": 60, "feeYen": 300, "vehicleType": "standard", "operatingHours": [{"startTime": "07:00", "endTime": "20:00"}], "operatingDays": [0, 1, 2, 3, 4, 5, 6], "exclusions": [], "overlappingRegulations": [], "lastUpdated": "2025-10-01", "category": "パーキング・メーター", "restriction1": "", "restriction2": "１月１日〜３日を除く", "supportsTruck": false, "supportsMotorcycle": false, "supportsStandard": true, "supportsSenior": false}, "geometry": {"type": "LineString", "coordinates": [[139.781062848296, 35.6951840647803], [139.780975687302, 35.6951001766566], [139.780178375934, 35.6945098738746]]}}, {"type": "Feature", "properties": {"id": "13_177", "prefCode": "13", "policeStationCode": "", "name": "パーキング・メーター #177", "spaces": null, "timeLimitMinutes": 60, "feeYen": 300, "vehicleType": "standard", "operatingHours": [{"startTime": "09:00", "endTime": "17:30"}], "operatingDays": [1, 2, 3, 4, 5, 6], "exclusions": ["holidays", "sundays"], "overlappingRegulations": [], "lastUpdated": "2025-10-01", "category": "パーキング・メーター", "restriction1": "日曜・休日を除く", "restriction2": "１月１日〜３日を除く", "supportsTruck": false, "supportsMotorcycle": false, "supportsStandard": true, "supportsSenior": false}, "geometry": {"type": "LineString", "coordinates": [[139.780711613675, 35.6940426905684], [139.781649882684, 35.6947396881883]]}}, {"type": "Feature", "properties": {"id": "13_178", "prefCode": "13", "policeStationCode": "", "name": "パーキング・メーター #178", "spaces": null, "timeLimitMinutes": 60, "feeYen": 300, "vehicleType": "standard", "operatingHours": [{"startTime": "07:00", "endTime": "20:00"}], "operatingDays": [0, 1, 2, 3, 4, 5, 6], "exclusions": [], "overlappingRegulations": [], "lastUpdated": "2025-10-01", "category": "パーキング・メーター", "restriction1": "", "restriction2": "１月１日〜３日を除く", "supportsTruck": false, "supportsMotorcycle": false, "supportsStandard": true, "supportsSenior": false}, "geometry": {"type": "LineString", "coordinates": [[139.783598763237, 35.6949126600873], [139.781500062153, 35.6933598858061]]}}, {"type": "Feature", "properties": {"id": "13_179", "prefCode": "13", "policeStationCode": "", "name": "パーキング・メーター #179", "spaces": null, "timeLimitMinutes": 60, "feeYen": 300, "vehicleType": "standard", "operatingHours": [{"startTime": "07:00", "endTime": "20:00"}], "operatingDays": [0, 1, 2, 3, 4, 5, 6], "exclusions": [], "overlappingRegulations": [], "lastUpdated": "2025-10-01", "category": "パーキング・メーター", "restriction1": "", "restriction2": "１月１日〜３日を除く", "supportsTruck": true, "supportsMotorcycle": false, "supportsStandard": true, "supportsSenior": false}, "geometry": {"type": "LineString", "coordinates": [[139.781240177805, 35.6935746202861], [139.782738254625, 35.6946749349613], [139.782815687021, 35.6950368225376]]}}, {"type": "Feature", "properties": {"id": "13_180", "prefCode": "13", "policeStationCode": "", "name": "パーキング・メーター #180", "spaces": null, "timeLimitMinutes": 60, "feeYen": 300, "vehicleType": "standard", "operatingHours": [{"startTime": "07:00", "endTime": "20:00"}], "operatingDays": [0, 1, 2, 3, 4, 5, 6], "exclusions": [], "overlappingRegulations": [], "lastUpdated": "2025-10-01", "category": "パーキング・メーター", "restriction1": "", "restriction2": "１月１日〜３日を除く", "supportsTruck": false, "supportsMotorcycle": false, "supportsStandard": true, "supportsSenior": false}, "geometry": {"type": "LineString", "coordinates": [[139.768657095154, 35.6959963862262], [139.769717710599, 35.6964241646677]]}}, {"type": "Feature", "properties": {"id": "13_181", "prefCode": "13", "policeStationCode": "", "name": "パーキング・メーター #181", "spaces": null, "timeLimitMinutes": 60, "feeYen": 300, "vehicleType": "standard", "operatingHours": [{"startTime": "09:00", "endTime": "21:00"}], "operatingDays": [0, 1, 2, 3, 4, 5, 6], "exclusions": [], "overlappingRegulations": [], "lastUpdated": "2025-10-01", "category": "パーキング・メーター", "restriction1": "", "restriction2": "１月１日〜３日を除く", "supportsTruck": true, "supportsMotorcycle": false, "supportsStandard": true, "supportsSenior": false}, "geometry": {"type": "LineString", "coordinates": [[139.768704735884, 35.6716476509225], [139.767831535995, 35.672235017773], [139.767328116789, 35.6725828522495], [139.766138017132, 35.6734166277343], [139.765715921127, 35.6737134527198], [139.765102383729, 35.6741436534868]]}}, {"type": "Feature", "properties": {"id": "13_182", "prefCode": "13", "policeStationCode": "", "name": "パーキング・メーター #182", "spaces": null, "timeLimitMinutes": 60, "feeYen": 300, "vehicleType": "standard", "operatingHours": [{"startTime": "09:00", "endTime": "21:00"}], "operatingDays": [0, 1, 2, 3, 4, 5, 6], "exclusions": [], "overlappingRegulations": [], "lastUpdated": "2025-10-01", "category": "パーキング・メーター", "restriction1": "", "restriction2": "１月１日〜３日を除く", "supportsTruck": true, "supportsMotorcycle": false, "supportsStandard": true, "supportsSenior": false}, "geometry": {"type": "LineString", "coordinates": [[139.768130281759, 35.6705224998937], [139.769191750543, 35.6697454931517], [139.769521250621, 35.6695173168088]]}}, {"type": "Feature", "properties": {"id": "13_183", "prefCode": "13", "policeStationCode": "", "name": "パーキング・メーター #183", "spaces": null, "timeLimitMinutes": 60, "feeYen": 300, "vehicleType": "standard", "operatingHours": [{"startTime": "09:00", "endTime": "21:00"}], "operatingDays": [0, 1, 2, 3, 4, 5, 6], "exclusions": [], "overlappingRegulations": [], "lastUpdated": "2025-10-01", "category": "パーキング・メーター", "restriction1": "", "restriction2": "１月１日〜３日を除く", "supportsTruck": true, "supportsMotorcycle": false, "supportsStandard": true, "supportsSenior": false}, "geometry": {"type": "LineString", "coordinates": [[139.769966832368, 35.6707710546849], [139.76989351674, 35.6707181926683], [139.769499582759, 35.6703813520592], [139.769010824467, 35.6699592217559], [139.768923144826, 35.6698117346114], [139.767997384995, 35.6690321679465]]}}, {"type": "Feature", "properties": {"id": "13_184", "prefCode": "13", "policeStationCode": "", "name": "パーキング・メーター #184", "spaces": null, "timeLimitMinutes": 60, "feeYen": 300, "vehicleType": "standard", "operatingHours": [{"startTime": "09:00", "endTime": "21:00"}], "operatingDays": [0, 1, 2, 3, 4, 5, 6], "exclusions": [], "overlappingRegulations": [], "lastUpdated": "2025-10-01", "category": "パーキング・メーター", "restriction1": "", "restriction2": "１月１日〜３日を除く", "supportsTruck": true, "supportsMotorcycle": false, "supportsStandard": true, "supportsSenior": false}, "geometry": {"type": "LineString", "coordinates": [[139.769348941378, 35.6712798903655], [139.770963231676, 35.6729403170578]]}}, {"type": "Feature", "properties": {"id": "13_185", "prefCode": "13", "policeStationCode": "", "name": "パーキング・メーター #185", "spaces": null, "timeLimitMinutes": 60, "feeYen": 300, "vehicleType": "standard", "operatingHours": [{"startTime": "09:00", "endTime": "21:00"}], "operatingDays": [0, 1, 2, 3, 4, 5, 6], "exclusions": [], "overlappingRegulations": [], "lastUpdated": "2025-10-01", "category": "パーキング・メーター", "restriction1": "", "restriction2": "１月１日〜３日を除く", "supportsTruck": true, "supportsMotorcycle": false, "supportsStandard": true, "supportsSenior": false}, "geometry": {"type": "LineString", "coordinates": [[139.769864684033, 35.6724645207074], [139.771172667271, 35.6715960573714], [139.771626493474, 35.6714111909484]]}}, {"type": "Feature", "properties": {"id": "13_186", "prefCode": "13", "policeStationCode": "", "name": "パーキング・メーター #186", "spaces": null, "timeLimitMinutes": 60, "feeYen": 300, "vehicleType": "standard", "operatingHours": [{"startTime": "09:00", "endTime": "19:00"}], "operatingDays": [1, 2, 3, 4, 5, 6], "exclusions": ["holidays", "sundays"], "overlappingRegulations": [], "lastUpdated": "2025-10-01", "category": "パーキング・メーター", "restriction1": "日曜・休日を除く", "restriction2": "１月１日〜３日を除く", "supportsTruck": true, "supportsMotorcycle": false, "supportsStandard": true, "supportsSenior": false}, "geometry": {"type": "LineString", "coordinates": [[139.775450185274, 35.6714789454092], [139.774628820392, 35.6716868769416], [139.77419093899, 35.6718122580125], [139.772702173957, 35.6722300225721]]}}, {"type": "Feature", "properties": {"id": "13_187", "prefCode": "13", "policeStationCode": "", "name": "パーキング・メーター #187", "spaces": null, "timeLimitMinutes": 60, "feeYen": 300, "vehicleType": "standard", "operatingHours": [{"startTime": "09:00", "endTime": "19:00"}], "operatingDays": [1, 2, 3, 4, 5, 6], "exclusions": ["holidays", "sundays"], "overlappingRegulations": [], "lastUpdated": "2025-10-01", "category": "パーキング・メーター", "restriction1": "日曜・休日を除く", "restriction2": "１月１日〜３日を除く", "supportsTruck": true, "supportsMotorcycle": false, "supportsStandard": true, "supportsSenior": false}, "geometry": {"type": "MultiLineString", "coordinates": [[[139.769783983709, 35.6675152899823], [139.771442210715, 35.6688664436908], [139.772101842693, 35.6694312836636], [139.772914136861, 35.6705315724032], [139.773243169751, 35.6710639915781], [139.774082667629, 35.6729576820855], [139.774107595146, 35.6730325663628], [139.774168891494, 35.6739412184064]], [[139.77430007249, 35.6739246051132], [139.774292061603, 35.6738400273804], [139.774232648335, 35.6737972602043], [139.774225141989, 35.6736417338231], [139.774233143239, 35.6731654330994], [139.774216724398, 35.673029598116], [139.774154769764, 35.6728682522049], [139.773327436002, 35.6710168447706], [139.773078217974, 35.6705783825654], [139.772173147134, 35.6693574420467], [139.771524700874, 35.668814263018], [139.769848561142, 35.6674490078722]]]}}, {"type": "Feature", "properties": {"id": "13_189", "prefCode": "13", "policeStationCode": "", "name": "パーキング・メーター #189", "spaces": null, "timeLimitMinutes": 60, "feeYen": 300, "vehicleType": "standard", "operatingHours": [{"startTime": "09:00", "endTime": "19:00"}], "operatingDays": [1, 2, 3, 4, 5, 6], "exclusions": ["holidays", "sundays"], "overlappingRegulations": [], "lastUpdated": "2025-10-01", "category": "パーキング・メーター", "restriction1": "日曜・休日を除く", "restriction2": "１月１日〜３日を除く", "supportsTruck": true, "supportsMotorcycle": false, "supportsStandard": true, "supportsSenior": false}, "geometry": {"type": "LineString", "coordinates": [[139.774017171502, 35.6725336734272], [139.775679124896, 35.6720598577258]]}}, {"type": "Feature", "properties": {"id": "13_190", "prefCode": "13", "policeStationCode": "", "name": "パーキング・メーター #190", "spaces": null, "timeLimitMinutes": 60, "feeYen": 300, "vehicleType": "standard", "operatingHours": [{"startTime": "09:00", "endTime": "19:00"}], "operatingDays": [1, 2, 3, 4, 5, 6], "exclusions": ["holidays", "sundays"], "overlappingRegulations": [], "lastUpdated": "2025-10-01", "category": "パーキング・メーター", "restriction1": "日曜・休日を除く", "restriction2": "１月１日〜３日を除く", "supportsTruck": false, "supportsMotorcycle": false, "supportsStandard": true, "supportsSenior": false}, "geometry": {"type": "LineString", "coordinates": [[139.777210881049, 35.6754233450122], [139.775658129219, 35.675947961581], [139.775191901648, 35.6761157917076], [139.774459974245, 35.676404831431]]}}, {"type": "Feature", "properties": {"id": "13_192", "prefCode": "13", "policeStationCode": "", "name": "パーキング・メーター #192", "spaces": null, "timeLimitMinutes": 60, "feeYen": 300, "vehicleType": "standard", "operatingHours": [{"startTime": "09:00", "endTime": "19:00"}], "operatingDays": [1, 2, 3, 4, 5, 6], "exclusions": ["holidays", "sundays"], "overlappingRegulations": [], "lastUpdated": "2025-10-01", "category": "パーキング・メーター", "restriction1": "日曜・休日を除く", "restriction2": "１月１日〜３日を除く", "supportsTruck": false, "supportsMotorcycle": false, "supportsStandard": true, "supportsSenior": false}, "geometry": {"type": "LineString", "coordinates": [[139.775273048323, 35.677020118767], [139.776816582872, 35.6763814814736], [139.777609628237, 35.676062875515]]}}, {"type": "Feature", "properties": {"id": "13_193", "prefCode": "13", "policeStationCode": "", "name": "パーキング・メーター #193", "spaces": null, "timeLimitMinutes": 60, "feeYen": 300, "vehicleType": "standard", "operatingHours": [{"startTime": "09:00", "endTime": "19:00"}], "operatingDays": [1, 2, 3, 4, 5, 6], "exclusions": ["holidays", "sundays"], "overlappingRegulations": [], "lastUpdated": "2025-10-01", "category": "パーキング・メーター", "restriction1": "日曜・休日を除く", "restriction2": "１月１日〜３日を除く", "supportsTruck": false, "supportsMotorcycle": false, "supportsStandard": true, "supportsSenior": false}, "geometry": {"type": "LineString", "coordinates": [[139.77481247095, 35.6798470140912], [139.776992367247, 35.6789644943489], [139.778936809141, 35.6781961308898]]}}, {"type": "Feature", "properties": {"id": "13_194", "prefCode": "13", "policeStationCode": "", "name": "パーキング・メーター #194", "spaces": null, "timeLimitMinutes": 60, "feeYen": 300, "vehicleType": "standard", "operatingHours": [{"startTime": "09:00", "endTime": "19:00"}], "operatingDays": [1, 2, 3, 4, 5, 6], "exclusions": ["holidays", "sundays"], "overlappingRegulations": [], "lastUpdated": "2025-10-01", "category": "パーキング・メーター", "restriction1": "日曜・休日を除く", "restriction2": "１月１日〜３日を除く", "supportsTruck": false, "supportsMotorcycle": false, "supportsStandard": true, "supportsSenior": false}, "geometry": {"type": "LineString", "coordinates": [[139.777993446456, 35.6780107835589], [139.776896617302, 35.6784662348586]]}}, {"type": "Feature", "properties": {"id": "13_195", "prefCode": "13", "policeStationCode": "", "name": "パーキング・メーター #195", "spaces": null, "timeLimitMinutes": 60, "feeYen": 300, "vehicleType": "standard", "operatingHours": [{"startTime": "09:00", "endTime": "19:00"}], "operatingDays": [1, 2, 3, 4, 5, 6], "exclusions": ["holidays", "sundays"], "overlappingRegulations": [], "lastUpdated": "2025-10-01", "category": "パーキング・メーター", "restriction1": "日曜・休日を除く", "restriction2": "１月１日〜３日を除く", "supportsTruck": false, "supportsMotorcycle": false, "supportsStandard": true, "supportsSenior": false}, "geometry": {"type": "LineString", "coordinates": [[139.775612220047, 35.67849309387], [139.776662055353, 35.6780671595058], [139.777781765318, 35.6775733966267], [139.778356203209, 35.677329359997]]}}, {"type": "Feature", "properties": {"id": "13_196", "prefCode": "13", "policeStationCode": "", "name": "パーキング・メーター #196", "spaces": null, "timeLimitMinutes": 60, "feeYen": 300, "vehicleType": "standard", "operatingHours": [{"startTime": "09:00", "endTime": "19:00"}], "operatingDays": [1, 2, 3, 4, 5, 6], "exclusions": ["holidays", "sundays"], "overlappingRegulations": [], "lastUpdated": "2025-10-01", "category": "パーキング・メーター", "restriction1": "日曜・休日を除く", "restriction2": "１月１日〜３日を除く", "supportsTruck": false, "supportsMotorcycle": false, "supportsStandard": true, "supportsSenior": false}, "geometry": {"type": "LineString", "coordinates": [[139.77662618291, 35.6783276211234], [139.775734100958, 35.6787035788232]]}}, {"type": "Feature", "properties": {"id": "13_197", "prefCode": "13", "policeStationCode": "", "name": "パーキング・メーター #197", "spaces": null, "timeLimitMinutes": 60, "feeYen": 300, "vehicleType": "standard", "operatingHours": [{"startTime": "09:00", "endTime": "19:00"}], "operatingDays": [1, 2, 3, 4, 5, 6], "exclusions": ["holidays", "sundays"], "overlappingRegulations": [], "lastUpdated": "2025-10-01", "category": "パーキング・メーター", "restriction1": "日曜・休日を除く", "restriction2": "１月１日〜３日を除く", "supportsTruck": false, "supportsMotorcycle": false, "supportsStandard": true, "supportsSenior": false}, "geometry": {"type": "LineString", "coordinates": [[139.777666868377, 35.6796194852069], [139.779373116642, 35.6788979881279]]}}, {"type": "Feature", "properties": {"id": "13_199", "prefCode": "13", "policeStationCode": "", "name": "パーキング・メーター #199", "spaces": null, "timeLimitMinutes": 60, "feeYen": 300, "vehicleType": "standard", "operatingHours": [{"startTime": "09:00", "endTime": "19:00"}], "operatingDays": [1, 2, 3, 4, 5, 6], "exclusions": ["holidays", "sundays"], "overlappingRegulations": [], "lastUpdated": "2025-10-01", "category": "パーキング・メーター", "restriction1": "日曜・休日を除く", "restriction2": "１月１日〜３日を除く", "supportsTruck": false, "supportsMotorcycle": false, "supportsStandard": true, "supportsSenior": false}, "geometry": {"type": "LineString", "coordinates": [[139.777687890228, 35.682042033849], [139.777213672492, 35.6812869673842]]}}, {"type": "Feature", "properties": {"id": "13_200", "prefCode": "13", "policeStationCode": "", "name": "パーキング・メーター #200", "spaces": null, "timeLimitMinutes": 60, "feeYen": 300, "vehicleType": "standard", "operatingHours": [{"startTime": "09:00", "endTime": "19:00"}], "operatingDays": [1, 2, 3, 4, 5, 6], "exclusions": ["holidays", "sundays"], "overlappingRegulations": [], "lastUpdated": "2025-10-01", "category": "パーキング・メーター", "restriction1": "日曜・休日を除く", "restriction2": "１月１日〜３日を除く", "supportsTruck": false, "supportsMotorcycle": false, "supportsStandard": true, "supportsSenior": false}, "geometry": {"type": "LineString", "coordinates": [[139.776526626688, 35.6815566980006], [139.777040085851, 35.6823501306987], [139.777759687653, 35.683497230928]]}}, {"type": "Feature", "properties": {"id": "13_201", "prefCode": "13", "policeStationCode": "", "name": "パーキング・メーター #201", "spaces": null, "timeLimitMinutes": 60, "feeYen": 300, "vehicleType": "standard", "operatingHours": [{"startTime": "09:00", "endTime": "19:00"}], "operatingDays": [1, 2, 3, 4, 5, 6], "exclusions": ["holidays", "sundays"], "overlappingRegulations": [], "lastUpdated": "2025-10-01", "category": "パーキング・メーター", "restriction1": "日曜・休日を除く", "restriction2": "１月１日〜３日を除く", "supportsTruck": false, "supportsMotorcycle": false, "supportsStandard": true, "supportsSenior": false}, "geometry": {"type": "LineString", "coordinates": [[139.780185560887, 35.680400954035], [139.779373686859, 35.681134681722], [139.77902958503, 35.6814528003277], [139.778846049606, 35.681596310854], [139.778417809655, 35.6817774167328], [139.777702341857, 35.6820461112596]]}}, {"type": "Feature", "properties": {"id": "13_202", "prefCode": "13", "policeStationCode": "", "name": "パーキング・メーター #202", "spaces": null, "timeLimitMinutes": 60, "feeYen": 300, "vehicleType": "standard", "operatingHours": [{"startTime": "09:00", "endTime": "19:00"}], "operatingDays": [1, 2, 3, 4, 5, 6], "exclusions": ["holidays", "sundays"], "overlappingRegulations": [], "lastUpdated": "2025-10-01", "category": "パーキング・メーター", "restriction1": "日曜・休日を除く", "restriction2": "１月１日〜３日を除く", "supportsTruck": false, "supportsMotorcycle": false, "supportsStandard": true, "supportsSenior": false}, "geometry": {"type": "LineString", "coordinates": [[139.779542157348, 35.6896228760068], [139.779933028406, 35.689880383492], [139.782903847717, 35.6919182564165]]}}, {"type": "Feature", "properties": {"id": "13_203", "prefCode": "13", "policeStationCode": "", "name": "パーキング・メーター #203", "spaces": null, "timeLimitMinutes": 60, "feeYen": 300, "vehicleType": "standard", "operatingHours": [{"startTime": "09:00", "endTime": "19:00"}], "operatingDays": [1, 2, 3, 4, 5, 6], "exclusions": ["holidays", "sundays"], "overlappingRegulations": [], "lastUpdated": "2025-10-01", "category": "パーキング・メーター", "restriction1": "日曜・休日を除く", "restriction2": "１月１日〜３日を除く", "supportsTruck": true, "supportsMotorcycle": false, "supportsStandard": true, "supportsSenior": false}, "geometry": {"type": "LineString", "coordinates": [[139.783604949237, 35.6912749399351], [139.782569704576, 35.6905634403064], [139.781081618752, 35.6895961921187], [139.78004920139, 35.689026671908]]}}, {"type": "Feature", "properties": {"id": "13_204", "prefCode": "13", "policeStationCode": "", "name": "パーキング・メーター #204", "spaces": null, "timeLimitMinutes": 60, "feeYen": 300, "vehicleType": "standard", "operatingHours": [{"startTime": "09:00", "endTime": "19:00"}], "operatingDays": [1, 2, 3, 4, 5, 6], "exclusions": ["holidays", "sundays"], "overlappingRegulations": [], "lastUpdated": "2025-10-01", "category": "パーキング・メーター", "restriction1": "日曜・休日を除く", "restriction2": "１月１日〜３日を除く", "supportsTruck": false, "supportsMotorcycle": false, "supportsStandard": true, "supportsSenior": false}, "geometry": {"type": "LineString", "coordinates": [[139.781413995037, 35.6893811008444], [139.782417901783, 35.690023653544]]}}, {"type": "Feature", "properties": {"id": "13_205", "prefCode": "13", "policeStationCode": "", "name": "パーキング・メーター #205", "spaces": null, "timeLimitMinutes": 60, "feeYen": 300, "vehicleType": "standard", "operatingHours": [{"startTime": "09:00", "endTime": "19:00"}], "operatingDays": [1, 2, 3, 4, 5, 6], "exclusions": ["holidays", "sundays"], "overlappingRegulations": [], "lastUpdated": "2025-10-01", "category": "パーキング・メーター", "restriction1": "日曜・休日を除く", "restriction2": "１月１日〜３日を除く", "supportsTruck": false, "supportsMotorcycle": false, "supportsStandard": true, "supportsSenior": false}, "geometry": {"type": "LineString", "coordinates": [[139.780608602428, 35.6883661778601], [139.784239954681, 35.6906896932144]]}}, {"type": "Feature", "properties": {"id": "13_207", "prefCode": "13", "policeStationCode": "", "name": "パーキング・メーター #207", "spaces": null, "timeLimitMinutes": 60, "feeYen": 300, "vehicleType": "standard", "operatingHours": [{"startTime": "09:00", "endTime": "19:00"}], "operatingDays": [1, 2, 3, 4, 5, 6], "exclusions": ["holidays", "sundays"], "overlappingRegulations": [], "lastUpdated": "2025-10-01", "category": "パーキング・メーター", "restriction1": "日曜・休日を除く", "restriction2": "１月１日〜３日を除く", "supportsTruck": false, "supportsMotorcycle": false, "supportsStandard": true, "supportsSenior": false}, "geometry": {"type": "LineString", "coordinates": [[139.783678256048, 35.6887274819316], [139.782553008541, 35.6880069207644], [139.78149982378, 35.6872995711207]]}}, {"type": "Feature", "properties": {"id": "13_208", "prefCode": "13", "policeStationCode": "", "name": "パーキング・メーター #208", "spaces": null, "timeLimitMinutes": 60, "feeYen": 300, "vehicleType": "standard", "operatingHours": [{"startTime": "09:00", "endTime": "19:00"}], "operatingDays": [1, 2, 3, 4, 5, 6], "exclusions": ["holidays", "sundays"], "overlappingRegulations": [], "lastUpdated": "2025-10-01", "category": "パーキング・メーター", "restriction1": "日曜・休日を除く", "restriction2": "１月１日〜３日を除く", "supportsTruck": true, "supportsMotorcycle": false, "supportsStandard": true, "supportsSenior": false}, "geometry": {"type": "LineString", "coordinates": [[139.779692423972, 35.6913203056369], [139.781638010559, 35.6890369838397]]}}, {"type": "Feature", "properties": {"id": "13_209", "prefCode": "13", "policeStationCode": "", "name": "パーキング・メーター #209", "spaces": null, "timeLimitMinutes": 60, "feeYen": 300, "vehicleType": "standard", "operatingHours": [{"startTime": "09:00", "endTime": "19:00"}], "operatingDays": [1, 2, 3, 4, 5, 6], "exclusions": ["holidays", "sundays"], "overlappingRegulations": [], "lastUpdated": "2025-10-01", "category": "パーキング・メーター", "restriction1": "日曜・休日を除く", "restriction2": "１月１日〜３日を除く", "supportsTruck": false, "supportsMotorcycle": false, "supportsStandard": true, "supportsSenior": false}, "geometry": {"type": "LineString", "coordinates": [[139.783306740901, 35.687072011769], [139.781667006081, 35.6889444844753]]}}, {"type": "Feature", "properties": {"id": "13_210", "prefCode": "13", "policeStationCode": "", "name": "パーキング・メーター #210", "spaces": null, "timeLimitMinutes": 60, "feeYen": 300, "vehicleType": "standard", "operatingHours": [{"startTime": "09:00", "endTime": "19:00"}], "operatingDays": [1, 2, 3, 4, 5, 6], "exclusions": ["holidays", "sundays"], "overlappingRegulations": [], "lastUpdated": "2025-10-01", "category": "パーキング・メーター", "restriction1": "日曜・休日を除く", "restriction2": "１月１日〜３日を除く", "supportsTruck": false, "supportsMotorcycle": false, "supportsStandard": true, "supportsSenior": false}, "geometry": {"type": "LineString", "coordinates": [[139.781830400494, 35.6848340059747], [139.782938769801, 35.6854818608249]]}}, {"type": "Feature", "properties": {"id": "13_211", "prefCode": "13", "policeStationCode": "", "name": "パーキング・メーター #211", "spaces": null, "timeLimitMinutes": 60, "feeYen": 300, "vehicleType": "standard", "operatingHours": [{"startTime": "09:00", "endTime": "19:00"}], "operatingDays": [1, 2, 3, 4, 5, 6], "exclusions": ["holidays", "sundays"], "overlappingRegulations": [], "lastUpdated": "2025-10-01", "category": "パーキング・メーター", "restriction1": "日曜・休日を除く", "restriction2": "１月１日〜３日を除く", "supportsTruck": false, "supportsMotorcycle": false, "supportsStandard": true, "supportsSenior": false}, "geometry": {"type": "LineString", "coordinates": [[139.785503462962, 35.6844304760919], [139.784737808573, 35.6853148824923], [139.784456854964, 35.6857609222535], [139.783386968833, 35.6869611293826]]}}, {"type": "Feature", "properties": {"id": "13_212", "prefCode": "13", "policeStationCode": "", "name": "パーキング・メーター #212", "spaces": null, "timeLimitMinutes": 60, "feeYen": 300, "vehicleType": "standard", "operatingHours": [{"startTime": "09:00", "endTime": "19:00"}], "operatingDays": [1, 2, 3, 4, 5, 6], "exclusions": ["holidays", "sundays"], "overlappingRegulations": [], "lastUpdated": "2025-10-01", "category": "パーキング・メーター", "restriction1": "日曜・休日を除く", "restriction2": "１月１日〜３日を除く", "supportsTruck": false, "supportsMotorcycle": false, "supportsStandard": true, "supportsSenior": false}, "geometry": {"type": "LineString", "coordinates": [[139.782815585134, 35.6865849554861], [139.783649189639, 35.6856490820147], [139.784941133175, 35.6841552986032]]}}, {"type": "Feature", "properties": {"id": "13_213", "prefCode": "13", "policeStationCode": "", "name": "パーキング・メーター #213", "spaces": null, "timeLimitMinutes": 60, "feeYen": 300, "vehicleType": "standard", "operatingHours": [{"startTime": "09:00", "endTime": "19:00"}], "operatingDays": [1, 2, 3, 4, 5, 6], "exclusions": ["holidays", "sundays"], "overlappingRegulations": [], "lastUpdated": "2025-10-01", "category": "パーキング・メーター", "restriction1": "日曜・休日を除く", "restriction2": "１月１日〜３日を除く", "supportsTruck": true, "supportsMotorcycle": false, "supportsStandard": true, "supportsSenior": false}, "geometry": {"type": "LineString", "coordinates": [[139.785777671232, 35.6864889121737], [139.784543416062, 35.6857522703534], [139.783846086956, 35.6853493121838], [139.783464440358, 35.6851128563688]]}}, {"type": "Feature", "properties": {"id": "13_214", "prefCode": "13", "policeStationCode": "", "name": "パーキング・メーター #214", "spaces": null, "timeLimitMinutes": 60, "feeYen": 300, "vehicleType": "standard", "operatingHours": [{"startTime": "09:00", "endTime": "19:00"}], "operatingDays": [1, 2, 3, 4, 5, 6], "exclusions": ["holidays", "sundays"], "overlappingRegulations": [], "lastUpdated": "2025-10-01", "category": "パーキング・メーター", "restriction1": "日曜・休日を除く", "restriction2": "１月１日〜３日を除く", "supportsTruck": false, "supportsMotorcycle": false, "supportsStandard": true, "supportsSenior": false}, "geometry": {"type": "LineString", "coordinates": [[139.784114801967, 35.6843669338107], [139.784555509769, 35.684608684828]]}}, {"type": "Feature", "properties": {"id": "13_215", "prefCode": "13", "policeStationCode": "", "name": "パーキング・メーター #215", "spaces": null, "timeLimitMinutes": 60, "feeYen": 300, "vehicleType": "standard", "operatingHours": [{"startTime": "09:00", "endTime": "19:00"}], "operatingDays": [1, 2, 3, 4, 5, 6], "exclusions": ["holidays", "sundays"], "overlappingRegulations": [], "lastUpdated": "2025-10-01", "category": "パーキング・メーター", "restriction1": "日曜・休日を除く", "restriction2": "１月１日〜３日を除く", "supportsTruck": false, "supportsMotorcycle": false, "supportsStandard": true, "supportsSenior": false}, "geometry": {"type": "LineString", "coordinates": [[139.778837274796, 35.6902068125398], [139.777509430529, 35.6893125859185], [139.776155823586, 35.6888590955373]]}}, {"type": "Feature", "properties": {"id": "13_216", "prefCode": "13", "policeStationCode": "", "name": "パーキング・メーター #216", "spaces": null, "timeLimitMinutes": 60, "feeYen": 300, "vehicleType": "standard", "operatingHours": [{"startTime": "09:00", "endTime": "19:00"}], "operatingDays": [1, 2, 3, 4, 5, 6], "exclusions": ["holidays", "sundays"], "overlappingRegulations": [], "lastUpdated": "2025-10-01", "category": "パーキング・メーター", "restriction1": "日曜・休日を除く", "restriction2": "１月１日〜３日を除く", "supportsTruck": false, "supportsMotorcycle": false, "supportsStandard": true, "supportsSenior": false}, "geometry": {"type": "LineString", "coordinates": [[139.777956093659, 35.6903421036413], [139.779319395696, 35.688884917174], [139.779687491402, 35.6880482298628], [139.779740227688, 35.6879193949032], [139.780298422448, 35.6866158083246]]}}, {"type": "Feature", "properties": {"id": "13_217", "prefCode": "13", "policeStationCode": "", "name": "パーキング・メーター #217", "spaces": null, "timeLimitMinutes": 60, "feeYen": 300, "vehicleType": "standard", "operatingHours": [{"startTime": "09:00", "endTime": "19:00"}], "operatingDays": [1, 2, 3, 4, 5, 6], "exclusions": ["holidays", "sundays"], "overlappingRegulations": [], "lastUpdated": "2025-10-01", "category": "パーキング・メーター", "restriction1": "日曜・休日を除く", "restriction2": "１月１日〜３日を除く", "supportsTruck": false, "supportsMotorcycle": false, "supportsStandard": true, "supportsSenior": false}, "geometry": {"type": "LineString", "coordinates": [[139.776592094516, 35.6897099092076], [139.776981268459, 35.6887720760698], [139.777571549038, 35.6874565193706], [139.778190085012, 35.6860003933334], [139.778620730298, 35.6850048152829]]}}, {"type": "Feature", "properties": {"id": "13_218", "prefCode": "13", "policeStationCode": "", "name": "パーキング・メーター #218", "spaces": null, "timeLimitMinutes": 60, "feeYen": 300, "vehicleType": "standard", "operatingHours": [{"startTime": "09:00", "endTime": "19:00"}], "operatingDays": [1, 2, 3, 4, 5, 6], "exclusions": ["holidays", "sundays"], "overlappingRegulations": [], "lastUpdated": "2025-10-01", "category": "パーキング・メーター", "restriction1": "日曜・休日を除く", "restriction2": "１月１日〜３日を除く", "supportsTruck": false, "supportsMotorcycle": false, "supportsStandard": true, "supportsSenior": false}, "geometry": {"type": "MultiLineString", "coordinates": [[[139.77632943947, 35.6885288119317], [139.777591454055, 35.6889317728713]], [[139.777616773079, 35.6888735194349], [139.776368698348, 35.6884614722466]]]}}, {"type": "Feature", "properties": {"id": "13_220", "prefCode": "13", "policeStationCode": "", "name": "パーキング・メーター #220", "spaces": null, "timeLimitMinutes": 60, "feeYen": 300, "vehicleType": "standard", "operatingHours": [{"startTime": "09:00", "endTime": "19:00"}], "operatingDays": [1, 2, 3, 4, 5, 6], "exclusions": ["holidays", "sundays"], "overlappingRegulations": [], "lastUpdated": "2025-10-01", "category": "パーキング・メーター", "restriction1": "日曜・休日を除く", "restriction2": "１月１日〜３日を除く", "supportsTruck": true, "supportsMotorcycle": false, "supportsStandard": true, "supportsSenior": false}, "geometry": {"type": "LineString", "coordinates": [[139.779871031933, 35.6889992097495], [139.779281500143, 35.6888141523632], [139.778210531656, 35.6884559085738], [139.776591371233, 35.6878796931252]]}}, {"type": "Feature", "properties": {"id": "13_221", "prefCode": "13", "policeStationCode": "", "name": "パーキング・メーター #221", "spaces": null, "timeLimitMinutes": 60, "feeYen": 300, "vehicleType": "standard", "operatingHours": [{"startTime": "09:00", "endTime": "19:00"}], "operatingDays": [1, 2, 3, 4, 5, 6], "exclusions": ["holidays", "sundays"], "overlappingRegulations": [], "lastUpdated": "2025-10-01", "category": "パーキング・メーター", "restriction1": "日曜・休日を除く", "restriction2": "１月１日〜３日を除く", "supportsTruck": true, "supportsMotorcycle": false, "supportsStandard": true, "supportsSenior": false}, "geometry": {"type": "MultiLineString", "coordinates": [[[139.776838545235, 35.6872043423272], [139.780236023366, 35.6881556897876], [139.780489119448, 35.6882732230376]], [[139.780527187198, 35.6882310760305], [139.78024343948, 35.688085751348], [139.776866625449, 35.6871398913817]]]}}, {"type": "Feature", "properties": {"id": "13_223", "prefCode": "13", "policeStationCode": "", "name": "パーキング・メーター #223", "spaces": null, "timeLimitMinutes": 60, "feeYen": 300, "vehicleType": "standard", "operatingHours": [{"startTime": "09:00", "endTime": "19:00"}], "operatingDays": [1, 2, 3, 4, 5, 6], "exclusions": ["holidays", "sundays"], "overlappingRegulations": [], "lastUpdated": "2025-10-01", "category": "パーキング・メーター", "restriction1": "日曜・休日を除く", "restriction2": "１月１日〜３日を除く", "supportsTruck": false, "supportsMotorcycle": false, "supportsStandard": true, "supportsSenior": false}, "geometry": {"type": "LineString", "coordinates": [[139.777095784662, 35.6856523833898], [139.779716203075, 35.686414472024], [139.780283793792, 35.6865918779785], [139.781352190628, 35.6872557924296]]}}, {"type": "Feature", "properties": {"id": "13_224", "prefCode": "13", "policeStationCode": "", "name": "パーキング・メーター #224", "spaces": null, "timeLimitMinutes": 60, "feeYen": 300, "vehicleType": "standard", "operatingHours": [{"startTime": "09:00", "endTime": "19:00"}], "operatingDays": [1, 2, 3, 4, 5, 6], "exclusions": ["holidays", "sundays"], "overlappingRegulations": [], "lastUpdated": "2025-10-01", "category": "パーキング・メーター", "restriction1": "日曜・休日を除く", "restriction2": "１月１日〜３日を除く", "supportsTruck": false, "supportsMotorcycle": false, "supportsStandard": true, "supportsSenior": false}, "geometry": {"type": "LineString", "coordinates": [[139.781635549128, 35.6861332375498], [139.780882549829, 35.6870064585355], [139.78039076515, 35.6875624292911]]}}, {"type": "Feature", "properties": {"id": "13_225", "prefCode": "13", "policeStationCode": "", "name": "パーキング・メーター #225", "spaces": null, "timeLimitMinutes": 60, "feeYen": 300, "vehicleType": "standard", "operatingHours": [{"startTime": "09:00", "endTime": "19:00"}], "operatingDays": [1, 2, 3, 4, 5, 6], "exclusions": ["holidays", "sundays"], "overlappingRegulations": [], "lastUpdated": "2025-10-01", "category": "パーキング・メーター", "restriction1": "日曜・休日を除く", "restriction2": "１月１日〜３日を除く", "supportsTruck": false, "supportsMotorcycle": false, "supportsStandard": true, "supportsSenior": false}, "geometry": {"type": "LineString", "coordinates": [[139.780223613352, 35.6854188974747], [139.779784200224, 35.6863964430626], [139.778921437679, 35.6886830887945]]}}, {"type": "Feature", "properties": {"id": "13_226", "prefCode": "13", "policeStationCode": "", "name": "パーキング・メーター #226", "spaces": null, "timeLimitMinutes": 60, "feeYen": 300, "vehicleType": "standard", "operatingHours": [{"startTime": "09:00", "endTime": "19:00"}], "operatingDays": [1, 2, 3, 4, 5, 6], "exclusions": ["holidays", "sundays"], "overlappingRegulations": [], "lastUpdated": "2025-10-01", "category": "パーキング・メーター", "restriction1": "日曜・休日を除く", "restriction2": "１月１日〜３日を除く", "supportsTruck": false, "supportsMotorcycle": false, "supportsStandard": true, "supportsSenior": false}, "geometry": {"type": "LineString", "coordinates": [[139.778176532209, 35.6884347071014], [139.779181328384, 35.686093933004], [139.779557553379, 35.6852225836993]]}}, {"type": "Feature", "properties": {"id": "13_227", "prefCode": "13", "policeStationCode": "", "name": "パーキング・メーター #227", "spaces": null, "timeLimitMinutes": 60, "feeYen": 300, "vehicleType": "standard", "operatingHours": [{"startTime": "09:00", "endTime": "19:00"}], "operatingDays": [1, 2, 3, 4, 5, 6], "exclusions": ["holidays", "sundays"], "overlappingRegulations": [], "lastUpdated": "2025-10-01", "category": "パーキング・メーター", "restriction1": "日曜・休日を除く", "restriction2": "１月１日〜３日を除く", "supportsTruck": false, "supportsMotorcycle": false, "supportsStandard": true, "supportsSenior": false}, "geometry": {"type": "LineString", "coordinates": [[139.78393500736, 35.6836540355121], [139.782936147294, 35.6847573360034], [139.781814258237, 35.6859971242955]]}}, {"type": "Feature", "properties": {"id": "13_228", "prefCode": "13", "policeStationCode": "", "name": "パーキング・メーター #228", "spaces": null, "timeLimitMinutes": 60, "feeYen": 300, "vehicleType": "standard", "operatingHours": [{"startTime": "09:00", "endTime": "19:00"}], "operatingDays": [1, 2, 3, 4, 5, 6], "exclusions": ["holidays", "sundays"], "overlappingRegulations": [], "lastUpdated": "2025-10-01", "category": "パーキング・メーター", "restriction1": "日曜・休日を除く", "restriction2": "１月１日〜３日を除く", "supportsTruck": false, "supportsMotorcycle": false, "supportsStandard": true, "supportsSenior": false}, "geometry": {"type": "LineString", "coordinates": [[139.78112117217, 35.6856548442121], [139.78179943894, 35.6848542246566], [139.782367958332, 35.684190751768], [139.782607956131, 35.6839170878689], [139.782788348734, 35.6836859425616], [139.78315169606, 35.6832667502752]]}}, {"type": "Feature", "properties": {"id": "13_229", "prefCode": "13", "policeStationCode": "", "name": "パーキング・メーター #229", "spaces": null, "timeLimitMinutes": 60, "feeYen": 300, "vehicleType": "standard", "operatingHours": [{"startTime": "09:00", "endTime": "19:00"}], "operatingDays": [1, 2, 3, 4, 5, 6], "exclusions": ["holidays", "sundays"], "overlappingRegulations": [], "lastUpdated": "2025-10-01", "category": "パーキング・メーター", "restriction1": "日曜・休日を除く", "restriction2": "１月１日〜３日を除く", "supportsTruck": false, "supportsMotorcycle": false, "supportsStandard": true, "supportsSenior": false}, "geometry": {"type": "LineString", "coordinates": [[139.782271803713, 35.6828617285626], [139.782021439133, 35.6831838798902], [139.781407633541, 35.6839064059502]]}}, {"type": "Feature", "properties": {"id": "13_230", "prefCode": "13", "policeStationCode": "", "name": "パーキング・メーター #230", "spaces": null, "timeLimitMinutes": 60, "feeYen": 300, "vehicleType": "standard", "operatingHours": [{"startTime": "09:00", "endTime": "19:00"}], "operatingDays": [1, 2, 3, 4, 5, 6], "exclusions": ["holidays", "sundays"], "overlappingRegulations": [], "lastUpdated": "2025-10-01", "category": "パーキング・メーター", "restriction1": "日曜・休日を除く", "restriction2": "１月１日〜３日を除く", "supportsTruck": false, "supportsMotorcycle": false, "supportsStandard": true, "supportsSenior": false}, "geometry": {"type": "MultiLineString", "coordinates": [[[139.781555386923, 35.6825597945481], [139.781047378792, 35.6831995932408], [139.780427119621, 35.6836136686677], [139.778696955891, 35.6846966084731], [139.778553015884, 35.6848565581026]], [[139.778744040488, 35.6848649433113], [139.778771428624, 35.6847869014082], [139.780446060699, 35.6837553138183], [139.781234537221, 35.6831876867981], [139.781701259929, 35.6825877129763]]]}}, {"type": "Feature", "properties": {"id": "13_232", "prefCode": "13", "policeStationCode": "", "name": "パーキング・メーター #232", "spaces": null, "timeLimitMinutes": 60, "feeYen": 300, "vehicleType": "standard", "operatingHours": [{"startTime": "09:00", "endTime": "19:00"}], "operatingDays": [1, 2, 3, 4, 5, 6], "exclusions": ["holidays", "sundays"], "overlappingRegulations": [], "lastUpdated": "2025-10-01", "category": "パーキング・メーター", "restriction1": "日曜・休日を除く", "restriction2": "１月１日〜３日を除く", "supportsTruck": false, "supportsMotorcycle": false, "supportsStandard": true, "supportsSenior": false}, "geometry": {"type": "LineString", "coordinates": [[139.780490575951, 35.6824734208602], [139.780469824266, 35.682739430565], [139.780300424249, 35.6835005722339], [139.780299547487, 35.6835711324327], [139.780337679343, 35.6836619110203]]}}, {"type": "Feature", "properties": {"id": "13_233", "prefCode": "13", "policeStationCode": "", "name": "パーキング・メーター #233", "spaces": null, "timeLimitMinutes": 60, "feeYen": 300, "vehicleType": "standard", "operatingHours": [{"startTime": "09:00", "endTime": "19:00"}], "operatingDays": [1, 2, 3, 4, 5, 6], "exclusions": ["holidays", "sundays"], "overlappingRegulations": [], "lastUpdated": "2025-10-01", "category": "パーキング・メーター", "restriction1": "日曜・休日を除く", "restriction2": "１月１日〜３日を除く", "supportsTruck": false, "supportsMotorcycle": false, "supportsStandard": true, "supportsSenior": false}, "geometry": {"type": "LineString", "coordinates": [[139.781075421659, 35.6815958918321], [139.780937871565, 35.6817255202854], [139.780564903876, 35.6822171652381], [139.780489350951, 35.6822881643632]]}}, {"type": "Feature", "properties": {"id": "13_234", "prefCode": "13", "policeStationCode": "", "name": "パーキング・メーター #234", "spaces": null, "timeLimitMinutes": 60, "feeYen": 300, "vehicleType": "standard", "operatingHours": [{"startTime": "09:00", "endTime": "19:00"}], "operatingDays": [1, 2, 3, 4, 5, 6], "exclusions": ["holidays", "sundays"], "overlappingRegulations": [], "lastUpdated": "2025-10-01", "category": "パーキング・メーター", "restriction1": "日曜・休日を除く", "restriction2": "１月１日〜３日を除く", "supportsTruck": false, "supportsMotorcycle": false, "supportsStandard": true, "supportsSenior": false}, "geometry": {"type": "LineString", "coordinates": [[139.783285860399, 35.6831175175775], [139.783680011758, 35.6826435795401], [139.784713323368, 35.6814214619641], [139.785243111211, 35.68081454318]]}}, {"type": "Feature", "properties": {"id": "13_235", "prefCode": "13", "policeStationCode": "", "name": "パーキング・メーター #235", "spaces": null, "timeLimitMinutes": 60, "feeYen": 300, "vehicleType": "standard", "operatingHours": [{"startTime": "09:00", "endTime": "19:00"}], "operatingDays": [1, 2, 3, 4, 5, 6], "exclusions": ["holidays", "sundays"], "overlappingRegulations": [], "lastUpdated": "2025-10-01", "category": "パーキング・メーター", "restriction1": "日曜・休日を除く", "restriction2": "１月１日〜３日を除く", "supportsTruck": false, "supportsMotorcycle": false, "supportsStandard": true, "supportsSenior": false}, "geometry": {"type": "LineString", "coordinates": [[139.78400908839, 35.6834651601877], [139.784786251872, 35.6825150913572], [139.785161716336, 35.6821016998743]]}}, {"type": "Feature", "properties": {"id": "13_236", "prefCode": "13", "policeStationCode": "", "name": "パーキング・メーター #236", "spaces": null, "timeLimitMinutes": 60, "feeYen": 300, "vehicleType": "standard", "operatingHours": [{"startTime": "09:00", "endTime": "19:00"}], "operatingDays": [1, 2, 3, 4, 5, 6], "exclusions": ["holidays", "sundays"], "overlappingRegulations": [], "lastUpdated": "2025-10-01", "category": "パーキング・メーター", "restriction1": "日曜・休日を除く", "restriction2": "１月１日〜３日を除く", "supportsTruck": false, "supportsMotorcycle": false, "supportsStandard": true, "supportsSenior": false}, "geometry": {"type": "LineString", "coordinates": [[139.78534061374, 35.6826833260502], [139.784805230428, 35.6824358399688], [139.784169936337, 35.6821451529458], [139.782783261075, 35.6813983455041]]}}, {"type": "Feature", "properties": {"id": "13_237", "prefCode": "13", "policeStationCode": "", "name": "パーキング・メーター #237", "spaces": null, "timeLimitMinutes": 60, "feeYen": 300, "vehicleType": "standard", "operatingHours": [{"startTime": "09:00", "endTime": "19:00"}], "operatingDays": [1, 2, 3, 4, 5, 6], "exclusions": ["holidays", "sundays"], "overlappingRegulations": [], "lastUpdated": "2025-10-01", "category": "パーキング・メーター", "restriction1": "日曜・休日を除く", "restriction2": "１月１日〜３日を除く", "supportsTruck": false, "supportsMotorcycle": false, "supportsStandard": true, "supportsSenior": false}, "geometry": {"type": "LineString", "coordinates": [[139.783595508566, 35.6827603548675], [139.784279508363, 35.6830954941464], [139.784741199346, 35.6833650783107]]}}, {"type": "Feature", "properties": {"id": "13_238", "prefCode": "13", "policeStationCode": "", "name": "パーキング・メーター #238", "spaces": null, "timeLimitMinutes": 60, "feeYen": 300, "vehicleType": "standard", "operatingHours": [{"startTime": "09:00", "endTime": "19:00"}], "operatingDays": [1, 2, 3, 4, 5, 6], "exclusions": ["holidays", "sundays"], "overlappingRegulations": [], "lastUpdated": "2025-10-01", "category": "パーキング・メーター", "restriction1": "日曜・休日を除く", "restriction2": "１月１日〜３日を除く", "supportsTruck": false, "supportsMotorcycle": false, "supportsStandard": true, "supportsSenior": false}, "geometry": {"type": "LineString", "coordinates": [[139.781453042587, 35.6829487769947], [139.782787249539, 35.6836341323076]]}}, {"type": "Feature", "properties": {"id": "13_241", "prefCode": "13", "policeStationCode": "", "name": "パーキング・メーター #241", "spaces": null, "timeLimitMinutes": 60, "feeYen": 300, "vehicleType": "standard", "operatingHours": [{"startTime": "09:00", "endTime": "19:00"}], "operatingDays": [0, 1, 2, 3, 4, 5, 6], "exclusions": [], "overlappingRegulations": [], "lastUpdated": "2025-10-01", "category": "パーキング・メーター", "restriction1": "", "restriction2": "１月１日〜３日を除く", "supportsTruck": false, "supportsMotorcycle": false, "supportsStandard": true, "supportsSenior": false}, "geometry": {"type": "LineString", "coordinates": [[139.771951498029, 35.7058988174994], [139.771997443661, 35.7063915853472]]}}, {"type": "Feature", "properties": {"id": "13_242", "prefCode": "13", "policeStationCode": "", "name": "パーキング・メーター #242", "spaces": null, "timeLimitMinutes": 60, "feeYen": 300, "vehicleType": "standard", "operatingHours": [{"startTime": "09:00", "endTime": "19:00"}], "operatingDays": [0, 1, 2, 3, 4, 5, 6], "exclusions": [], "overlappingRegulations": [], "lastUpdated": "2025-10-01", "category": "パーキング・メーター", "restriction1": "", "restriction2": "１月１日〜３日を除く", "supportsTruck": false, "supportsMotorcycle": false, "supportsStandard": true, "supportsSenior": false}, "geometry": {"type": "LineString", "coordinates": [[139.771987352641, 35.7064012506731], [139.77009159609, 35.7065315913135]]}}, {"type": "Feature", "properties": {"id": "13_243", "prefCode": "13", "policeStationCode": "", "name": "パーキング・メーター #243", "spaces": null, "timeLimitMinutes": 60, "feeYen": 300, "vehicleType": "standard", "operatingHours": [{"startTime": "09:00", "endTime": "19:00"}], "operatingDays": [0, 1, 2, 3, 4, 5, 6], "exclusions": [], "overlappingRegulations": [], "lastUpdated": "2025-10-01", "category": "パーキング・メーター", "restriction1": "", "restriction2": "１月１日〜３日を除く", "supportsTruck": true, "supportsMotorcycle": false, "supportsStandard": true, "supportsSenior": false}, "geometry": {"type": "LineString", "coordinates": [[139.772690072992, 35.7051186777012], [139.772757424674, 35.7056945246533], [139.772811349889, 35.7062739188635]]}}, {"type": "Feature", "properties": {"id": "13_245", "prefCode": "13", "policeStationCode": "", "name": "パーキング・メーター #245", "spaces": null, "timeLimitMinutes": 60, "feeYen": 300, "vehicleType": "standard", "operatingHours": [{"startTime": "09:00", "endTime": "19:00"}], "operatingDays": [0, 1, 2, 3, 4, 5, 6], "exclusions": [], "overlappingRegulations": [], "lastUpdated": "2025-10-01", "category": "パーキング・メーター", "restriction1": "", "restriction2": "１月１日〜３日を除く", "supportsTruck": true, "supportsMotorcycle": false, "supportsStandard": true, "supportsSenior": false}, "geometry": {"type": "LineString", "coordinates": [[139.772559665276, 35.7063591310391], [139.773371576065, 35.7061800501781], [139.774266423048, 35.7059923995027], [139.774716183927, 35.7059590183192], [139.775883809276, 35.7058959790266]]}}, {"type": "Feature", "properties": {"id": "13_246", "prefCode": "13", "policeStationCode": "", "name": "パーキング・メーター #246", "spaces": null, "timeLimitMinutes": 60, "feeYen": 300, "vehicleType": "standard", "operatingHours": [{"startTime": "09:00", "endTime": "19:00"}], "operatingDays": [0, 1, 2, 3, 4, 5, 6], "exclusions": [], "overlappingRegulations": [], "lastUpdated": "2025-10-01", "category": "パーキング・メーター", "restriction1": "", "restriction2": "１月１日〜３日を除く", "supportsTruck": false, "supportsMotorcycle": false, "supportsStandard": true, "supportsSenior": false}, "geometry": {"type": "LineString", "coordinates": [[139.775713898744, 35.7042227511702], [139.774035431103, 35.7043321500576], [139.772097348718, 35.7044703979009]]}}, {"type": "Feature", "properties": {"id": "13_247", "prefCode": "13", "policeStationCode": "", "name": "パーキング・メーター #247", "spaces": null, "timeLimitMinutes": 60, "feeYen": 300, "vehicleType": "standard", "operatingHours": [{"startTime": "09:00", "endTime": "19:00"}], "operatingDays": [1, 2, 3, 4, 5, 6], "exclusions": ["holidays", "sundays"], "overlappingRegulations": [], "lastUpdated": "2025-10-01", "category": "パーキング・メーター", "restriction1": "日曜・休日を除く", "restriction2": "１月１日〜３日を除く", "supportsTruck": false, "supportsMotorcycle": false, "supportsStandard": true, "supportsSenior": false}, "geometry": {"type": "LineString", "coordinates": [[139.780012952616, 35.7071445498457], [139.779889371651, 35.706016793037], [139.779782568951, 35.7050155568559], [139.779668655968, 35.7039778174369], [139.779507225501, 35.7024278076791]]}}, {"type": "Feature", "properties": {"id": "13_248", "prefCode": "13", "policeStationCode": "", "name": "パーキング・メーター #248", "spaces": null, "timeLimitMinutes": 60, "feeYen": 300, "vehicleType": "standard", "operatingHours": [{"startTime": "09:00", "endTime": "19:00"}], "operatingDays": [1, 2, 3, 4, 5, 6], "exclusions": ["holidays", "sundays"], "overlappingRegulations": [], "lastUpdated": "2025-10-01", "category": "パーキング・メーター", "restriction1": "日曜・休日を除く", "restriction2": "１月１日〜３日を除く", "supportsTruck": false, "supportsMotorcycle": false, "supportsStandard": true, "supportsSenior": false}, "geometry": {"type": "LineString", "coordinates": [[139.776368438755, 35.7058595133869], [139.777849436271, 35.7057304108908], [139.779788770354, 35.7055601609928], [139.781601812838, 35.7054123600495]]}}, {"type": "Feature", "properties": {"id": "13_249", "prefCode": "13", "policeStationCode": "", "name": "パーキング・メーター #249", "spaces": null, "timeLimitMinutes": 60, "feeYen": 300, "vehicleType": "standard", "operatingHours": [{"startTime": "09:00", "endTime": "19:00"}], "operatingDays": [1, 2, 3, 4, 5, 6], "exclusions": ["holidays", "sundays"], "overlappingRegulations": [], "lastUpdated": "2025-10-01", "category": "パーキング・メーター", "restriction1": "日曜・休日を除く", "restriction2": "１月１日〜３日を除く", "supportsTruck": false, "supportsMotorcycle": false, "supportsStandard": true, "supportsSenior": false}, "geometry": {"type": "LineString", "coordinates": [[139.777141757621, 35.7026029841261], [139.777457966941, 35.7057121494247]]}}, {"type": "Feature", "properties": {"id": "13_250", "prefCode": "13", "policeStationCode": "", "name": "パーキング・メーター #250", "spaces": null, "timeLimitMinutes": 60, "feeYen": 300, "vehicleType": "standard", "operatingHours": [{"startTime": "09:00", "endTime": "19:00"}], "operatingDays": [1, 2, 3, 4, 5, 6], "exclusions": ["holidays", "sundays"], "overlappingRegulations": [], "lastUpdated": "2025-10-01", "category": "パーキング・メーター", "restriction1": "日曜・休日を除く", "restriction2": "１月１日〜３日を除く", "supportsTruck": false, "supportsMotorcycle": false, "supportsStandard": true, "supportsSenior": false}, "geometry": {"type": "MultiLineString", "coordinates": [[[139.776126908016, 35.7042266402922], [139.777730768799, 35.7040864393202], [139.779566466546, 35.7039652265324], [139.781248283789, 35.7038686277956]], [[139.781236513446, 35.7038292637944], [139.779613709195, 35.7039270894318], [139.777340838734, 35.7040876105786], [139.776177620068, 35.7041781554244]]]}}, {"type": "Feature", "properties": {"id": "13_252", "prefCode": "13", "policeStationCode": "", "name": "パーキング・メーター #252", "spaces": null, "timeLimitMinutes": 60, "feeYen": 300, "vehicleType": "standard", "operatingHours": [{"startTime": "09:00", "endTime": "19:00"}], "operatingDays": [1, 2, 3, 4, 5, 6], "exclusions": ["holidays", "sundays"], "overlappingRegulations": [], "lastUpdated": "2025-10-01", "category": "パーキング・メーター", "restriction1": "日曜・休日を除く", "restriction2": "１月１日〜３日を除く", "supportsTruck": false, "supportsMotorcycle": false, "supportsStandard": true, "supportsSenior": false}, "geometry": {"type": "LineString", "coordinates": [[139.77695522762, 35.7005141927927], [139.777049301549, 35.7015781148632], [139.777127117614, 35.7024456302477]]}}, {"type": "Feature", "properties": {"id": "13_253", "prefCode": "13", "policeStationCode": "", "name": "パーキング・メーター #253", "spaces": null, "timeLimitMinutes": 60, "feeYen": 300, "vehicleType": "standard", "operatingHours": [{"startTime": "09:00", "endTime": "19:00"}], "operatingDays": [1, 2, 3, 4, 5, 6], "exclusions": ["holidays", "sundays"], "overlappingRegulations": [], "lastUpdated": "2025-10-01", "category": "パーキング・メーター", "restriction1": "日曜・休日を除く", "restriction2": "１月１日〜３日を除く", "supportsTruck": false, "supportsMotorcycle": false, "supportsStandard": true, "supportsSenior": false}, "geometry": {"type": "LineString", "coordinates": [[139.775861633157, 35.7016218656302], [139.776983820511, 35.7015270000883], [139.778364902921, 35.701419375092], [139.780658791243, 35.7011389432596]]}}, {"type": "Feature", "properties": {"id": "13_254", "prefCode": "13", "policeStationCode": "", "name": "パーキング・メーター #254", "spaces": null, "timeLimitMinutes": 60, "feeYen": 300, "vehicleType": "standard", "operatingHours": [{"startTime": "09:00", "endTime": "19:00"}], "operatingDays": [1, 2, 3, 4, 5, 6], "exclusions": ["holidays", "sundays"], "overlappingRegulations": [], "lastUpdated": "2025-10-01", "category": "パーキング・メーター", "restriction1": "日曜・休日を除く", "restriction2": "１月１日〜３日を除く", "supportsTruck": false, "supportsMotorcycle": false, "supportsStandard": true, "supportsSenior": false}, "geometry": {"type": "MultiLineString", "coordinates": [[[139.775844632618, 35.7005695527542], [139.77690390402, 35.700478573589], [139.777056810091, 35.7004960498697], [139.77946439926, 35.7002956117164], [139.7804846599, 35.7001996080595]], [[139.780470789478, 35.7001291275097], [139.778095430912, 35.7003433700534], [139.776906458298, 35.7004407098513], [139.775822081038, 35.7005359077964]]]}}, {"type": "Feature", "properties": {"id": "13_256", "prefCode": "13", "policeStationCode": "", "name": "パーキング・チケット #256", "spaces": null, "timeLimitMinutes": 60, "feeYen": 300, "vehicleType": "standard", "operatingHours": [{"startTime": "09:00", "endTime": "19:00"}], "operatingDays": [1, 2, 3, 4, 5, 6], "exclusions": ["holidays", "sundays"], "overlappingRegulations": [], "lastUpdated": "2025-10-01", "category": "パーキング・チケット", "restriction1": "日曜・休日を除く", "restriction2": "１月１日〜３日を除く", "supportsTruck": false, "supportsMotorcycle": false, "supportsStandard": true, "supportsSenior": false}, "geometry": {"type": "LineString", "coordinates": [[139.782004008638, 35.7085636273444], [139.780200431354, 35.7087185261781], [139.779088034668, 35.7088146570381], [139.778383827578, 35.7088788072003], [139.776665326295, 35.7088887506333]]}}, {"type": "Feature", "properties": {"id": "13_257", "prefCode": "13", "policeStationCode": "", "name": "パーキング・チケット #257", "spaces": null, "timeLimitMinutes": 60, "feeYen": 300, "vehicleType": "standard", "operatingHours": [{"startTime": "09:00", "endTime": "19:00"}], "operatingDays": [1, 2, 3, 4, 5, 6], "exclusions": ["holidays", "sundays"], "overlappingRegulations": [], "lastUpdated": "2025-10-01", "category": "パーキング・チケット", "restriction1": "日曜・休日を除く", "restriction2": "１月１日〜３日を除く", "supportsTruck": true, "supportsMotorcycle": false, "supportsStandard": true, "supportsSenior": false}, "geometry": {"type": "LineString", "coordinates": [[139.779058482888, 35.7114693925802], [139.778985977925, 35.7112345017962], [139.778416765355, 35.7095102849753], [139.778331195565, 35.7092034886882], [139.778147974037, 35.7075439863178]]}}, {"type": "Feature", "properties": {"id": "13_262", "prefCode": "13", "policeStationCode": "", "name": "パーキング・メーター #262", "spaces": null, "timeLimitMinutes": 60, "feeYen": 300, "vehicleType": "standard", "operatingHours": [{"startTime": "09:00", "endTime": "19:00"}], "operatingDays": [1, 2, 3, 4, 5, 6], "exclusions": ["holidays", "sundays"], "overlappingRegulations": [], "lastUpdated": "2025-10-01", "category": "パーキング・メーター", "restriction1": "日曜・休日を除く", "restriction2": "１月１日〜３日を除く", "supportsTruck": false, "supportsMotorcycle": false, "supportsStandard": true, "supportsSenior": false}, "geometry": {"type": "MultiLineString", "coordinates": [[[139.781715182294, 35.7051600311433], [139.783284642132, 35.7049523947563], [139.784647168248, 35.7047839335114]], [[139.784655253845, 35.7047195425665], [139.782995577811, 35.7049291646251], [139.781703148219, 35.7051012109086]]]}}, {"type": "Feature", "properties": {"id": "13_264", "prefCode": "13", "policeStationCode": "", "name": "パーキング・メーター #264", "spaces": null, "timeLimitMinutes": 60, "feeYen": 300, "vehicleType": "standard", "operatingHours": [{"startTime": "09:00", "endTime": "19:00"}], "operatingDays": [1, 2, 3, 4, 5, 6], "exclusions": ["holidays", "sundays"], "overlappingRegulations": [], "lastUpdated": "2025-10-01", "category": "パーキング・メーター", "restriction1": "日曜・休日を除く", "restriction2": "１月１日〜３日を除く", "supportsTruck": true, "supportsMotorcycle": false, "supportsStandard": true, "supportsSenior": false}, "geometry": {"type": "MultiLineString", "coordinates": [[[139.78794502214, 35.7019437869142], [139.787885238735, 35.7029473135487], [139.787956314554, 35.7052662245897], [139.787962305213, 35.7063104608456]], [[139.78809818498, 35.706283912529], [139.78803376218, 35.703814399751], [139.788021180534, 35.70278073443], [139.788054534179, 35.7020075021996]]]}}, {"type": "Feature", "properties": {"id": "13_266", "prefCode": "13", "policeStationCode": "", "name": "パーキング・メーター #266", "spaces": null, "timeLimitMinutes": 60, "feeYen": 300, "vehicleType": "standard", "operatingHours": [{"startTime": "09:00", "endTime": "19:00"}], "operatingDays": [1, 2, 3, 4, 5, 6], "exclusions": ["holidays", "sundays"], "overlappingRegulations": [], "lastUpdated": "2025-10-01", "category": "パーキング・メーター", "restriction1": "日曜・休日を除く", "restriction2": "１月１日〜３日を除く", "supportsTruck": false, "supportsMotorcycle": false, "supportsStandard": true, "supportsSenior": false}, "geometry": {"type": "LineString", "coordinates": [[139.780812010051, 35.7011299924322], [139.782348717192, 35.7009508553734], [139.783698762455, 35.7008122300226]]}}, {"type": "Feature", "properties": {"id": "13_268", "prefCode": "13", "policeStationCode": "", "name": "パーキング・メーター #268", "spaces": null, "timeLimitMinutes": 60, "feeYen": 300, "vehicleType": "standard", "operatingHours": [{"startTime": "09:00", "endTime": "19:00"}], "operatingDays": [1, 2, 3, 4, 5, 6], "exclusions": ["holidays", "sundays"], "overlappingRegulations": [], "lastUpdated": "2025-10-01", "category": "パーキング・メーター", "restriction1": "日曜・休日を除く", "restriction2": "１月１日〜３日を除く", "supportsTruck": false, "supportsMotorcycle": false, "supportsStandard": true, "supportsSenior": false}, "geometry": {"type": "MultiLineString", "coordinates": [[[139.780485035778, 35.6991829328504], [139.781910099626, 35.6990763876245], [139.78309589304, 35.6989779917492], [139.784581600517, 35.6988412983387], [139.786861286159, 35.6984935414277]], [[139.786815973947, 35.6984399884872], [139.786379896895, 35.6985160723022], [139.784665468052, 35.698776450139], [139.784128079057, 35.6988293736829], [139.78290100708, 35.6989386956393], [139.781880823341, 35.6990222515637], [139.780474088332, 35.6991277899609]]]}}, {"type": "Feature", "properties": {"id": "13_270", "prefCode": "13", "policeStationCode": "", "name": "パーキング・メーター #270", "spaces": null, "timeLimitMinutes": 60, "feeYen": 300, "vehicleType": "standard", "operatingHours": [{"startTime": "09:00", "endTime": "19:00"}], "operatingDays": [1, 2, 3, 4, 5, 6], "exclusions": ["holidays", "sundays"], "overlappingRegulations": [], "lastUpdated": "2025-10-01", "category": "パーキング・メーター", "restriction1": "日曜・休日を除く", "restriction2": "１月１日〜３日を除く", "supportsTruck": false, "supportsMotorcycle": false, "supportsStandard": true, "supportsSenior": false}, "geometry": {"type": "MultiLineString", "coordinates": [[[139.783585863959, 35.6989721498178], [139.783789188567, 35.700094218209]], [[139.783859470795, 35.7000807687368], [139.783656155225, 35.6989425954226]]]}}, {"type": "Feature", "properties": {"id": "13_272", "prefCode": "13", "policeStationCode": "", "name": "パーキング・メーター #272", "spaces": null, "timeLimitMinutes": 60, "feeYen": 300, "vehicleType": "standard", "operatingHours": [{"startTime": "09:00", "endTime": "19:00"}], "operatingDays": [1, 2, 3, 4, 5, 6], "exclusions": ["holidays", "sundays"], "overlappingRegulations": [], "lastUpdated": "2025-10-01", "category": "パーキング・メーター", "restriction1": "日曜・休日を除く", "restriction2": "１月１日〜３日を除く", "supportsTruck": false, "supportsMotorcycle": false, "supportsStandard": true, "supportsSenior": false}, "geometry": {"type": "LineString", "coordinates": [[139.784941281184, 35.6963755378259], [139.784977524648, 35.6964940453887]]}}, {"type": "Feature", "properties": {"id": "13_273", "prefCode": "13", "policeStationCode": "", "name": "パーキング・メーター #273", "spaces": null, "timeLimitMinutes": 60, "feeYen": 300, "vehicleType": "standard", "operatingHours": [{"startTime": "09:00", "endTime": "19:00"}], "operatingDays": [1, 2, 3, 4, 5, 6], "exclusions": ["holidays", "sundays"], "overlappingRegulations": [], "lastUpdated": "2025-10-01", "category": "パーキング・メーター", "restriction1": "日曜・休日を除く", "restriction2": "１月１日〜３日を除く", "supportsTruck": false, "supportsMotorcycle": false, "supportsStandard": true, "supportsSenior": false}, "geometry": {"type": "LineString", "coordinates": [[139.788108026902, 35.7047565605264], [139.789457277525, 35.7046819055657], [139.79023390239, 35.7046338737959]]}}, {"type": "Feature", "properties": {"id": "13_274", "prefCode": "13", "policeStationCode": "", "name": "パーキング・メーター #274", "spaces": null, "timeLimitMinutes": 60, "feeYen": 300, "vehicleType": "standard", "operatingHours": [{"startTime": "09:00", "endTime": "19:00"}], "operatingDays": [1, 2, 3, 4, 5, 6], "exclusions": ["holidays", "sundays"], "overlappingRegulations": [], "lastUpdated": "2025-10-01", "category": "パーキング・メーター", "restriction1": "日曜・休日を除く", "restriction2": "１月１日〜３日を除く", "supportsTruck": false, "supportsMotorcycle": false, "supportsStandard": true, "supportsSenior": false}, "geometry": {"type": "MultiLineString", "coordinates": [[[139.792756740297, 35.7055126301172], [139.793295888081, 35.7065703154376], [139.793868234201, 35.7076500219873], [139.793960527467, 35.7079138874677], [139.794262840908, 35.7089825100881]], [[139.794320293081, 35.7089543391757], [139.794005123647, 35.7078169094038], [139.793624110675, 35.7070713118654], [139.7928219112, 35.7055088642339]]]}}, {"type": "Feature", "properties": {"id": "13_277", "prefCode": "13", "policeStationCode": "", "name": "パーキング・メーター #277", "spaces": null, "timeLimitMinutes": 60, "feeYen": 300, "vehicleType": "standard", "operatingHours": [{"startTime": "09:00", "endTime": "19:00"}], "operatingDays": [1, 2, 3, 4, 5, 6], "exclusions": ["holidays", "sundays"], "overlappingRegulations": [], "lastUpdated": "2025-10-01", "category": "パーキング・メーター", "restriction1": "日曜・休日を除く", "restriction2": "１月１日〜３日を除く", "supportsTruck": false, "supportsMotorcycle": false, "supportsStandard": true, "supportsSenior": false}, "geometry": {"type": "MultiLineString", "coordinates": [[[139.789126218986, 35.6975375726706], [139.788730818626, 35.6977169780182], [139.787157499869, 35.6984250143117]], [[139.787199436956, 35.6984731332742], [139.789199291644, 35.6975731084122]]]}}, {"type": "Feature", "properties": {"id": "13_279", "prefCode": "13", "policeStationCode": "", "name": "パーキング・メーター #279", "spaces": null, "timeLimitMinutes": 60, "feeYen": 300, "vehicleType": "standard", "operatingHours": [{"startTime": "09:00", "endTime": "19:00"}], "operatingDays": [0, 1, 2, 3, 4, 5, 6], "exclusions": [], "overlappingRegulations": [], "lastUpdated": "2025-10-01", "category": "パーキング・メーター", "restriction1": "", "restriction2": "１月１日〜３日を除く", "supportsTruck": false, "supportsMotorcycle": false, "supportsStandard": true, "supportsSenior": false}, "geometry": {"type": "LineString", "coordinates": [[139.771995631218, 35.7038127509477], [139.773058169292, 35.7037254382896]]}}, {"type": "Feature", "properties": {"id": "13_280", "prefCode": "13", "policeStationCode": "", "name": "パーキング・メーター #280", "spaces": null, "timeLimitMinutes": 60, "feeYen": 300, "vehicleType": "standard", "operatingHours": [{"startTime": "09:00", "endTime": "19:00"}], "operatingDays": [0, 1, 2, 3, 4, 5, 6], "exclusions": [], "overlappingRegulations": [], "lastUpdated": "2025-10-01", "category": "パーキング・メーター", "restriction1": "", "restriction2": "１月１日〜３日を除く", "supportsTruck": true, "supportsMotorcycle": false, "supportsStandard": true, "supportsSenior": false}, "geometry": {"type": "LineString", "coordinates": [[139.769351823268, 35.6998572584866], [139.770338839171, 35.699789648312]]}}, {"type": "Feature", "properties": {"id": "13_281", "prefCode": "13", "policeStationCode": "", "name": "パーキング・メーター #281", "spaces": null, "timeLimitMinutes": 60, "feeYen": 300, "vehicleType": "standard", "operatingHours": [{"startTime": "09:00", "endTime": "19:00"}], "operatingDays": [0, 1, 2, 3, 4, 5, 6], "exclusions": [], "overlappingRegulations": [], "lastUpdated": "2025-10-01", "category": "パーキング・メーター", "restriction1": "", "restriction2": "１月１日〜３日を除く", "supportsTruck": true, "supportsMotorcycle": false, "supportsStandard": true, "supportsSenior": false}, "geometry": {"type": "LineString", "coordinates": [[139.771162499401, 35.6996239737721], [139.769326142137, 35.6997564961639]]}}, {"type": "Feature", "properties": {"id": "13_282", "prefCode": "13", "policeStationCode": "", "name": "パーキング・メーター #282", "spaces": null, "timeLimitMinutes": 60, "feeYen": 300, "vehicleType": "standard", "operatingHours": [{"startTime": "09:00", "endTime": "19:00"}], "operatingDays": [1, 2, 3, 4, 5, 6], "exclusions": ["holidays", "sundays"], "overlappingRegulations": [], "lastUpdated": "2025-10-01", "category": "パーキング・メーター", "restriction1": "日曜・休日を除く", "restriction2": "１月１日〜３日を除く", "supportsTruck": false, "supportsMotorcycle": false, "supportsStandard": true, "supportsSenior": false}, "geometry": {"type": "LineString", "coordinates": [[139.782737953881, 35.6974767678807], [139.781703126853, 35.6975633472903], [139.780265156966, 35.6976696806857]]}}, {"type": "Feature", "properties": {"id": "13_283", "prefCode": "13", "policeStationCode": "", "name": "パーキング・メーター #283", "spaces": null, "timeLimitMinutes": 60, "feeYen": 300, "vehicleType": "standard", "operatingHours": [{"startTime": "09:00", "endTime": "19:00"}], "operatingDays": [1, 2, 3, 4, 5, 6], "exclusions": ["holidays", "sundays"], "overlappingRegulations": [], "lastUpdated": "2025-10-01", "category": "パーキング・メーター", "restriction1": "日曜・休日を除く", "restriction2": "１月１日〜３日を除く", "supportsTruck": false, "supportsMotorcycle": false, "supportsStandard": true, "supportsSenior": false}, "geometry": {"type": "LineString", "coordinates": [[139.781778555671, 35.697548076002], [139.781711426968, 35.697066673011]]}}, {"type": "Feature", "properties": {"id": "13_286", "prefCode": "13", "policeStationCode": "", "name": "パーキング・メーター #286", "spaces": null, "timeLimitMinutes": 60, "feeYen": 300, "vehicleType": "standard", "operatingHours": [{"startTime": "09:00", "endTime": "19:00"}], "operatingDays": [0, 1, 2, 3, 4, 5, 6], "exclusions": [], "overlappingRegulations": [], "lastUpdated": "2025-10-01", "category": "パーキング・メーター", "restriction1": "", "restriction2": "１月１日〜３日を除く", "supportsTruck": true, "supportsMotorcycle": false, "supportsStandard": true, "supportsSenior": false}, "geometry": {"type": "MultiLineString", "coordinates": [[[139.77296597254, 35.6976023700023], [139.775291568481, 35.6975604544316]], [[139.775230652327, 35.6974612284882], [139.772984228963, 35.6975175357288]]]}}, {"type": "Feature", "properties": {"id": "13_288", "prefCode": "13", "policeStationCode": "", "name": "パーキング・メーター #288", "spaces": null, "timeLimitMinutes": 60, "feeYen": 300, "vehicleType": "standard", "operatingHours": [{"startTime": "09:00", "endTime": "19:00"}], "operatingDays": [0, 1, 2, 3, 4, 5, 6], "exclusions": [], "overlappingRegulations": [], "lastUpdated": "2025-10-01", "category": "パーキング・メーター", "restriction1": "", "restriction2": "１月１日〜３日を除く", "supportsTruck": false, "supportsMotorcycle": false, "supportsStandard": true, "supportsSenior": false}, "geometry": {"type": "LineString", "coordinates": [[139.771693601695, 35.7045041075183], [139.76998304289, 35.7046569427895]]}}, {"type": "Feature", "properties": {"id": "13_291", "prefCode": "13", "policeStationCode": "", "name": "パーキング・メーター #291", "spaces": null, "timeLimitMinutes": 60, "feeYen": 300, "vehicleType": "standard", "operatingHours": [{"startTime": "10:00", "endTime": "19:00"}], "operatingDays": [1, 2, 3, 4, 5, 6], "exclusions": ["holidays", "sundays"], "overlappingRegulations": [], "lastUpdated": "2025-10-01", "category": "パーキング・メーター", "restriction1": "日曜・休日を除く", "restriction2": "１月１日〜３日を除く", "supportsTruck": false, "supportsMotorcycle": false, "supportsStandard": true, "supportsSenior": false}, "geometry": {"type": "LineString", "coordinates": [[139.78413646209, 35.6922912770914], [139.783356524846, 35.6916668403737]]}}, {"type": "Feature", "properties": {"id": "13_293", "prefCode": "13", "policeStationCode": "", "name": "パーキング・メーター #293", "spaces": null, "timeLimitMinutes": 60, "feeYen": 300, "vehicleType": "standard", "operatingHours": [{"startTime": "10:00", "endTime": "16:30"}], "operatingDays": [1, 2, 3, 4, 5, 6], "exclusions": ["holidays", "sundays"], "overlappingRegulations": [], "lastUpdated": "2025-10-01", "category": "パーキング・メーター", "restriction1": "日曜・休日を除く", "restriction2": "１月１日〜３日を除く", "supportsTruck": false, "supportsMotorcycle": false, "supportsStandard": true, "supportsSenior": false}, "geometry": {"type": "LineString", "coordinates": [[139.782665409544, 35.6923074395426], [139.783595675609, 35.6930470406308], [139.785011856492, 35.6942887634972]]}}, {"type": "Feature", "properties": {"id": "13_294", "prefCode": "13", "policeStationCode": "", "name": "パーキング・メーター #294", "spaces": null, "timeLimitMinutes": 60, "feeYen": 300, "vehicleType": "standard", "operatingHours": [{"startTime": "10:00", "endTime": "16:30"}], "operatingDays": [1, 2, 3, 4, 5, 6], "exclusions": ["holidays", "sundays"], "overlappingRegulations": [], "lastUpdated": "2025-10-01", "category": "パーキング・メーター", "restriction1": "日曜・休日を除く", "restriction2": "１月１日〜３日を除く", "supportsTruck": false, "supportsMotorcycle": false, "supportsStandard": true, "supportsSenior": false}, "geometry": {"type": "LineString", "coordinates": [[139.782961995587, 35.6936513558383], [139.783598633568, 35.6931119154324], [139.783657048803, 35.6930497047814], [139.784004556741, 35.6927643306392], [139.784196552554, 35.6926100322731]]}}, {"type": "Feature", "properties": {"id": "13_295", "prefCode": "13", "policeStationCode": "", "name": "パーキング・メーター #295", "spaces": null, "timeLimitMinutes": 60, "feeYen": 300, "vehicleType": "standard", "operatingHours": [{"startTime": "10:00", "endTime": "16:30"}], "operatingDays": [1, 2, 3, 4, 5, 6], "exclusions": ["holidays", "sundays"], "overlappingRegulations": [], "lastUpdated": "2025-10-01", "category": "パーキング・メーター", "restriction1": "日曜・休日を除く", "restriction2": "１月１日〜３日を除く", "supportsTruck": false, "supportsMotorcycle": false, "supportsStandard": true, "supportsSenior": false}, "geometry": {"type": "LineString", "coordinates": [[139.784327053513, 35.6924683468638], [139.784812786612, 35.6924226597051]]}}, {"type": "Feature", "properties": {"id": "13_297", "prefCode": "13", "policeStationCode": "", "name": "パーキング・メーター #297", "spaces": null, "timeLimitMinutes": 60, "feeYen": 300, "vehicleType": "standard", "operatingHours": [{"startTime": "10:00", "endTime": "19:00"}], "operatingDays": [1, 2, 3, 4, 5, 6], "exclusions": ["holidays", "sundays"], "overlappingRegulations": [], "lastUpdated": "2025-10-01", "category": "パーキング・メーター", "restriction1": "日曜・休日を除く", "restriction2": "１月１日〜３日を除く", "supportsTruck": false, "supportsMotorcycle": false, "supportsStandard": true, "supportsSenior": false}, "geometry": {"type": "LineString", "coordinates": [[139.784162066922, 35.6918314727079], [139.784323975348, 35.6929579250163], [139.784419499689, 35.693675716707]]}}, {"type": "Feature", "properties": {"id": "13_298", "prefCode": "13", "policeStationCode": "", "name": "パーキング・メーター #298", "spaces": null, "timeLimitMinutes": 60, "feeYen": 300, "vehicleType": "standard", "operatingHours": [{"startTime": "09:00", "endTime": "19:00"}], "operatingDays": [1, 2, 3, 4, 5, 6], "exclusions": ["holidays", "sundays"], "overlappingRegulations": [], "lastUpdated": "2025-10-01", "category": "パーキング・メーター", "restriction1": "日曜・休日を除く", "restriction2": "１月１日〜３日を除く", "supportsTruck": true, "supportsMotorcycle": false, "supportsStandard": true, "supportsSenior": false}, "geometry": {"type": "MultiLineString", "coordinates": [[[139.784689730512, 35.6904584709515], [139.784710072353, 35.6908923519606], [139.784636588283, 35.6911181709598], [139.785156085668, 35.6947361507753]], [[139.785370423995, 35.6946905957246], [139.78513447355, 35.6930961175965], [139.784990265481, 35.6921512203736], [139.784735237515, 35.6903973073137]]]}}, {"type": "Feature", "properties": {"id": "13_302", "prefCode": "13", "policeStationCode": "", "name": "パーキング・メーター #302", "spaces": null, "timeLimitMinutes": 60, "feeYen": 300, "vehicleType": "standard", "operatingHours": [{"startTime": "09:00", "endTime": "19:00"}], "operatingDays": [1, 2, 3, 4, 5, 6], "exclusions": ["holidays", "sundays"], "overlappingRegulations": [], "lastUpdated": "2025-10-01", "category": "パーキング・メーター", "restriction1": "日曜・休日を除く", "restriction2": "１月１日〜３日を除く", "supportsTruck": false, "supportsMotorcycle": false, "supportsStandard": true, "supportsSenior": false}, "geometry": {"type": "LineString", "coordinates": [[139.787285665417, 35.6944294384312], [139.787221139183, 35.6943252119445], [139.785165537694, 35.6926788991266], [139.785082569591, 35.692658037282]]}}, {"type": "Feature", "properties": {"id": "13_303", "prefCode": "13", "policeStationCode": "", "name": "パーキング・メーター #303", "spaces": null, "timeLimitMinutes": 60, "feeYen": 300, "vehicleType": "standard", "operatingHours": [{"startTime": "09:00", "endTime": "19:00"}], "operatingDays": [1, 2, 3, 4, 5, 6], "exclusions": ["holidays", "sundays"], "overlappingRegulations": [], "lastUpdated": "2025-10-01", "category": "パーキング・メーター", "restriction1": "日曜・休日を除く", "restriction2": "１月１日〜３日を除く", "supportsTruck": false, "supportsMotorcycle": false, "supportsStandard": true, "supportsSenior": false}, "geometry": {"type": "LineString", "coordinates": [[139.785305271696, 35.6941755539708], [139.786529396374, 35.6940490558685], [139.786812162508, 35.6940283705334]]}}, {"type": "Feature", "properties": {"id": "13_304", "prefCode": "13", "policeStationCode": "", "name": "パーキング・メーター #304", "spaces": null, "timeLimitMinutes": 60, "feeYen": 300, "vehicleType": "standard", "operatingHours": [{"startTime": "09:00", "endTime": "19:00"}], "operatingDays": [1, 2, 3, 4, 5, 6], "exclusions": ["holidays", "sundays"], "overlappingRegulations": [], "lastUpdated": "2025-10-01", "category": "パーキング・メーター", "restriction1": "日曜・休日を除く", "restriction2": "１月１日〜３日を除く", "supportsTruck": false, "supportsMotorcycle": false, "supportsStandard": true, "supportsSenior": false}, "geometry": {"type": "MultiLineString", "coordinates": [[[139.785603899415, 35.6953368449286], [139.787163846518, 35.6947844276855]], [[139.786888692241, 35.6948218777721], [139.785568690758, 35.6952959472865]]]}}, {"type": "Feature", "properties": {"id": "13_306", "prefCode": "13", "policeStationCode": "", "name": "パーキング・メーター #306", "spaces": null, "timeLimitMinutes": 60, "feeYen": 300, "vehicleType": "standard", "operatingHours": [{"startTime": "09:00", "endTime": "19:00"}], "operatingDays": [1, 2, 3, 4, 5, 6], "exclusions": ["holidays", "sundays"], "overlappingRegulations": [], "lastUpdated": "2025-10-01", "category": "パーキング・メーター", "restriction1": "日曜・休日を除く", "restriction2": "１月１日〜３日を除く", "supportsTruck": true, "supportsMotorcycle": false, "supportsStandard": true, "supportsSenior": false}, "geometry": {"type": "LineString", "coordinates": [[139.779235370972, 35.6899753441155], [139.781310346767, 35.6913665260188], [139.782570846994, 35.6922411046992]]}}, {"type": "Feature", "properties": {"id": "13_307", "prefCode": "13", "policeStationCode": "", "name": "パーキング・メーター #307", "spaces": null, "timeLimitMinutes": 60, "feeYen": 300, "vehicleType": "standard", "operatingHours": [{"startTime": "09:00", "endTime": "19:00"}], "operatingDays": [1, 2, 3, 4, 5, 6], "exclusions": ["holidays", "sundays"], "overlappingRegulations": [], "lastUpdated": "2025-10-01", "category": "パーキング・メーター", "restriction1": "日曜・休日を除く", "restriction2": "１月１日〜３日を除く", "supportsTruck": false, "supportsMotorcycle": false, "supportsStandard": true, "supportsSenior": false}, "geometry": {"type": "MultiLineString", "coordinates": [[[139.789877306178, 35.7028861064744], [139.790166234453, 35.7041048080797], [139.790612798801, 35.7059516607974]], [[139.790814905473, 35.7059176055051], [139.790512837456, 35.7046345050719], [139.790105601288, 35.70298603672], [139.790085872885, 35.7028676413047]]]}}, {"type": "Feature", "properties": {"id": "13_309", "prefCode": "13", "policeStationCode": "", "name": "パーキング・メーター #309", "spaces": null, "timeLimitMinutes": 60, "feeYen": 300, "vehicleType": "standard", "operatingHours": [{"startTime": "09:00", "endTime": "19:00"}], "operatingDays": [1, 2, 3, 4, 5, 6], "exclusions": ["holidays", "sundays"], "overlappingRegulations": [], "lastUpdated": "2025-10-01", "category": "パーキング・メーター", "restriction1": "日曜・休日を除く", "restriction2": "１月１日〜３日を除く", "supportsTruck": true, "supportsMotorcycle": false, "supportsStandard": true, "supportsSenior": false}, "geometry": {"type": "LineString", "coordinates": [[139.755735387541, 35.666458620185], [139.757946188506, 35.6657123861229]]}}, {"type": "Feature", "properties": {"id": "13_310", "prefCode": "13", "policeStationCode": "", "name": "パーキング・メーター #310", "spaces": null, "timeLimitMinutes": 60, "feeYen": 300, "vehicleType": "standard", "operatingHours": [{"startTime": "08:00", "endTime": "20:00"}], "operatingDays": [0, 1, 2, 3, 4, 5, 6], "exclusions": [], "overlappingRegulations": [], "lastUpdated": "2025-10-01", "category": "パーキング・メーター", "restriction1": "", "restriction2": "１月１日〜３日を除く", "supportsTruck": true, "supportsMotorcycle": false, "supportsStandard": true, "supportsSenior": false}, "geometry": {"type": "MultiLineString", "coordinates": [[[139.768881955543, 35.6896222631563], [139.769847987867, 35.6903239400922]], [[139.770073222005, 35.6903046616409], [139.769894412158, 35.690227314844], [139.768909089009, 35.6894971618322]]]}}, {"type": "Feature", "properties": {"id": "13_313", "prefCode": "13", "policeStationCode": "", "name": "パーキング・メーター #313", "spaces": null, "timeLimitMinutes": 60, "feeYen": 300, "vehicleType": "standard", "operatingHours": [{"startTime": "09:00", "endTime": "19:00"}], "operatingDays": [0, 1, 2, 3, 4, 5, 6], "exclusions": [], "overlappingRegulations": [], "lastUpdated": "2025-10-01", "category": "パーキング・メーター", "restriction1": "", "restriction2": "１月１日〜３日を除く", "supportsTruck": true, "supportsMotorcycle": false, "supportsStandard": true, "supportsSenior": false}, "geometry": {"type": "LineString", "coordinates": [[139.763301749668, 35.6753887652722], [139.763295160713, 35.6753892691155], [139.763306618385, 35.675388878734], [139.763304169312, 35.6753989922347], [139.76334, 35.67542], [139.76325, 35.67536], [139.76305, 35.67523], [139.7629, 35.67512], [139.76271, 35.67497]]}}, {"type": "Feature", "properties": {"id": "13_314", "prefCode": "13", "policeStationCode": "", "name": "パーキング・メーター #314", "spaces": null, "timeLimitMinutes": 60, "feeYen": 300, "vehicleType": "standard", "operatingHours": [{"startTime": "09:00", "endTime": "19:00"}], "operatingDays": [1, 2, 3, 4, 5, 6], "exclusions": ["holidays", "sundays"], "overlappingRegulations": [], "lastUpdated": "2025-10-01", "category": "パーキング・メーター", "restriction1": "日曜・休日を除く", "restriction2": "１月１日〜３日を除く", "supportsTruck": true, "supportsMotorcycle": false, "supportsStandard": true, "supportsSenior": false}, "geometry": {"type": "LineString", "coordinates": [[139.773025992736, 35.6685535980889], [139.771966815396, 35.6693601925976], [139.771338629964, 35.6698543576886]]}}, {"type": "Feature", "properties": {"id": "13_315", "prefCode": "13", "policeStationCode": "", "name": "パーキング・メーター #315", "spaces": null, "timeLimitMinutes": 60, "feeYen": 300, "vehicleType": "standard", "operatingHours": [{"startTime": "09:00", "endTime": "21:00"}], "operatingDays": [0, 1, 2, 3, 4, 5, 6], "exclusions": [], "overlappingRegulations": [], "lastUpdated": "2025-10-01", "category": "パーキング・メーター", "restriction1": "", "restriction2": "１月１日〜３日を除く", "supportsTruck": false, "supportsMotorcycle": false, "supportsStandard": true, "supportsSenior": false}, "geometry": {"type": "LineString", "coordinates": [[139.767727233349, 35.6688582600392], [139.766746479878, 35.6680406688731], [139.766291676885, 35.6677217235404], [139.765847841137, 35.6673950745153]]}}, {"type": "Feature", "properties": {"id": "13_316", "prefCode": "13", "policeStationCode": "", "name": "パーキング・メーター #316", "spaces": null, "timeLimitMinutes": 60, "feeYen": 300, "vehicleType": "standard", "operatingHours": [{"startTime": "09:00", "endTime": "21:00"}], "operatingDays": [0, 1, 2, 3, 4, 5, 6], "exclusions": [], "overlappingRegulations": [], "lastUpdated": "2025-10-01", "category": "パーキング・メーター", "restriction1": "", "restriction2": "１月１日〜３日を除く", "supportsTruck": true, "supportsMotorcycle": false, "supportsStandard": true, "supportsSenior": false}, "geometry": {"type": "LineString", "coordinates": [[139.766359975703, 35.6669693287453], [139.767212569309, 35.6676182767683]]}}, {"type": "Feature", "properties": {"id": "13_317", "prefCode": "13", "policeStationCode": "", "name": "パーキング・メーター #317", "spaces": null, "timeLimitMinutes": 60, "feeYen": 300, "vehicleType": "standard", "operatingHours": [{"startTime": "09:00", "endTime": "21:00"}], "operatingDays": [0, 1, 2, 3, 4, 5, 6], "exclusions": [], "overlappingRegulations": [], "lastUpdated": "2025-10-01", "category": "パーキング・メーター", "restriction1": "", "restriction2": "１月１日〜３日を除く", "supportsTruck": true, "supportsMotorcycle": false, "supportsStandard": true, "supportsSenior": false}, "geometry": {"type": "LineString", "coordinates": [[139.76683477123, 35.6681024393512], [139.767265090717, 35.6676974513957]]}}, {"type": "Feature", "properties": {"id": "13_318", "prefCode": "13", "policeStationCode": "", "name": "パーキング・メーター #318", "spaces": null, "timeLimitMinutes": 60, "feeYen": 300, "vehicleType": "standard", "operatingHours": [{"startTime": "09:00", "endTime": "21:00"}], "operatingDays": [0, 1, 2, 3, 4, 5, 6], "exclusions": [], "overlappingRegulations": [], "lastUpdated": "2025-10-01", "category": "パーキング・メーター", "restriction1": "", "restriction2": "１月１日〜３日を除く", "supportsTruck": true, "supportsMotorcycle": false, "supportsStandard": true, "supportsSenior": false}, "geometry": {"type": "MultiLineString", "coordinates": [[[139.766299425261, 35.6669338675785], [139.765192333923, 35.6678354120214]], [[139.76524709431, 35.6678800133426], [139.766344566945, 35.6669695991673]]]}}, {"type": "Feature", "properties": {"id": "13_320", "prefCode": "13", "policeStationCode": "", "name": "パーキング・メーター #320", "spaces": null, "timeLimitMinutes": 60, "feeYen": 300, "vehicleType": "standard", "operatingHours": [{"startTime": "09:00", "endTime": "19:00"}], "operatingDays": [1, 2, 3, 4, 5, 6], "exclusions": ["holidays", "sundays"], "overlappingRegulations": [], "lastUpdated": "2025-10-01", "category": "パーキング・メーター", "restriction1": "日曜・休日を除く", "restriction2": "１月１日〜３日を除く", "supportsTruck": true, "supportsMotorcycle": false, "supportsStandard": true, "supportsSenior": false}, "geometry": {"type": "LineString", "coordinates": [[139.771603174529, 35.6737267771683], [139.77243120003, 35.6749780288552]]}}, {"type": "Feature", "properties": {"id": "13_321", "prefCode": "13", "policeStationCode": "", "name": "パーキング・メーター #321", "spaces": null, "timeLimitMinutes": 60, "feeYen": 300, "vehicleType": "standard", "operatingHours": [{"startTime": "09:00", "endTime": "19:00"}], "operatingDays": [1, 2, 3, 4, 5, 6], "exclusions": ["holidays", "sundays"], "overlappingRegulations": [], "lastUpdated": "2025-10-01", "category": "パーキング・メーター", "restriction1": "日曜・休日を除く", "restriction2": "１月１日〜３日を除く", "supportsTruck": true, "supportsMotorcycle": false, "supportsStandard": true, "supportsSenior": false}, "geometry": {"type": "LineString", "coordinates": [[139.758799253865, 35.6679385224335], [139.760855715332, 35.6672727615878]]}}, {"type": "Feature", "properties": {"id": "13_322", "prefCode": "13", "policeStationCode": "", "name": "パーキング・メーター #322", "spaces": null, "timeLimitMinutes": 40, "feeYen": 200, "vehicleType": "standard", "operatingHours": [{"startTime": "07:00", "endTime": "16:00"}], "operatingDays": [1, 2, 3, 4, 5, 6], "exclusions": ["holidays", "sundays"], "overlappingRegulations": [], "lastUpdated": "2025-10-01", "category": "パーキング・メーター", "restriction1": "日曜・休日を除く", "restriction2": "１月１日〜３日を除く", "supportsTruck": true, "supportsMotorcycle": false, "supportsStandard": true, "supportsSenior": false}, "geometry": {"type": "LineString", "coordinates": [[139.699048101712, 35.6581181514269], [139.699615424587, 35.6577747411668]]}}, {"type": "Feature", "properties": {"id": "13_323", "prefCode": "13", "policeStationCode": "", "name": "パーキング・メーター #323", "spaces": null, "timeLimitMinutes": 40, "feeYen": 200, "vehicleType": "standard", "operatingHours": [{"startTime": "07:00", "endTime": "20:00"}], "operatingDays": [0, 1, 2, 3, 4, 5, 6], "exclusions": [], "overlappingRegulations": [], "lastUpdated": "2025-10-01", "category": "パーキング・メーター", "restriction1": "", "restriction2": "１月１日〜３日を除く", "supportsTruck": true, "supportsMotorcycle": false, "supportsStandard": true, "supportsSenior": false}, "geometry": {"type": "LineString", "coordinates": [[139.699234185592, 35.6596188165532], [139.697720512296, 35.6602001406971], [139.696862376423, 35.6604535838657]]}}, {"type": "Feature", "properties": {"id": "13_324", "prefCode": "13", "policeStationCode": "", "name": "パーキング・メーター #324", "spaces": null, "timeLimitMinutes": 60, "feeYen": 300, "vehicleType": "standard", "operatingHours": [{"startTime": "09:00", "endTime": "20:00"}], "operatingDays": [1, 2, 3, 4, 5, 6], "exclusions": ["holidays", "sundays"], "overlappingRegulations": [], "lastUpdated": "2025-10-01", "category": "パーキング・メーター", "restriction1": "日曜・休日を除く", "restriction2": "１月１日〜３日を除く", "supportsTruck": true, "supportsMotorcycle": false, "supportsStandard": true, "supportsSenior": false}, "geometry": {"type": "LineString", "coordinates": [[139.696309234626, 35.657383780431], [139.69728311569, 35.6564375559527]]}}, {"type": "Feature", "properties": {"id": "13_325", "prefCode": "13", "policeStationCode": "", "name": "パーキング・メーター #325", "spaces": null, "timeLimitMinutes": 60, "feeYen": 300, "vehicleType": "standard", "operatingHours": [{"startTime": "09:00", "endTime": "19:00"}], "operatingDays": [1, 2, 3, 4, 5, 6], "exclusions": ["holidays", "sundays"], "overlappingRegulations": [], "lastUpdated": "2025-10-01", "category": "パーキング・メーター", "restriction1": "日曜・休日を除く", "restriction2": "１月１日〜３日を除く", "supportsTruck": false, "supportsMotorcycle": false, "supportsStandard": true, "supportsSenior": false}, "geometry": {"type": "LineString", "coordinates": [[139.791281368618, 35.7084212767591], [139.791965788921, 35.7082927070687], [139.792386408064, 35.7082017356557], [139.793992151233, 35.70771927219], [139.795051984525, 35.7073975188161]]}}, {"type": "Feature", "properties": {"id": "13_326", "prefCode": "13", "policeStationCode": "", "name": "パーキング・メーター #326", "spaces": null, "timeLimitMinutes": 60, "feeYen": 300, "vehicleType": "standard", "operatingHours": [{"startTime": "09:00", "endTime": "19:00"}], "operatingDays": [1, 2, 3, 4, 5, 6], "exclusions": ["holidays", "sundays"], "overlappingRegulations": [], "lastUpdated": "2025-10-01", "category": "パーキング・メーター", "restriction1": "日曜・休日を除く", "restriction2": "１月１日〜３日を除く", "supportsTruck": true, "supportsMotorcycle": false, "supportsStandard": true, "supportsSenior": false}, "geometry": {"type": "MultiLineString", "coordinates": [[[139.790691770032, 35.7062164806118], [139.790934422621, 35.7078646271275], [139.790999987227, 35.7082939333334], [139.791085271862, 35.7087231540186], [139.791282259065, 35.7095766763732]], [[139.791484333574, 35.7095316806602], [139.791431815496, 35.7092901442556], [139.791234748113, 35.7084470423003], [139.791024765077, 35.7071313921646], [139.790887055777, 35.7061488673488]]]}}, {"type": "Feature", "properties": {"id": "13_328", "prefCode": "13", "policeStationCode": "", "name": "パーキング・メーター #328", "spaces": null, "timeLimitMinutes": 60, "feeYen": 300, "vehicleType": "standard", "operatingHours": [{"startTime": "09:00", "endTime": "19:00"}], "operatingDays": [1, 2, 3, 4, 5, 6], "exclusions": ["holidays", "sundays"], "overlappingRegulations": [], "lastUpdated": "2025-10-01", "category": "パーキング・メーター", "restriction1": "日曜・休日を除く", "restriction2": "１月１日〜３日を除く", "supportsTruck": false, "supportsMotorcycle": false, "supportsStandard": true, "supportsSenior": false}, "geometry": {"type": "LineString", "coordinates": [[139.788283237415, 35.7086600345341], [139.790929398176, 35.7083227905222]]}}, {"type": "Feature", "properties": {"id": "13_329", "prefCode": "13", "policeStationCode": "", "name": "パーキング・メーター #329", "spaces": null, "timeLimitMinutes": 60, "feeYen": 300, "vehicleType": "senior", "operatingHours": [{"startTime": "09:00", "endTime": "19:00"}], "operatingDays": [1, 2, 3, 4, 5, 6], "exclusions": ["holidays", "sundays"], "overlappingRegulations": [], "lastUpdated": "2025-10-01", "category": "パーキング・メーター", "restriction1": "日曜・休日を除く", "restriction2": "１月１日〜３日を除く", "supportsTruck": false, "supportsMotorcycle": false, "supportsStandard": true, "supportsSenior": true}, "geometry": {"type": "LineString", "coordinates": [[139.789720649985, 35.7098676756845], [139.789537743265, 35.7073176262529], [139.789472466518, 35.7063244375069]]}}, {"type": "Feature", "properties": {"id": "13_330", "prefCode": "13", "policeStationCode": "", "name": "パーキング・メーター #330", "spaces": null, "timeLimitMinutes": 60, "feeYen": 300, "vehicleType": "standard", "operatingHours": [{"startTime": "09:00", "endTime": "19:00"}], "operatingDays": [1, 2, 3, 4, 5, 6], "exclusions": ["holidays", "sundays"], "overlappingRegulations": [], "lastUpdated": "2025-10-01", "category": "パーキング・メーター", "restriction1": "日曜・休日を除く", "restriction2": "１月１日〜３日を除く", "supportsTruck": false, "supportsMotorcycle": false, "supportsStandard": true, "supportsSenior": false}, "geometry": {"type": "LineString", "coordinates": [[139.791907394507, 35.7116584382607], [139.790334186367, 35.7119531228585], [139.788332292629, 35.7123658845862], [139.784606466013, 35.7126919617409], [139.783246557714, 35.7128309701738]]}}, {"type": "Feature", "properties": {"id": "13_333", "prefCode": "13", "policeStationCode": "", "name": "パーキング・メーター #333", "spaces": null, "timeLimitMinutes": 60, "feeYen": 300, "vehicleType": "standard", "operatingHours": [{"startTime": "09:00", "endTime": "19:00"}], "operatingDays": [1, 2, 3, 4, 5, 6], "exclusions": ["holidays", "sundays"], "overlappingRegulations": [], "lastUpdated": "2025-10-01", "category": "パーキング・メーター", "restriction1": "日曜・休日を除く", "restriction2": "１月１日〜３日を除く", "supportsTruck": false, "supportsMotorcycle": false, "supportsStandard": true, "supportsSenior": false}, "geometry": {"type": "LineString", "coordinates": [[139.785515996004, 35.7151735833753], [139.78878724709, 35.7145145336234]]}}, {"type": "Feature", "properties": {"id": "13_334", "prefCode": "13", "policeStationCode": "", "name": "パーキング・メーター #334", "spaces": null, "timeLimitMinutes": 60, "feeYen": 300, "vehicleType": "standard", "operatingHours": [{"startTime": "09:00", "endTime": "19:00"}], "operatingDays": [1, 2, 3, 4, 5, 6], "exclusions": ["holidays", "sundays"], "overlappingRegulations": [], "lastUpdated": "2025-10-01", "category": "パーキング・メーター", "restriction1": "日曜・休日を除く", "restriction2": "１月１日〜３日を除く", "supportsTruck": false, "supportsMotorcycle": false, "supportsStandard": true, "supportsSenior": false}, "geometry": {"type": "LineString", "coordinates": [[139.790224746758, 35.7115919458309], [139.791837556852, 35.7113026225205]]}}, {"type": "Feature", "properties": {"id": "13_335", "prefCode": "13", "policeStationCode": "", "name": "パーキング・メーター #335", "spaces": null, "timeLimitMinutes": 60, "feeYen": 300, "vehicleType": "standard", "operatingHours": [{"startTime": "09:00", "endTime": "19:00"}], "operatingDays": [1, 2, 3, 4, 5, 6], "exclusions": ["holidays", "sundays"], "overlappingRegulations": [], "lastUpdated": "2025-10-01", "category": "パーキング・メーター", "restriction1": "日曜・休日を除く", "restriction2": "１月１日〜３日を除く", "supportsTruck": false, "supportsMotorcycle": false, "supportsStandard": true, "supportsSenior": false}, "geometry": {"type": "LineString", "coordinates": [[139.778830057571, 35.7109783503463], [139.777994043993, 35.711138843735]]}}, {"type": "Feature", "properties": {"id": "13_336", "prefCode": "13", "policeStationCode": "", "name": "パーキング・メーター #336", "spaces": null, "timeLimitMinutes": 60, "feeYen": 300, "vehicleType": "standard", "operatingHours": [{"startTime": "09:00", "endTime": "19:00"}], "operatingDays": [1, 2, 3, 4, 5, 6], "exclusions": ["holidays", "sundays"], "overlappingRegulations": [], "lastUpdated": "2025-10-01", "category": "パーキング・メーター", "restriction1": "日曜・休日を除く", "restriction2": "１月１日〜３日を除く", "supportsTruck": true, "supportsMotorcycle": false, "supportsStandard": true, "supportsSenior": false}, "geometry": {"type": "LineString", "coordinates": [[139.775720189883, 35.680251186778], [139.775197981438, 35.6804714446178]]}}, {"type": "Feature", "properties": {"id": "13_337", "prefCode": "13", "policeStationCode": "", "name": "パーキング・メーター #337", "spaces": null, "timeLimitMinutes": 60, "feeYen": 300, "vehicleType": "standard", "operatingHours": [{"startTime": "09:00", "endTime": "19:00"}], "operatingDays": [1, 2, 3, 4, 5, 6], "exclusions": ["holidays", "sundays"], "overlappingRegulations": [], "lastUpdated": "2025-10-01", "category": "パーキング・メーター", "restriction1": "日曜・休日を除く", "restriction2": "１月１日〜３日を除く", "supportsTruck": false, "supportsMotorcycle": false, "supportsStandard": true, "supportsSenior": false}, "geometry": {"type": "LineString", "coordinates": [[139.778402356768, 35.7096990852855], [139.776763349991, 35.7097788511552]]}}, {"type": "Feature", "properties": {"id": "13_338", "prefCode": "13", "policeStationCode": "", "name": "パーキング・メーター #338", "spaces": null, "timeLimitMinutes": 60, "feeYen": 300, "vehicleType": "standard", "operatingHours": [{"startTime": "09:00", "endTime": "19:00"}], "operatingDays": [1, 2, 3, 4, 5, 6], "exclusions": ["holidays", "sundays"], "overlappingRegulations": [], "lastUpdated": "2025-10-01", "category": "パーキング・メーター", "restriction1": "日曜・休日を除く", "restriction2": "１月１日〜３日を除く", "supportsTruck": false, "supportsMotorcycle": false, "supportsStandard": true, "supportsSenior": false}, "geometry": {"type": "LineString", "coordinates": [[139.777188056664, 35.708859821248], [139.777063827573, 35.7076787286413]]}}, {"type": "Feature", "properties": {"id": "13_341", "prefCode": "13", "policeStationCode": "", "name": "パーキング・メーター #341", "spaces": null, "timeLimitMinutes": 60, "feeYen": 300, "vehicleType": "standard", "operatingHours": [{"startTime": "09:00", "endTime": "19:00"}], "operatingDays": [0, 1, 2, 3, 4, 5, 6], "exclusions": [], "overlappingRegulations": [], "lastUpdated": "2025-10-01", "category": "パーキング・メーター", "restriction1": "", "restriction2": "１月１日〜３日を除く", "supportsTruck": true, "supportsMotorcycle": false, "supportsStandard": true, "supportsSenior": false}, "geometry": {"type": "LineString", "coordinates": [[139.797677698027, 35.7110821476448], [139.797703743373, 35.7117047275207], [139.79772994054, 35.7120161756093], [139.797742818358, 35.7126329462761], [139.79822226246, 35.7145685586133], [139.798524551882, 35.7156851807275]]}}, {"type": "Feature", "properties": {"id": "13_342", "prefCode": "13", "policeStationCode": "", "name": "パーキング・メーター #342", "spaces": null, "timeLimitMinutes": 60, "feeYen": 300, "vehicleType": "standard", "operatingHours": [{"startTime": "08:00", "endTime": "20:00"}], "operatingDays": [0, 1, 2, 3, 4, 5, 6], "exclusions": [], "overlappingRegulations": [], "lastUpdated": "2025-10-01", "category": "パーキング・メーター", "restriction1": "", "restriction2": "１月１日〜３日を除く", "supportsTruck": true, "supportsMotorcycle": false, "supportsStandard": true, "supportsSenior": false}, "geometry": {"type": "MultiLineString", "coordinates": [[[139.75682031735, 35.7012242091208], [139.75701937198, 35.7005810569172], [139.757149443348, 35.7001483429695], [139.758127508277, 35.6991686543816]], [[139.758076462067, 35.6991332558121], [139.757565052259, 35.6996395036933], [139.757085150642, 35.7001303962385], [139.75674148, 35.7012506404343]]]}}, {"type": "Feature", "properties": {"id": "13_344", "prefCode": "13", "policeStationCode": "", "name": "パーキング・メーター #344", "spaces": null, "timeLimitMinutes": 60, "feeYen": 300, "vehicleType": "standard", "operatingHours": [{"startTime": "08:00", "endTime": "20:00"}], "operatingDays": [0, 1, 2, 3, 4, 5, 6], "exclusions": [], "overlappingRegulations": [], "lastUpdated": "2025-10-01", "category": "パーキング・メーター", "restriction1": "", "restriction2": "１月１日〜３日を除く", "supportsTruck": false, "supportsMotorcycle": false, "supportsStandard": true, "supportsSenior": false}, "geometry": {"type": "LineString", "coordinates": [[139.759256796061, 35.6960973700676], [139.758645278254, 35.6971669539158]]}}, {"type": "Feature", "properties": {"id": "13_345", "prefCode": "13", "policeStationCode": "", "name": "パーキング・メーター #345", "spaces": null, "timeLimitMinutes": 60, "feeYen": 300, "vehicleType": "standard", "operatingHours": [{"startTime": "09:00", "endTime": "19:00"}], "operatingDays": [0, 1, 2, 3, 4, 5, 6], "exclusions": [], "overlappingRegulations": [], "lastUpdated": "2025-10-01", "category": "パーキング・メーター", "restriction1": "", "restriction2": "１月１日〜３日を除く", "supportsTruck": false, "supportsMotorcycle": false, "supportsStandard": true, "supportsSenior": false}, "geometry": {"type": "LineString", "coordinates": [[139.792752350315, 35.7112360914372], [139.792528914333, 35.710505884781], [139.792266072606, 35.7096146139601]]}}, {"type": "Feature", "properties": {"id": "13_346", "prefCode": "13", "policeStationCode": "", "name": "パーキング・メーター #346", "spaces": null, "timeLimitMinutes": 60, "feeYen": 300, "vehicleType": "standard", "operatingHours": [{"startTime": "09:00", "endTime": "19:00"}], "operatingDays": [0, 1, 2, 3, 4, 5, 6], "exclusions": [], "overlappingRegulations": [], "lastUpdated": "2025-10-01", "category": "パーキング・メーター", "restriction1": "", "restriction2": "１月１日〜３日を除く", "supportsTruck": false, "supportsMotorcycle": false, "supportsStandard": true, "supportsSenior": false}, "geometry": {"type": "LineString", "coordinates": [[139.793103901189, 35.7094396729596], [139.793327264681, 35.7103040641456], [139.79353748711, 35.7111308721013]]}}, {"type": "Feature", "properties": {"id": "13_347", "prefCode": "13", "policeStationCode": "", "name": "パーキング・メーター #347", "spaces": null, "timeLimitMinutes": 60, "feeYen": 300, "vehicleType": "standard", "operatingHours": [{"startTime": "09:00", "endTime": "19:00"}], "operatingDays": [0, 1, 2, 3, 4, 5, 6], "exclusions": [], "overlappingRegulations": [], "lastUpdated": "2025-10-01", "category": "パーキング・メーター", "restriction1": "", "restriction2": "１月１日〜３日を除く", "supportsTruck": false, "supportsMotorcycle": false, "supportsStandard": true, "supportsSenior": false}, "geometry": {"type": "LineString", "coordinates": [[139.794653845733, 35.7109892859527], [139.794371674353, 35.7092122751103]]}}, {"type": "Feature", "properties": {"id": "13_348", "prefCode": "13", "policeStationCode": "", "name": "パーキング・メーター #348", "spaces": null, "timeLimitMinutes": 60, "feeYen": 300, "vehicleType": "standard", "operatingHours": [{"startTime": "09:00", "endTime": "19:00"}], "operatingDays": [0, 1, 2, 3, 4, 5, 6], "exclusions": [], "overlappingRegulations": [], "lastUpdated": "2025-10-01", "category": "パーキング・メーター", "restriction1": "", "restriction2": "１月１日〜３日を除く", "supportsTruck": false, "supportsMotorcycle": false, "supportsStandard": true, "supportsSenior": false}, "geometry": {"type": "LineString", "coordinates": [[139.795386272766, 35.7105098570882], [139.7954255753, 35.710912494773]]}}, {"type": "Feature", "properties": {"id": "13_350", "prefCode": "13", "policeStationCode": "", "name": "パーキング・メーター #350", "spaces": null, "timeLimitMinutes": 60, "feeYen": 300, "vehicleType": "standard", "operatingHours": [{"startTime": "09:00", "endTime": "19:00"}], "operatingDays": [1, 2, 3, 4, 5, 6], "exclusions": ["holidays", "sundays"], "overlappingRegulations": [], "lastUpdated": "2025-10-01", "category": "パーキング・メーター", "restriction1": "日曜・休日を除く", "restriction2": "１月１日〜３日を除く", "supportsTruck": false, "supportsMotorcycle": false, "supportsStandard": true, "supportsSenior": false}, "geometry": {"type": "LineString", "coordinates": [[139.791093675817, 35.7175682418964], [139.790949558944, 35.7162745948283], [139.790628115021, 35.714250790407]]}}, {"type": "Feature", "properties": {"id": "13_352", "prefCode": "13", "policeStationCode": "", "name": "パーキング・メーター #352", "spaces": null, "timeLimitMinutes": 60, "feeYen": 300, "vehicleType": "standard", "operatingHours": [{"startTime": "09:00", "endTime": "19:00"}], "operatingDays": [1, 2, 3, 4, 5, 6], "exclusions": ["holidays", "sundays"], "overlappingRegulations": [], "lastUpdated": "2025-10-01", "category": "パーキング・メーター", "restriction1": "日曜・休日を除く", "restriction2": "１月１日〜３日を除く", "supportsTruck": true, "supportsMotorcycle": false, "supportsStandard": true, "supportsSenior": false}, "geometry": {"type": "LineString", "coordinates": [[139.790609099641, 35.7140928874438], [139.790307447175, 35.7120746685852], [139.790064505533, 35.7111301185561], [139.789817808417, 35.7101567464686]]}}, {"type": "Feature", "properties": {"id": "13_355", "prefCode": "13", "policeStationCode": "", "name": "パーキング・メーター #355", "spaces": null, "timeLimitMinutes": 60, "feeYen": 300, "vehicleType": "standard", "operatingHours": [{"startTime": "09:00", "endTime": "19:00"}], "operatingDays": [1, 2, 3, 4, 5, 6], "exclusions": ["holidays", "sundays"], "overlappingRegulations": [], "lastUpdated": "2025-10-01", "category": "パーキング・メーター", "restriction1": "日曜・休日を除く", "restriction2": "１月１日〜３日を除く", "supportsTruck": true, "supportsMotorcycle": false, "supportsStandard": true, "supportsSenior": false}, "geometry": {"type": "LineString", "coordinates": [[139.747294470255, 35.6692873234463], [139.748323567378, 35.6689419311483]]}}, {"type": "Feature", "properties": {"id": "13_357", "prefCode": "13", "policeStationCode": "", "name": "パーキング・メーター #357", "spaces": null, "timeLimitMinutes": 60, "feeYen": 300, "vehicleType": "standard", "operatingHours": [{"startTime": "09:00", "endTime": "19:00"}], "operatingDays": [1, 2, 3, 4, 5, 6], "exclusions": ["holidays", "sundays"], "overlappingRegulations": [], "lastUpdated": "2025-10-01", "category": "パーキング・メーター", "restriction1": "日曜・休日を除く", "restriction2": "１月１日〜３日を除く", "supportsTruck": false, "supportsMotorcycle": false, "supportsStandard": true, "supportsSenior": false}, "geometry": {"type": "LineString", "coordinates": [[139.748537057208, 35.6702674832372], [139.747291066435, 35.6693021964922]]}}, {"type": "Feature", "properties": {"id": "13_359", "prefCode": "13", "policeStationCode": "", "name": "パーキング・メーター #359", "spaces": null, "timeLimitMinutes": 60, "feeYen": 300, "vehicleType": "standard", "operatingHours": [{"startTime": "09:00", "endTime": "19:00"}], "operatingDays": [0, 1, 2, 3, 4, 5, 6], "exclusions": [], "overlappingRegulations": [], "lastUpdated": "2025-10-01", "category": "パーキング・メーター", "restriction1": "", "restriction2": "１月１日〜３日を除く", "supportsTruck": true, "supportsMotorcycle": false, "supportsStandard": true, "supportsSenior": false}, "geometry": {"type": "MultiLineString", "coordinates": [[[139.7638348079, 35.7032954382989], [139.764726390909, 35.7032904613026], [139.764984298693, 35.7032605588906], [139.766563183482, 35.7029155234128]], [[139.76651195508, 35.7027818076917], [139.765639600487, 35.702984579838], [139.764894007065, 35.7031492362645], [139.763887709208, 35.7031789569999], [139.763805388809, 35.7031621201307]]]}}, {"type": "Feature", "properties": {"id": "13_361", "prefCode": "13", "policeStationCode": "", "name": "パーキング・メーター #361", "spaces": null, "timeLimitMinutes": 60, "feeYen": 300, "vehicleType": "standard", "operatingHours": [{"startTime": "09:00", "endTime": "19:00"}], "operatingDays": [1, 2, 3, 4, 5, 6], "exclusions": ["holidays", "sundays"], "overlappingRegulations": [], "lastUpdated": "2025-10-01", "category": "パーキング・メーター", "restriction1": "日曜・休日を除く", "restriction2": "１月１日〜３日を除く", "supportsTruck": true, "supportsMotorcycle": false, "supportsStandard": true, "supportsSenior": false}, "geometry": {"type": "MultiLineString", "coordinates": [[[139.761856551743, 35.7044653267164], [139.762957438317, 35.7074133468578]], [[139.763123857801, 35.7074284575452], [139.762555461127, 35.7058955822387]], [[139.762362850762, 35.7053659798343], [139.761980193286, 35.7043437202178]]]}}, {"type": "Feature", "properties": {"id": "13_364", "prefCode": "13", "policeStationCode": "", "name": "パーキング・メーター #364", "spaces": null, "timeLimitMinutes": 60, "feeYen": 300, "vehicleType": "standard", "operatingHours": [{"startTime": "09:00", "endTime": "19:00"}], "operatingDays": [1, 2, 3, 4, 5, 6], "exclusions": ["holidays", "sundays"], "overlappingRegulations": [], "lastUpdated": "2025-10-01", "category": "パーキング・メーター", "restriction1": "日曜・休日を除く", "restriction2": "１月１日〜３日を除く", "supportsTruck": true, "supportsMotorcycle": false, "supportsStandard": true, "supportsSenior": false}, "geometry": {"type": "LineString", "coordinates": [[139.756777044544, 35.7047709644266], [139.758343447645, 35.7051529322924], [139.760709492852, 35.7056668047222]]}}, {"type": "Feature", "properties": {"id": "13_365", "prefCode": "13", "policeStationCode": "", "name": "パーキング・メーター #365", "spaces": null, "timeLimitMinutes": 60, "feeYen": 300, "vehicleType": "standard", "operatingHours": [{"startTime": "09:00", "endTime": "19:00"}], "operatingDays": [1, 2, 3, 4, 5, 6], "exclusions": ["holidays", "sundays"], "overlappingRegulations": [], "lastUpdated": "2025-10-01", "category": "パーキング・メーター", "restriction1": "日曜・休日を除く", "restriction2": "１月１日〜３日を除く", "supportsTruck": true, "supportsMotorcycle": false, "supportsStandard": true, "supportsSenior": false}, "geometry": {"type": "MultiLineString", "coordinates": [[[139.754856546973, 35.7054521014239], [139.757032166231, 35.7046778442048], [139.758113804424, 35.7043024996535], [139.758234390801, 35.7042723935147], [139.758342479939, 35.7042701495102], [139.75842819558, 35.7042751860735], [139.758762534773, 35.7043342824961], [139.760625194775, 35.7047429058589], [139.761009578848, 35.7048362390489], [139.76106303981, 35.7048827832769]], [[139.761206885151, 35.704692344298], [139.761121508366, 35.704710764662], [139.760396538227, 35.7045504052151], [139.758784278533, 35.7042016436903], [139.758470562884, 35.7041601478781], [139.758251093368, 35.704151603326], [139.758052658504, 35.7041798709131], [139.75784955249, 35.7042454178216], [139.757037523232, 35.7045306832239], [139.754726355685, 35.7053329563012]]]}}, {"type": "Feature", "properties": {"id": "13_367", "prefCode": "13", "policeStationCode": "", "name": "パーキング・メーター #367", "spaces": null, "timeLimitMinutes": 60, "feeYen": 300, "vehicleType": "standard", "operatingHours": [{"startTime": "09:00", "endTime": "19:00"}], "operatingDays": [1, 2, 3, 4, 5, 6], "exclusions": ["holidays", "sundays"], "overlappingRegulations": [], "lastUpdated": "2025-10-01", "category": "パーキング・メーター", "restriction1": "日曜・休日を除く", "restriction2": "１月１日〜３日を除く", "supportsTruck": false, "supportsMotorcycle": false, "supportsStandard": true, "supportsSenior": false}, "geometry": {"type": "LineString", "coordinates": [[139.771095376454, 35.6755469914258], [139.770432906871, 35.6744936999232], [139.770173762774, 35.6741379437178]]}}, {"type": "Feature", "properties": {"id": "13_368", "prefCode": "13", "policeStationCode": "", "name": "パーキング・メーター #368", "spaces": null, "timeLimitMinutes": 60, "feeYen": 300, "vehicleType": "standard", "operatingHours": [{"startTime": "09:00", "endTime": "19:00"}], "operatingDays": [1, 2, 3, 4, 5, 6], "exclusions": ["holidays", "sundays"], "overlappingRegulations": [], "lastUpdated": "2025-10-01", "category": "パーキング・メーター", "restriction1": "日曜・休日を除く", "restriction2": "１月１日〜３日を除く", "supportsTruck": true, "supportsMotorcycle": false, "supportsStandard": true, "supportsSenior": false}, "geometry": {"type": "LineString", "coordinates": [[139.768558883547, 35.6768682043501], [139.770295002038, 35.6796721584101]]}}, {"type": "Feature", "properties": {"id": "13_369", "prefCode": "13", "policeStationCode": "", "name": "パーキング・メーター #369", "spaces": null, "timeLimitMinutes": 60, "feeYen": 300, "vehicleType": "standard", "operatingHours": [{"startTime": "09:00", "endTime": "19:00"}], "operatingDays": [1, 2, 3, 4, 5, 6], "exclusions": ["holidays", "sundays"], "overlappingRegulations": [], "lastUpdated": "2025-10-01", "category": "パーキング・メーター", "restriction1": "日曜・休日を除く", "restriction2": "１月１日〜３日を除く", "supportsTruck": true, "supportsMotorcycle": false, "supportsStandard": true, "supportsSenior": false}, "geometry": {"type": "MultiLineString", "coordinates": [[[139.781913387221, 35.7071531500326], [139.782070459186, 35.7084734202519], [139.782162190509, 35.7088673242304], [139.782867849076, 35.7110611755976], [139.782994484663, 35.7114411082076], [139.782973890661, 35.7127565772047], [139.782893114712, 35.7155910708702]], [[139.783051059272, 35.715558489502], [139.783105365208, 35.7129282967519], [139.783092353357, 35.7126796790059], [139.783139198444, 35.7113976514655], [139.782699445614, 35.7100458865753], [139.782245969967, 35.7086148774699], [139.782062533076, 35.7071383603948]]]}}, {"type": "Feature", "properties": {"id": "13_371", "prefCode": "13", "policeStationCode": "", "name": "パーキング・メーター #371", "spaces": null, "timeLimitMinutes": 60, "feeYen": 300, "vehicleType": "standard", "operatingHours": [{"startTime": "09:00", "endTime": "19:00"}], "operatingDays": [1, 2, 3, 4, 5, 6], "exclusions": ["holidays", "sundays"], "overlappingRegulations": [], "lastUpdated": "2025-10-01", "category": "パーキング・メーター", "restriction1": "日曜・休日を除く", "restriction2": "１月１日〜３日を除く", "supportsTruck": true, "supportsMotorcycle": false, "supportsStandard": true, "supportsSenior": false}, "geometry": {"type": "LineString", "coordinates": [[139.782871823165, 35.7128689454234], [139.781673677164, 35.7129758111434], [139.780909998331, 35.713034538951]]}}, {"type": "Feature", "properties": {"id": "13_372", "prefCode": "13", "policeStationCode": "", "name": "パーキング・メーター #372", "spaces": null, "timeLimitMinutes": 60, "feeYen": 300, "vehicleType": "standard", "operatingHours": [{"startTime": "09:00", "endTime": "19:00"}], "operatingDays": [1, 2, 3, 4, 5, 6], "exclusions": ["holidays", "sundays"], "overlappingRegulations": [], "lastUpdated": "2025-10-01", "category": "パーキング・メーター", "restriction1": "日曜・休日を除く", "restriction2": "１月１日〜３日を除く", "supportsTruck": false, "supportsMotorcycle": false, "supportsStandard": true, "supportsSenior": false}, "geometry": {"type": "LineString", "coordinates": [[139.777912391322, 35.70573424115], [139.778062056691, 35.7073558229141]]}}, {"type": "Feature", "properties": {"id": "13_373", "prefCode": "13", "policeStationCode": "", "name": "パーキング・メーター #373", "spaces": null, "timeLimitMinutes": 60, "feeYen": 300, "vehicleType": "standard", "operatingHours": [{"startTime": "07:00", "endTime": "20:00"}], "operatingDays": [0, 1, 2, 3, 4, 5, 6], "exclusions": [], "overlappingRegulations": [], "lastUpdated": "2025-10-01", "category": "パーキング・メーター", "restriction1": "", "restriction2": "１月１日〜３日を除く", "supportsTruck": true, "supportsMotorcycle": false, "supportsStandard": true, "supportsSenior": false}, "geometry": {"type": "MultiLineString", "coordinates": [[[139.772105051611, 35.6909833607466], [139.774586460878, 35.6917059834017]], [[139.774612552533, 35.6915987026125], [139.772138577294, 35.6908760842629]]]}}, {"type": "Feature", "properties": {"id": "13_375", "prefCode": "13", "policeStationCode": "", "name": "パーキング・メーター #375", "spaces": null, "timeLimitMinutes": 60, "feeYen": 300, "vehicleType": "standard", "operatingHours": [{"startTime": "09:00", "endTime": "19:00"}], "operatingDays": [1, 2, 3, 4, 5, 6], "exclusions": ["holidays", "sundays"], "overlappingRegulations": [], "lastUpdated": "2025-10-01", "category": "パーキング・メーター", "restriction1": "日曜・休日を除く", "restriction2": "１月１日〜３日を除く", "supportsTruck": false, "supportsMotorcycle": false, "supportsStandard": true, "supportsSenior": false}, "geometry": {"type": "LineString", "coordinates": [[139.733555185668, 35.6570283361483], [139.733147889404, 35.6572744380742], [139.73276110911, 35.6576161520144], [139.732551393506, 35.6579522600047], [139.732314001838, 35.658654439221]]}}, {"type": "Feature", "properties": {"id": "13_376", "prefCode": "13", "policeStationCode": "", "name": "パーキング・メーター #376", "spaces": null, "timeLimitMinutes": 60, "feeYen": 300, "vehicleType": "standard", "operatingHours": [{"startTime": "09:00", "endTime": "19:00"}], "operatingDays": [1, 2, 3, 4, 5, 6], "exclusions": ["holidays", "sundays"], "overlappingRegulations": [], "lastUpdated": "2025-10-01", "category": "パーキング・メーター", "restriction1": "日曜・休日を除く", "restriction2": "１月１日〜３日を除く", "supportsTruck": true, "supportsMotorcycle": false, "supportsStandard": true, "supportsSenior": false}, "geometry": {"type": "MultiLineString", "coordinates": [[[139.702563310557, 35.646728204591], [139.704660835788, 35.6465317688694], [139.705903916812, 35.646334288045], [139.707367202991, 35.6462898909182], [139.707632773246, 35.6463417962802], [139.708222043796, 35.6466701768144], [139.708609503204, 35.6470486244896]], [[139.708792855582, 35.6469996372661], [139.708176578082, 35.6464647595289], [139.707630924298, 35.6461805318231], [139.707322277694, 35.6461499727546], [139.705732396846, 35.646219570262], [139.704659268084, 35.6463610760764], [139.70264844434, 35.6465270990325]]]}}, {"type": "Feature", "properties": {"id": "13_378", "prefCode": "13", "policeStationCode": "", "name": "パーキング・メーター #378", "spaces": null, "timeLimitMinutes": 60, "feeYen": 300, "vehicleType": "standard", "operatingHours": [{"startTime": "09:00", "endTime": "19:00"}], "operatingDays": [1, 2, 3, 4, 5, 6], "exclusions": ["holidays", "sundays"], "overlappingRegulations": [], "lastUpdated": "2025-10-01", "category": "パーキング・メーター", "restriction1": "日曜・休日を除く", "restriction2": "１月１日〜３日を除く", "supportsTruck": true, "supportsMotorcycle": false, "supportsStandard": true, "supportsSenior": false}, "geometry": {"type": "LineString", "coordinates": [[139.712028477477, 35.6463504015544], [139.711253176769, 35.6470783788353], [139.710811206091, 35.6474778392241]]}}, {"type": "Feature", "properties": {"id": "13_379", "prefCode": "13", "policeStationCode": "", "name": "パーキング・メーター #379", "spaces": null, "timeLimitMinutes": 60, "feeYen": 300, "vehicleType": "standard", "operatingHours": [{"startTime": "09:00", "endTime": "19:00"}], "operatingDays": [1, 2, 3, 4, 5, 6], "exclusions": ["holidays", "sundays"], "overlappingRegulations": [], "lastUpdated": "2025-10-01", "category": "パーキング・メーター", "restriction1": "日曜・休日を除く", "restriction2": "１月１日〜３日を除く", "supportsTruck": true, "supportsMotorcycle": false, "supportsStandard": true, "supportsSenior": false}, "geometry": {"type": "LineString", "coordinates": [[139.710234350749, 35.6481439844419], [139.711398957562, 35.6470716816603]]}}, {"type": "Feature", "properties": {"id": "13_380", "prefCode": "13", "policeStationCode": "", "name": "パーキング・メーター #380", "spaces": null, "timeLimitMinutes": 60, "feeYen": 300, "vehicleType": "standard", "operatingHours": [{"startTime": "08:00", "endTime": "20:00"}], "operatingDays": [1, 2, 3, 4, 5, 6], "exclusions": ["holidays", "sundays"], "overlappingRegulations": [], "lastUpdated": "2025-10-01", "category": "パーキング・メーター", "restriction1": "日曜・休日を除く", "restriction2": "１月１日〜３日を除く", "supportsTruck": true, "supportsMotorcycle": false, "supportsStandard": true, "supportsSenior": false}, "geometry": {"type": "LineString", "coordinates": [[139.754993299366, 35.6994879115469], [139.755575203761, 35.6983813616071], [139.756073497015, 35.6974091314643], [139.75656009328, 35.6964822363376], [139.756791717588, 35.6960358928065]]}}, {"type": "Feature", "properties": {"id": "13_381", "prefCode": "13", "policeStationCode": "", "name": "パーキング・メーター #381", "spaces": null, "timeLimitMinutes": 60, "feeYen": 300, "vehicleType": "standard", "operatingHours": [{"startTime": "08:00", "endTime": "20:00"}], "operatingDays": [1, 2, 3, 4, 5, 6], "exclusions": ["holidays", "sundays"], "overlappingRegulations": [], "lastUpdated": "2025-10-01", "category": "パーキング・メーター", "restriction1": "日曜・休日を除く", "restriction2": "１月１日〜３日を除く", "supportsTruck": false, "supportsMotorcycle": false, "supportsStandard": true, "supportsSenior": false}, "geometry": {"type": "LineString", "coordinates": [[139.755627044121, 35.6952068175447], [139.754347430269, 35.6951517206763], [139.753259514383, 35.6951236947732]]}}, {"type": "Feature", "properties": {"id": "13_382", "prefCode": "13", "policeStationCode": "", "name": "パーキング・メーター #382", "spaces": null, "timeLimitMinutes": 60, "feeYen": 300, "vehicleType": "standard", "operatingHours": [{"startTime": "08:00", "endTime": "20:00"}], "operatingDays": [0, 1, 2, 3, 4, 5, 6], "exclusions": [], "overlappingRegulations": [], "lastUpdated": "2025-10-01", "category": "パーキング・メーター", "restriction1": "", "restriction2": "１月１日〜３日を除く", "supportsTruck": true, "supportsMotorcycle": false, "supportsStandard": true, "supportsSenior": false}, "geometry": {"type": "LineString", "coordinates": [[139.753543663604, 35.6991127099768], [139.752537265189, 35.6988502729964]]}}, {"type": "Feature", "properties": {"id": "13_383", "prefCode": "13", "policeStationCode": "", "name": "パーキング・メーター #383", "spaces": null, "timeLimitMinutes": 60, "feeYen": 300, "vehicleType": "standard", "operatingHours": [{"startTime": "09:00", "endTime": "19:00"}], "operatingDays": [1, 2, 3, 4, 5, 6], "exclusions": ["holidays", "sundays"], "overlappingRegulations": [], "lastUpdated": "2025-10-01", "category": "パーキング・メーター", "restriction1": "日曜・休日を除く", "restriction2": "１月１日〜３日を除く", "supportsTruck": true, "supportsMotorcycle": false, "supportsStandard": true, "supportsSenior": false}, "geometry": {"type": "LineString", "coordinates": [[139.777413587704, 35.6770881536181], [139.778462656163, 35.6787152232349], [139.778720703219, 35.6791304625637]]}}, {"type": "Feature", "properties": {"id": "13_384", "prefCode": "13", "policeStationCode": "", "name": "パーキング・メーター #384", "spaces": null, "timeLimitMinutes": 60, "feeYen": 300, "vehicleType": "standard", "operatingHours": [{"startTime": "09:00", "endTime": "19:00"}], "operatingDays": [1, 2, 3, 4, 5, 6], "exclusions": ["holidays", "sundays"], "overlappingRegulations": [], "lastUpdated": "2025-10-01", "category": "パーキング・メーター", "restriction1": "日曜・休日を除く", "restriction2": "１月１日〜３日を除く", "supportsTruck": true, "supportsMotorcycle": false, "supportsStandard": true, "supportsSenior": false}, "geometry": {"type": "LineString", "coordinates": [[139.778919876653, 35.6794516659794], [139.779343944737, 35.6801337071344]]}}, {"type": "Feature", "properties": {"id": "13_385", "prefCode": "13", "policeStationCode": "", "name": "パーキング・メーター #385", "spaces": null, "timeLimitMinutes": 60, "feeYen": 300, "vehicleType": "standard", "operatingHours": [{"startTime": "09:00", "endTime": "21:00"}], "operatingDays": [0, 1, 2, 3, 4, 5, 6], "exclusions": [], "overlappingRegulations": [], "lastUpdated": "2025-10-01", "category": "パーキング・メーター", "restriction1": "", "restriction2": "１月１日〜３日を除く", "supportsTruck": true, "supportsMotorcycle": false, "supportsStandard": true, "supportsSenior": false}, "geometry": {"type": "LineString", "coordinates": [[139.759753534945, 35.6681391763041], [139.760318218183, 35.6686701212163], [139.763818123838, 35.6719921674941]]}}, {"type": "Feature", "properties": {"id": "13_386", "prefCode": "13", "policeStationCode": "", "name": "パーキング・メーター #386", "spaces": null, "timeLimitMinutes": 60, "feeYen": 300, "vehicleType": "standard", "operatingHours": [{"startTime": "09:00", "endTime": "19:00"}], "operatingDays": [1, 2, 3, 4, 5, 6], "exclusions": ["holidays", "sundays"], "overlappingRegulations": [], "lastUpdated": "2025-10-01", "category": "パーキング・メーター", "restriction1": "日曜・休日を除く", "restriction2": "１月１日〜３日を除く", "supportsTruck": true, "supportsMotorcycle": false, "supportsStandard": true, "supportsSenior": false}, "geometry": {"type": "LineString", "coordinates": [[139.776537899969, 35.6756982941878], [139.777255908874, 35.6768422969815]]}}, {"type": "Feature", "properties": {"id": "13_387", "prefCode": "13", "policeStationCode": "", "name": "パーキング・メーター #387", "spaces": null, "timeLimitMinutes": 60, "feeYen": 300, "vehicleType": "standard", "operatingHours": [{"startTime": "09:00", "endTime": "19:00"}], "operatingDays": [1, 2, 3, 4, 5, 6], "exclusions": ["holidays", "sundays"], "overlappingRegulations": [], "lastUpdated": "2025-10-01", "category": "パーキング・メーター", "restriction1": "日曜・休日を除く", "restriction2": "１月１日〜３日を除く", "supportsTruck": false, "supportsMotorcycle": false, "supportsStandard": true, "supportsSenior": false}, "geometry": {"type": "LineString", "coordinates": [[139.77768253569, 35.6889431666967], [139.779114844235, 35.6898907835516]]}}, {"type": "Feature", "properties": {"id": "13_388", "prefCode": "13", "policeStationCode": "", "name": "パーキング・メーター #388", "spaces": null, "timeLimitMinutes": 60, "feeYen": 300, "vehicleType": "standard", "operatingHours": [{"startTime": "09:00", "endTime": "19:00"}], "operatingDays": [1, 2, 3, 4, 5, 6], "exclusions": ["holidays", "sundays"], "overlappingRegulations": [], "lastUpdated": "2025-10-01", "category": "パーキング・メーター", "restriction1": "日曜・休日を除く", "restriction2": "１月１日〜３日を除く", "supportsTruck": true, "supportsMotorcycle": false, "supportsStandard": true, "supportsSenior": false}, "geometry": {"type": "LineString", "coordinates": [[139.74979097285, 35.6708589679896], [139.751652066777, 35.670219754275]]}}, {"type": "Feature", "properties": {"id": "13_389", "prefCode": "13", "policeStationCode": "", "name": "パーキング・メーター #389", "spaces": null, "timeLimitMinutes": 60, "feeYen": 300, "vehicleType": "standard", "operatingHours": [{"startTime": "09:00", "endTime": "19:00"}], "operatingDays": [1, 2, 3, 4, 5, 6], "exclusions": ["holidays", "sundays"], "overlappingRegulations": [], "lastUpdated": "2025-10-01", "category": "パーキング・メーター", "restriction1": "日曜・休日を除く", "restriction2": "１月１日〜３日を除く", "supportsTruck": true, "supportsMotorcycle": false, "supportsStandard": true, "supportsSenior": false}, "geometry": {"type": "MultiLineString", "coordinates": [[[139.751342539978, 35.6707725919553], [139.750023895762, 35.6712129408048]], [[139.749983997759, 35.671274459824], [139.751364078719, 35.6708145962919]]]}}, {"type": "Feature", "properties": {"id": "13_391", "prefCode": "13", "policeStationCode": "", "name": "パーキング・メーター #391", "spaces": null, "timeLimitMinutes": 60, "feeYen": 300, "vehicleType": "standard", "operatingHours": [{"startTime": "09:00", "endTime": "19:00"}], "operatingDays": [1, 2, 3, 4, 5, 6], "exclusions": ["holidays", "sundays"], "overlappingRegulations": [], "lastUpdated": "2025-10-01", "category": "パーキング・メーター", "restriction1": "日曜・休日を除く", "restriction2": "１月１日〜３日を除く", "supportsTruck": false, "supportsMotorcycle": false, "supportsStandard": true, "supportsSenior": false}, "geometry": {"type": "LineString", "coordinates": [[139.751451559385, 35.6650729401294], [139.751090244186, 35.6642998465287]]}}, {"type": "Feature", "properties": {"id": "13_392", "prefCode": "13", "policeStationCode": "", "name": "パーキング・メーター #392", "spaces": null, "timeLimitMinutes": 60, "feeYen": 300, "vehicleType": "standard", "operatingHours": [{"startTime": "07:00", "endTime": "20:00"}], "operatingDays": [0, 1, 2, 3, 4, 5, 6], "exclusions": [], "overlappingRegulations": [], "lastUpdated": "2025-10-01", "category": "パーキング・メーター", "restriction1": "", "restriction2": "１月１日〜３日を除く", "supportsTruck": false, "supportsMotorcycle": false, "supportsStandard": true, "supportsSenior": false}, "geometry": {"type": "MultiLineString", "coordinates": [[[139.750367313206, 35.698241984339], [139.750641009999, 35.6982382095749], [139.751007562145, 35.6981762900708], [139.752226801638, 35.697991982192]], [[139.752227512197, 35.6978483974894], [139.750573597422, 35.6981049944521], [139.750417400195, 35.6981065560065]]]}}, {"type": "Feature", "properties": {"id": "13_394", "prefCode": "13", "policeStationCode": "", "name": "パーキング・メーター #394", "spaces": null, "timeLimitMinutes": 60, "feeYen": 300, "vehicleType": "standard", "operatingHours": [{"startTime": "09:00", "endTime": "19:00"}], "operatingDays": [0, 1, 2, 3, 4, 5, 6], "exclusions": [], "overlappingRegulations": [], "lastUpdated": "2025-10-01", "category": "パーキング・メーター", "restriction1": "", "restriction2": "１月１日〜３日を除く", "supportsTruck": true, "supportsMotorcycle": false, "supportsStandard": true, "supportsSenior": false}, "geometry": {"type": "MultiLineString", "coordinates": [[[139.700799250785, 35.6981393262773], [139.70197087718, 35.6981943062522], [139.704227597706, 35.6983899817823], [139.704430413551, 35.6983901991397], [139.705186493056, 35.6983212980076], [139.706838460144, 35.6981083437811]], [[139.706763214457, 35.6979435449944], [139.704768206593, 35.6981991767175], [139.704358717974, 35.6982202868506], [139.703245767485, 35.6981277550936], [139.702008970287, 35.6980298056074], [139.700844454566, 35.6979855930057]]]}}, {"type": "Feature", "properties": {"id": "13_398", "prefCode": "13", "policeStationCode": "", "name": "パーキング・メーター #398", "spaces": null, "timeLimitMinutes": 60, "feeYen": 300, "vehicleType": "standard", "operatingHours": [{"startTime": "09:00", "endTime": "19:00"}], "operatingDays": [1, 2, 3, 4, 5, 6], "exclusions": ["holidays", "sundays"], "overlappingRegulations": [], "lastUpdated": "2025-10-01", "category": "パーキング・メーター", "restriction1": "日曜・休日を除く", "restriction2": "１月１日〜３日を除く", "supportsTruck": true, "supportsMotorcycle": false, "supportsStandard": true, "supportsSenior": false}, "geometry": {"type": "MultiLineString", "coordinates": [[[139.716996862753, 35.6338876888252], [139.71748398598, 35.6340064275737], [139.71880634211, 35.6344859429437], [139.719286644816, 35.6347229009005]], [[139.719315590654, 35.6345507678917], [139.718435319938, 35.6341796701573], [139.717265778576, 35.63377605314]]]}}, {"type": "Feature", "properties": {"id": "13_400", "prefCode": "13", "policeStationCode": "", "name": "パーキング・チケット #400", "spaces": null, "timeLimitMinutes": 60, "feeYen": 300, "vehicleType": "standard", "operatingHours": [{"startTime": "09:00", "endTime": "19:00"}], "operatingDays": [1, 2, 3, 4, 5, 6], "exclusions": ["holidays", "sundays"], "overlappingRegulations": [], "lastUpdated": "2025-10-01", "category": "パーキング・チケット", "restriction1": "日曜・休日を除く", "restriction2": "１月１日〜３日を除く", "supportsTruck": true, "supportsMotorcycle": false, "supportsStandard": true, "supportsSenior": false}, "geometry": {"type": "LineString", "coordinates": [[139.723433715555, 35.6268145164579], [139.72270633726, 35.6274877167063], [139.722706216224, 35.6275755777487]]}}, {"type": "Feature", "properties": {"id": "13_401", "prefCode": "13", "policeStationCode": "", "name": "パーキング・メーター #401", "spaces": null, "timeLimitMinutes": 60, "feeYen": 300, "vehicleType": "standard", "operatingHours": [{"startTime": "09:00", "endTime": "19:00"}], "operatingDays": [1, 2, 3, 4, 5, 6], "exclusions": ["holidays", "sundays"], "overlappingRegulations": [], "lastUpdated": "2025-10-01", "category": "パーキング・メーター", "restriction1": "日曜・休日を除く", "restriction2": "１月１日〜３日を除く", "supportsTruck": true, "supportsMotorcycle": false, "supportsStandard": true, "supportsSenior": false}, "geometry": {"type": "MultiLineString", "coordinates": [[[139.72043465688, 35.6288110773171], [139.721526306095, 35.6283130967179], [139.722473414327, 35.62775060643]], [[139.722420417057, 35.6277330731733], [139.72175561128, 35.6281029777485], [139.720905941093, 35.6285374549366], [139.720392089962, 35.6287251252656]]]}}, {"type": "Feature", "properties": {"id": "13_403", "prefCode": "13", "policeStationCode": "", "name": "パーキング・メーター #403", "spaces": null, "timeLimitMinutes": 60, "feeYen": 300, "vehicleType": "standard", "operatingHours": [{"startTime": "09:00", "endTime": "19:00"}], "operatingDays": [1, 2, 3, 4, 5, 6], "exclusions": ["holidays", "sundays"], "overlappingRegulations": [], "lastUpdated": "2025-10-01", "category": "パーキング・メーター", "restriction1": "日曜・休日を除く", "restriction2": "１月１日〜３日を除く", "supportsTruck": false, "supportsMotorcycle": false, "supportsStandard": true, "supportsSenior": false}, "geometry": {"type": "LineString", "coordinates": [[139.71962339824, 35.6271667625153], [139.720707715025, 35.626921053101], [139.722535100038, 35.6261983683626]]}}, {"type": "Feature", "properties": {"id": "13_406", "prefCode": "13", "policeStationCode": "", "name": "パーキング・メーター #406", "spaces": null, "timeLimitMinutes": 60, "feeYen": 300, "vehicleType": "standard", "operatingHours": [{"startTime": "09:00", "endTime": "19:00"}], "operatingDays": [0, 1, 2, 3, 4, 5, 6], "exclusions": [], "overlappingRegulations": [], "lastUpdated": "2025-10-01", "category": "パーキング・メーター", "restriction1": "", "restriction2": "１月１日〜３日を除く", "supportsTruck": true, "supportsMotorcycle": false, "supportsStandard": true, "supportsSenior": false}, "geometry": {"type": "LineString", "coordinates": [[139.792172788652, 35.7114765778653], [139.794489895706, 35.711182089121], [139.796899141826, 35.710876847002]]}}, {"type": "Feature", "properties": {"id": "13_407", "prefCode": "13", "policeStationCode": "", "name": "パーキング・メーター #407", "spaces": null, "timeLimitMinutes": 60, "feeYen": 300, "vehicleType": "standard", "operatingHours": [{"startTime": "09:00", "endTime": "19:00"}], "operatingDays": [1, 2, 3, 4, 5, 6], "exclusions": ["holidays", "sundays"], "overlappingRegulations": [], "lastUpdated": "2025-10-01", "category": "パーキング・メーター", "restriction1": "日曜・休日を除く", "restriction2": "１月１日〜３日を除く", "supportsTruck": false, "supportsMotorcycle": false, "supportsStandard": true, "supportsSenior": false}, "geometry": {"type": "LineString", "coordinates": [[139.754778837745, 35.6588003050881], [139.753902356262, 35.6588955206165], [139.752522816181, 35.6591281762975]]}}, {"type": "Feature", "properties": {"id": "13_410", "prefCode": "13", "policeStationCode": "", "name": "パーキング・メーター #410", "spaces": null, "timeLimitMinutes": 60, "feeYen": 300, "vehicleType": "standard", "operatingHours": [{"startTime": "09:00", "endTime": "19:00"}], "operatingDays": [1, 2, 3, 4, 5, 6], "exclusions": ["holidays", "sundays"], "overlappingRegulations": [], "lastUpdated": "2025-10-01", "category": "パーキング・メーター", "restriction1": "日曜・休日を除く", "restriction2": "１月１日〜３日を除く", "supportsTruck": false, "supportsMotorcycle": false, "supportsStandard": true, "supportsSenior": false}, "geometry": {"type": "LineString", "coordinates": [[139.716057449397, 35.634956450759], [139.715169912838, 35.6348052681856]]}}, {"type": "Feature", "properties": {"id": "13_411", "prefCode": "13", "policeStationCode": "", "name": "パーキング・メーター #411", "spaces": null, "timeLimitMinutes": 60, "feeYen": 300, "vehicleType": "standard", "operatingHours": [{"startTime": "09:00", "endTime": "19:00"}], "operatingDays": [1, 2, 3, 4, 5, 6], "exclusions": ["holidays", "sundays"], "overlappingRegulations": [], "lastUpdated": "2025-10-01", "category": "パーキング・メーター", "restriction1": "日曜・休日を除く", "restriction2": "１月１日〜３日を除く", "supportsTruck": false, "supportsMotorcycle": false, "supportsStandard": true, "supportsSenior": false}, "geometry": {"type": "MultiLineString", "coordinates": [[[139.752974892242, 35.6609949308427], [139.75415776892, 35.6635529274713], [139.75441843096, 35.6640985063449]], [[139.754497925086, 35.6640719194951], [139.754244119328, 35.6635420558006], [139.753359387304, 35.6616350867793], [139.753054889887, 35.6609775425131]]]}}, {"type": "Feature", "properties": {"id": "13_413", "prefCode": "13", "policeStationCode": "", "name": "パーキング・メーター #413", "spaces": null, "timeLimitMinutes": 60, "feeYen": 300, "vehicleType": "standard", "operatingHours": [{"startTime": "07:00", "endTime": "20:00"}], "operatingDays": [0, 1, 2, 3, 4, 5, 6], "exclusions": [], "overlappingRegulations": [], "lastUpdated": "2025-10-01", "category": "パーキング・メーター", "restriction1": "", "restriction2": "１月１日〜３日を除く", "supportsTruck": true, "supportsMotorcycle": false, "supportsStandard": true, "supportsSenior": false}, "geometry": {"type": "LineString", "coordinates": [[139.704735622785, 35.6568535766347], [139.705588298991, 35.6561946604528], [139.706027332187, 35.655853769438], [139.706540841114, 35.6553917547078]]}}, {"type": "Feature", "properties": {"id": "13_414", "prefCode": "13", "policeStationCode": "", "name": "パーキング・メーター #414", "spaces": null, "timeLimitMinutes": 60, "feeYen": 300, "vehicleType": "standard", "operatingHours": [{"startTime": "07:00", "endTime": "20:00"}], "operatingDays": [0, 1, 2, 3, 4, 5, 6], "exclusions": [], "overlappingRegulations": [], "lastUpdated": "2025-10-01", "category": "パーキング・メーター", "restriction1": "", "restriction2": "１月１日〜３日を除く", "supportsTruck": true, "supportsMotorcycle": false, "supportsStandard": true, "supportsSenior": false}, "geometry": {"type": "LineString", "coordinates": [[139.705462365448, 35.656104344923], [139.705191136623, 35.6563122936261], [139.70472925161, 35.6566066049082], [139.704461719255, 35.6567856467532], [139.704263543409, 35.6569604998677], [139.704097136369, 35.6570919302105], [139.703866572467, 35.6572844786131]]}}, {"type": "Feature", "properties": {"id": "13_415", "prefCode": "13", "policeStationCode": "", "name": "パーキング・メーター #415", "spaces": null, "timeLimitMinutes": 60, "feeYen": 300, "vehicleType": "standard", "operatingHours": [{"startTime": "09:00", "endTime": "19:00"}], "operatingDays": [1, 2, 3, 4, 5, 6], "exclusions": ["holidays", "sundays"], "overlappingRegulations": [], "lastUpdated": "2025-10-01", "category": "パーキング・メーター", "restriction1": "日曜・休日を除く", "restriction2": "１月１日〜３日を除く", "supportsTruck": false, "supportsMotorcycle": false, "supportsStandard": true, "supportsSenior": false}, "geometry": {"type": "MultiLineString", "coordinates": [[[139.78203092143, 35.7069603076994], [139.781923668132, 35.7063518103395], [139.781818953045, 35.7057254760934], [139.781664292671, 35.7049651107615], [139.78141968899, 35.703905864325], [139.781071844989, 35.7023688743472]], [[139.78092747202, 35.7023127418873], [139.781075314371, 35.7030836455324], [139.781594686994, 35.7053126887554], [139.781815315614, 35.7065486655056], [139.781860394588, 35.7069489501297]]]}}, {"type": "Feature", "properties": {"id": "13_417", "prefCode": "13", "policeStationCode": "", "name": "パーキング・メーター #417", "spaces": null, "timeLimitMinutes": 60, "feeYen": 300, "vehicleType": "standard", "operatingHours": [{"startTime": "08:00", "endTime": "20:00"}], "operatingDays": [0, 1, 2, 3, 4, 5, 6], "exclusions": [], "overlappingRegulations": [], "lastUpdated": "2025-10-01", "category": "パーキング・メーター", "restriction1": "", "restriction2": "１月１日〜３日を除く", "supportsTruck": false, "supportsMotorcycle": false, "supportsStandard": true, "supportsSenior": false}, "geometry": {"type": "LineString", "coordinates": [[139.766995204802, 35.6896432950951], [139.768329704184, 35.6894608205969], [139.768496356477, 35.6894226801444]]}}, {"type": "Feature", "properties": {"id": "13_418", "prefCode": "13", "policeStationCode": "", "name": "パーキング・メーター #418", "spaces": null, "timeLimitMinutes": 60, "feeYen": 300, "vehicleType": "standard", "operatingHours": [{"startTime": "09:00", "endTime": "21:00"}], "operatingDays": [0, 1, 2, 3, 4, 5, 6], "exclusions": [], "overlappingRegulations": [], "lastUpdated": "2025-10-01", "category": "パーキング・メーター", "restriction1": "", "restriction2": "１月１日〜３日を除く", "supportsTruck": true, "supportsMotorcycle": false, "supportsStandard": true, "supportsSenior": false}, "geometry": {"type": "LineString", "coordinates": [[139.770076029656, 35.6740154338722], [139.769751349504, 35.6736139216496], [139.768388200456, 35.6718799121176], [139.767569803933, 35.6708999136484], [139.766918477312, 35.6702615751262], [139.766719313378, 35.6700707244229]]}}, {"type": "Feature", "properties": {"id": "13_419", "prefCode": "13", "policeStationCode": "", "name": "パーキング・メーター #419", "spaces": null, "timeLimitMinutes": 60, "feeYen": 300, "vehicleType": "standard", "operatingHours": [{"startTime": "09:00", "endTime": "19:00"}], "operatingDays": [1, 2, 3, 4, 5, 6], "exclusions": ["holidays", "sundays"], "overlappingRegulations": [], "lastUpdated": "2025-10-01", "category": "パーキング・メーター", "restriction1": "日曜・休日を除く", "restriction2": "１月１日〜３日を除く", "supportsTruck": false, "supportsMotorcycle": false, "supportsStandard": true, "supportsSenior": false}, "geometry": {"type": "LineString", "coordinates": [[139.783407871907, 35.6805695802877], [139.78256847158, 35.6815581919671], [139.782015618136, 35.6822067163407], [139.781900714632, 35.6823246680196], [139.781842218509, 35.682364891233]]}}, {"type": "Feature", "properties": {"id": "13_420", "prefCode": "13", "policeStationCode": "", "name": "パーキング・メーター #420", "spaces": null, "timeLimitMinutes": 60, "feeYen": 300, "vehicleType": "standard", "operatingHours": [{"startTime": "08:00", "endTime": "20:00"}], "operatingDays": [0, 1, 2, 3, 4, 5, 6], "exclusions": [], "overlappingRegulations": [], "lastUpdated": "2025-10-01", "category": "パーキング・メーター", "restriction1": "", "restriction2": "１月１日〜３日を除く", "supportsTruck": false, "supportsMotorcycle": false, "supportsStandard": true, "supportsSenior": false}, "geometry": {"type": "LineString", "coordinates": [[139.756881836249, 35.6985939320109], [139.758014732421, 35.6990601292022], [139.758075003291, 35.6990953825562]]}}, {"type": "Feature", "properties": {"id": "13_421", "prefCode": "13", "policeStationCode": "", "name": "パーキング・メーター #421", "spaces": null, "timeLimitMinutes": 60, "feeYen": 300, "vehicleType": "standard", "operatingHours": [{"startTime": "09:00", "endTime": "21:00"}], "operatingDays": [0, 1, 2, 3, 4, 5, 6], "exclusions": [], "overlappingRegulations": [], "lastUpdated": "2025-10-01", "category": "パーキング・メーター", "restriction1": "", "restriction2": "１月１日〜３日を除く", "supportsTruck": true, "supportsMotorcycle": false, "supportsStandard": true, "supportsSenior": false}, "geometry": {"type": "LineString", "coordinates": [[139.765884771502, 35.6751853489332], [139.766678864305, 35.6746349921361], [139.768484119396, 35.6733610570654], [139.769152476737, 35.672920378352], [139.769592235554, 35.6726348438235]]}}, {"type": "Feature", "properties": {"id": "13_422", "prefCode": "13", "policeStationCode": "", "name": "パーキング・メーター #422", "spaces": null, "timeLimitMinutes": 60, "feeYen": 300, "vehicleType": "standard", "operatingHours": [{"startTime": "09:00", "endTime": "20:00"}], "operatingDays": [0, 1, 2, 3, 4, 5, 6], "exclusions": [], "overlappingRegulations": [], "lastUpdated": "2025-10-01", "category": "パーキング・メーター", "restriction1": "", "restriction2": "１月１日〜３日を除く", "supportsTruck": true, "supportsMotorcycle": false, "supportsStandard": true, "supportsSenior": false}, "geometry": {"type": "MultiLineString", "coordinates": [[[139.703794312007, 35.6693140120636], [139.705255657715, 35.6686483884171]], [[139.705162232496, 35.6685146189013], [139.703724057637, 35.6691863948072]]]}}, {"type": "Feature", "properties": {"id": "13_424", "prefCode": "13", "policeStationCode": "", "name": "パーキング・メーター #424", "spaces": null, "timeLimitMinutes": 60, "feeYen": 300, "vehicleType": "standard", "operatingHours": [{"startTime": "09:00", "endTime": "20:00"}], "operatingDays": [0, 1, 2, 3, 4, 5, 6], "exclusions": [], "overlappingRegulations": [], "lastUpdated": "2025-10-01", "category": "パーキング・メーター", "restriction1": "", "restriction2": "１月１日〜３日を除く", "supportsTruck": true, "supportsMotorcycle": false, "supportsStandard": true, "supportsSenior": false}, "geometry": {"type": "LineString", "coordinates": [[139.635554179296, 35.6997750391795], [139.636427229578, 35.7033841114135], [139.636570356761, 35.7040732226384]]}}, {"type": "Feature", "properties": {"id": "13_425", "prefCode": "13", "policeStationCode": "", "name": "パーキング・メーター #425", "spaces": null, "timeLimitMinutes": 60, "feeYen": 300, "vehicleType": "standard", "operatingHours": [{"startTime": "09:00", "endTime": "19:00"}], "operatingDays": [0, 1, 2, 3, 4, 5, 6], "exclusions": [], "overlappingRegulations": [], "lastUpdated": "2025-10-01", "category": "パーキング・メーター", "restriction1": "", "restriction2": "１月１日〜３日を除く", "supportsTruck": true, "supportsMotorcycle": false, "supportsStandard": true, "supportsSenior": false}, "geometry": {"type": "LineString", "coordinates": [[139.762320965291, 35.6750242084676], [139.761307617016, 35.6752585549548]]}}, {"type": "Feature", "properties": {"id": "13_426", "prefCode": "13", "policeStationCode": "", "name": "パーキング・メーター #426", "spaces": null, "timeLimitMinutes": 60, "feeYen": 300, "vehicleType": "standard", "operatingHours": [{"startTime": "09:00", "endTime": "19:00"}], "operatingDays": [1, 2, 3, 4, 5, 6], "exclusions": ["holidays", "sundays"], "overlappingRegulations": [], "lastUpdated": "2025-10-01", "category": "パーキング・メーター", "restriction1": "日曜・休日を除く", "restriction2": "１月１日〜３日を除く", "supportsTruck": true, "supportsMotorcycle": false, "supportsStandard": true, "supportsSenior": false}, "geometry": {"type": "LineString", "coordinates": [[139.75288213465, 35.656874617285], [139.752726802854, 35.6548482720682], [139.752655685244, 35.6538110935928]]}}, {"type": "Feature", "properties": {"id": "13_427", "prefCode": "13", "policeStationCode": "", "name": "パーキング・メーター #427", "spaces": null, "timeLimitMinutes": 60, "feeYen": 300, "vehicleType": "standard", "operatingHours": [{"startTime": "09:00", "endTime": "19:00"}], "operatingDays": [1, 2, 3, 4, 5, 6], "exclusions": ["holidays", "sundays"], "overlappingRegulations": [], "lastUpdated": "2025-10-01", "category": "パーキング・メーター", "restriction1": "日曜・休日を除く", "restriction2": "１月１日〜３日を除く", "supportsTruck": false, "supportsMotorcycle": false, "supportsStandard": true, "supportsSenior": false}, "geometry": {"type": "LineString", "coordinates": [[139.781551509244, 35.6824199777962], [139.780642516707, 35.6823335926904], [139.780345487026, 35.6822580552538]]}}, {"type": "Feature", "properties": {"id": "13_428", "prefCode": "13", "policeStationCode": "", "name": "パーキング・メーター #428", "spaces": null, "timeLimitMinutes": 60, "feeYen": 300, "vehicleType": "standard", "operatingHours": [{"startTime": "09:00", "endTime": "19:00"}], "operatingDays": [1, 2, 3, 4, 5, 6], "exclusions": ["holidays", "sundays"], "overlappingRegulations": [], "lastUpdated": "2025-10-01", "category": "パーキング・メーター", "restriction1": "日曜・休日を除く", "restriction2": "１月１日〜３日を除く", "supportsTruck": true, "supportsMotorcycle": false, "supportsStandard": true, "supportsSenior": false}, "geometry": {"type": "LineString", "coordinates": [[139.771306796586, 35.6672707314082], [139.770462408046, 35.667936503491]]}}, {"type": "Feature", "properties": {"id": "13_429", "prefCode": "13", "policeStationCode": "", "name": "パーキング・メーター #429", "spaces": null, "timeLimitMinutes": 60, "feeYen": 300, "vehicleType": "standard", "operatingHours": [{"startTime": "09:00", "endTime": "19:00"}], "operatingDays": [1, 2, 3, 4, 5, 6], "exclusions": ["holidays", "sundays"], "overlappingRegulations": [], "lastUpdated": "2025-10-01", "category": "パーキング・メーター", "restriction1": "日曜・休日を除く", "restriction2": "１月１日〜３日を除く", "supportsTruck": false, "supportsMotorcycle": false, "supportsStandard": true, "supportsSenior": false}, "geometry": {"type": "LineString", "coordinates": [[139.771336585031, 35.6686481341077], [139.772247421691, 35.6679233439152]]}}, {"type": "Feature", "properties": {"id": "13_430", "prefCode": "13", "policeStationCode": "", "name": "パーキング・メーター #430", "spaces": null, "timeLimitMinutes": 60, "feeYen": 300, "vehicleType": "standard", "operatingHours": [{"startTime": "09:00", "endTime": "19:00"}], "operatingDays": [1, 2, 3, 4, 5, 6], "exclusions": ["holidays", "sundays"], "overlappingRegulations": [], "lastUpdated": "2025-10-01", "category": "パーキング・メーター", "restriction1": "日曜・休日を除く", "restriction2": "１月１日〜３日を除く", "supportsTruck": false, "supportsMotorcycle": false, "supportsStandard": true, "supportsSenior": false}, "geometry": {"type": "LineString", "coordinates": [[139.772527111591, 35.6706860737402], [139.772128642728, 35.6702085334091]]}}, {"type": "Feature", "properties": {"id": "13_431", "prefCode": "13", "policeStationCode": "", "name": "パーキング・メーター #431", "spaces": null, "timeLimitMinutes": 60, "feeYen": 300, "vehicleType": "standard", "operatingHours": [{"startTime": "07:00", "endTime": "20:00"}], "operatingDays": [0, 1, 2, 3, 4, 5, 6], "exclusions": [], "overlappingRegulations": [], "lastUpdated": "2025-10-01", "category": "パーキング・メーター", "restriction1": "", "restriction2": "１月１日〜３日を除く", "supportsTruck": false, "supportsMotorcycle": false, "supportsStandard": true, "supportsSenior": false}, "geometry": {"type": "LineString", "coordinates": [[139.776625935605, 35.6956182010407], [139.776390145605, 35.6964623886806]]}}, {"type": "Feature", "properties": {"id": "13_434", "prefCode": "13", "policeStationCode": "", "name": "パーキング・メーター #434", "spaces": null, "timeLimitMinutes": 60, "feeYen": 300, "vehicleType": "standard", "operatingHours": [{"startTime": "09:00", "endTime": "20:00"}], "operatingDays": [0, 1, 2, 3, 4, 5, 6], "exclusions": [], "overlappingRegulations": [], "lastUpdated": "2025-10-01", "category": "パーキング・メーター", "restriction1": "", "restriction2": "１月１日〜３日を除く", "supportsTruck": false, "supportsMotorcycle": false, "supportsStandard": true, "supportsSenior": false}, "geometry": {"type": "LineString", "coordinates": [[139.709246762259, 35.6721641078423], [139.7105675659, 35.6726214680671], [139.710906830226, 35.672685716118], [139.711332107653, 35.6726487817934], [139.713733535753, 35.6722325556325]]}}, {"type": "Feature", "properties": {"id": "13_435", "prefCode": "13", "policeStationCode": "", "name": "パーキング・メーター #435", "spaces": null, "timeLimitMinutes": 60, "feeYen": 300, "vehicleType": "standard", "operatingHours": [{"startTime": "09:00", "endTime": "19:00"}], "operatingDays": [1, 2, 3, 4, 5, 6], "exclusions": ["holidays", "sundays"], "overlappingRegulations": [], "lastUpdated": "2025-10-01", "category": "パーキング・メーター", "restriction1": "日曜・休日を除く", "restriction2": "１月１日〜３日を除く", "supportsTruck": true, "supportsMotorcycle": false, "supportsStandard": true, "supportsSenior": false}, "geometry": {"type": "MultiLineString", "coordinates": [[[139.744718340927, 35.7172107275864], [139.744388602688, 35.717387472751], [139.744252351444, 35.7174822835702], [139.744173757705, 35.7175516349367], [139.74360311762, 35.7180257950484], [139.743436672293, 35.7181665948181], [139.743121070007, 35.7184269621982], [139.742739012948, 35.7186455272536], [139.742578472594, 35.7187320318805], [139.742180829856, 35.7189552876], [139.741922667812, 35.7191181203366], [139.741501588927, 35.719474651273], [139.741414471969, 35.7195539736747], [139.741013906108, 35.719892695053], [139.740912514147, 35.7199873059205], [139.740860899065, 35.7200422947438], [139.740792335397, 35.7201259927173], [139.740677997091, 35.7202582068149], [139.7406020751, 35.7203356736398], [139.740506975688, 35.7204495154381], [139.740199267602, 35.720801186513], [139.740080785945, 35.7209351897662], [139.739961814347, 35.7210721805548], [139.73985048286, 35.7211952440882], [139.739589582007, 35.721493852696], [139.739531309098, 35.7215609232886], [139.739438146668, 35.7216597612378], [139.73934351426, 35.7217607948628], [139.739224978027, 35.7218527425742], [139.739083685438, 35.721963595175], [139.738614952876, 35.7223266719947], [139.73846104618, 35.7224429224322], [139.738004675457, 35.7227968856669], [139.737848695805, 35.7229146218946], [139.737514525258, 35.7231767536375], [139.737263507594, 35.7234092561327], [139.737124834206, 35.7235671224608], [139.736722850852, 35.7239818893409], [139.736596562544, 35.7241213185956], [139.736431844965, 35.7242910227609], [139.736292227557, 35.7244492839625], [139.73609207809, 35.7246696533484], [139.736059272633, 35.7247206001707], [139.736019674662, 35.7247552578251], [139.735958796974, 35.7248268773041], [139.735760097586, 35.7250561860015], [139.73550981144, 35.7253790281525], [139.735134664292, 35.7258645242396], [139.735034328346, 35.7259839240534], [139.734866454847, 35.7261442213441], [139.734647606153, 35.7263308556398], [139.734228312362, 35.7266927825512], [139.733839938809, 35.7270340560918], [139.733337706572, 35.7274643235725], [139.733246383688, 35.7275422919784], [139.733021761886, 35.7277384798203], [139.73279528394, 35.7279359364524], [139.7324132988, 35.7282662713615], [139.732103008886, 35.728528265503], [139.731959279136, 35.7286549661067], [139.731729694334, 35.7288549506118], [139.7315140006, 35.7290328993676], [139.730938694126, 35.7295275839651], [139.730660137216, 35.7297749554234], [139.730618969621, 35.7298111684496]], [[139.730090671275, 35.7308354273187], [139.73007216088, 35.7307015717629], [139.730070946812, 35.7305983011662], [139.730094065773, 35.7304968831461], [139.730156139967, 35.7303652611197], [139.73023958813, 35.7302544883223], [139.730352175367, 35.7301439800581], [139.730919624377, 35.7296553638203], [139.731055085593, 35.7295436834497], [139.731155110113, 35.7294650739211], [139.731270898892, 35.7293631668143], [139.731642146669, 35.72904023917], [139.732779324715, 35.7280516384161], [139.733289138676, 35.7276076650056], [139.734094374345, 35.7269127161273], [139.734947064641, 35.726177411183], [139.735126053341, 35.7260014210779], [139.735236160677, 35.7258657573099], [139.735855610918, 35.7250698430027], [139.736163553292, 35.724725449997], [139.736588126114, 35.7242433095331], [139.737377508528, 35.7234182063289], [139.737578551772, 35.7232169172113], [139.738895033665, 35.7222063317387], [139.739391383284, 35.7218274731092], [139.739495920874, 35.7217189969779], [139.740271596704, 35.7208436927698], [139.74076887727, 35.7202755365268], [139.741011293219, 35.720005326694], [139.741938405332, 35.7192069903336], [139.742139583499, 35.7190694573503], [139.743179938094, 35.7184807328725], [139.74422309379, 35.7176107631415], [139.744499985089, 35.7174168405153], [139.744755151857, 35.717289373868], [139.745489288199, 35.7169842721094], [139.74575533317, 35.7168582076117], [139.745956675813, 35.716699622963], [139.746325464333, 35.7163925401898], [139.746709390403, 35.7160789218182], [139.746825787669, 35.7159874345005], [139.747562023165, 35.7154875842573], [139.748336295334, 35.7149391955887], [139.749829866531, 35.7138632689915], [139.750024686418, 35.7137432435596]], [[139.749806569802, 35.7137851933212], [139.748905934575, 35.7144331333964], [139.748276289601, 35.7148805930392], [139.747638337345, 35.7153406412734], [139.746710686856, 35.7159778564389], [139.746266818359, 35.7163392027465], [139.745729392084, 35.7167749022481]], [[139.730059536776, 35.730336724946], [139.730029599432, 35.7303933567567], [139.729998388286, 35.7304959003289], [139.729969426742, 35.7306516122139], [139.729974422024, 35.7308021986863], [139.729984908549, 35.7308744551472]]]}}, {"type": "Feature", "properties": {"id": "13_439", "prefCode": "13", "policeStationCode": "", "name": "パーキング・メーター #439", "spaces": null, "timeLimitMinutes": 60, "feeYen": 300, "vehicleType": "standard", "operatingHours": [{"startTime": "09:00", "endTime": "19:00"}], "operatingDays": [1, 2, 3, 4, 5, 6], "exclusions": ["holidays", "sundays"], "overlappingRegulations": [], "lastUpdated": "2025-10-01", "category": "パーキング・メーター", "restriction1": "日曜・休日を除く", "restriction2": "１月１日〜３日を除く", "supportsTruck": true, "supportsMotorcycle": false, "supportsStandard": true, "supportsSenior": false}, "geometry": {"type": "MultiLineString", "coordinates": [[[139.729841439826, 35.7263293138819], [139.729741217847, 35.7266465038403], [139.729711302099, 35.7268014199291], [139.729562956048, 35.7273014680979], [139.729404441889, 35.7277573962166], [139.729238997539, 35.7284922568322], [139.729199671829, 35.7286752793527], [139.729152832683, 35.7290160723194], [139.729091655309, 35.7294674760058], [139.729072888144, 35.729783018825], [139.729059208045, 35.7301852712955], [139.729065113848, 35.7303389730571], [139.729104675727, 35.7305813935445]], [[139.72928025252, 35.7306162660556], [139.729246255698, 35.7304264884433], [139.7292295097, 35.7302282085179], [139.72924026323, 35.7297869314305], [139.729281828011, 35.7293472319389], [139.729360966386, 35.728722865906], [139.729437506913, 35.7282187992191], [139.729488053055, 35.7277859593677], [139.729679873546, 35.7272433771754], [139.729831858965, 35.7266911227985], [139.729870610044, 35.7264892302152], [139.73010320748, 35.7259818035603]]]}}, {"type": "Feature", "properties": {"id": "13_441", "prefCode": "13", "policeStationCode": "", "name": "パーキング・チケット #441", "spaces": null, "timeLimitMinutes": 60, "feeYen": 300, "vehicleType": "standard", "operatingHours": [{"startTime": "09:00", "endTime": "19:00"}], "operatingDays": [1, 2, 3, 4, 5, 6], "exclusions": ["holidays", "sundays"], "overlappingRegulations": [], "lastUpdated": "2025-10-01", "category": "パーキング・チケット", "restriction1": "日曜・休日を除く", "restriction2": "１月１日〜３日を除く", "supportsTruck": true, "supportsMotorcycle": false, "supportsStandard": true, "supportsSenior": false}, "geometry": {"type": "MultiLineString", "coordinates": [[[139.726915389261, 35.7351717845718], [139.726866188233, 35.7352239915042], [139.72668105777, 35.7354004209489], [139.726495413974, 35.7355460580466], [139.726320575108, 35.7356414144247], [139.726184223817, 35.735702264052], [139.72609334294, 35.7357454417036], [139.725954326223, 35.7357953756433], [139.725165005918, 35.7360435609884], [139.724444200485, 35.7362783001156], [139.724162642696, 35.7364273850578], [139.724059678717, 35.7365007828543], [139.723783662826, 35.7367414826008], [139.723189833936, 35.7374807749013], [139.722827197105, 35.7379359917671], [139.722472607759, 35.7384366243671]], [[139.722520602635, 35.7385300932783], [139.722710252741, 35.7382399501653], [139.723280475453, 35.737492030537], [139.72387866566, 35.7367581937408], [139.724129010434, 35.7365470931819], [139.724234954473, 35.7364767406544], [139.724508264244, 35.7363269311609], [139.726180839051, 35.7357974482549], [139.726365117647, 35.7357090843136], [139.726557352205, 35.7356016029195], [139.726808157879, 35.7354027683841], [139.72694495239, 35.7352673413799], [139.726997513285, 35.7352107593857]]]}}, {"type": "Feature", "properties": {"id": "13_443", "prefCode": "13", "policeStationCode": "", "name": "パーキング・メーター #443", "spaces": null, "timeLimitMinutes": 60, "feeYen": 300, "vehicleType": "standard", "operatingHours": [{"startTime": "09:00", "endTime": "19:00"}], "operatingDays": [1, 2, 3, 4, 5, 6], "exclusions": ["holidays", "sundays"], "overlappingRegulations": [], "lastUpdated": "2025-10-01", "category": "パーキング・メーター", "restriction1": "日曜・休日を除く", "restriction2": "１月１日〜３日を除く", "supportsTruck": true, "supportsMotorcycle": false, "supportsStandard": true, "supportsSenior": false}, "geometry": {"type": "MultiLineString", "coordinates": [[[139.730352061407, 35.7319243386923], [139.730504233189, 35.7325117228295], [139.730675926522, 35.7329090209831], [139.730783774422, 35.7330532518422]], [[139.730863757965, 35.7330184901509], [139.730749767974, 35.7328686256011], [139.730611289491, 35.7325571109723], [139.73041941429, 35.7318921056693]]]}}, {"type": "Feature", "properties": {"id": "13_445", "prefCode": "13", "policeStationCode": "", "name": "パーキング・メーター #445", "spaces": null, "timeLimitMinutes": 60, "feeYen": 300, "vehicleType": "senior", "operatingHours": [{"startTime": "09:00", "endTime": "20:00"}], "operatingDays": [0, 1, 2, 3, 4, 5, 6], "exclusions": [], "overlappingRegulations": [], "lastUpdated": "2025-10-01", "category": "パーキング・メーター", "restriction1": "", "restriction2": "１月１日〜３日を除く", "supportsTruck": true, "supportsMotorcycle": false, "supportsStandard": true, "supportsSenior": true}, "geometry": {"type": "LineString", "coordinates": [[139.649345452698, 35.6987755360878], [139.649278418501, 35.6994481656512], [139.649267774507, 35.699795125902], [139.649555984231, 35.7018027021242], [139.649587819984, 35.7022842395985], [139.649613183537, 35.7046857059803], [139.649602438335, 35.7050390897779], [139.649586324623, 35.7051568540706], [139.649564884013, 35.7054571864331]]}}, {"type": "Feature", "properties": {"id": "13_446", "prefCode": "13", "policeStationCode": "", "name": "パーキング・メーター #446", "spaces": null, "timeLimitMinutes": 60, "feeYen": 300, "vehicleType": "standard", "operatingHours": [{"startTime": "09:00", "endTime": "20:00"}], "operatingDays": [0, 1, 2, 3, 4, 5, 6], "exclusions": [], "overlappingRegulations": [], "lastUpdated": "2025-10-01", "category": "パーキング・メーター", "restriction1": "", "restriction2": "１月１日〜３日を除く", "supportsTruck": true, "supportsMotorcycle": false, "supportsStandard": true, "supportsSenior": false}, "geometry": {"type": "LineString", "coordinates": [[139.649703737661, 35.7054694721968], [139.649714458043, 35.7051647867792], [139.649698370056, 35.704637868989], [139.64967680893, 35.7026961288695], [139.649659046052, 35.7018369871441], [139.649372390655, 35.699860703348], [139.64935308379, 35.6996367449628], [139.649386731847, 35.6992786019105]]}}, {"type": "Feature", "properties": {"id": "13_447", "prefCode": "13", "policeStationCode": "", "name": "パーキング・メーター #447", "spaces": null, "timeLimitMinutes": 60, "feeYen": 300, "vehicleType": "standard", "operatingHours": [{"startTime": "09:00", "endTime": "19:00"}], "operatingDays": [1, 2, 3, 4, 5, 6], "exclusions": ["holidays", "sundays"], "overlappingRegulations": [], "lastUpdated": "2025-10-01", "category": "パーキング・メーター", "restriction1": "日曜・休日を除く", "restriction2": "１月１日〜３日を除く", "supportsTruck": false, "supportsMotorcycle": false, "supportsStandard": true, "supportsSenior": false}, "geometry": {"type": "LineString", "coordinates": [[139.725169836242, 35.6885658196251], [139.726286550294, 35.6880582200588], [139.727228510471, 35.687661607788], [139.727809532536, 35.6874512532103], [139.727966433819, 35.6874097047023], [139.729478882731, 35.6867979588352]]}}, {"type": "Feature", "properties": {"id": "13_448", "prefCode": "13", "policeStationCode": "", "name": "パーキング・チケット #448", "spaces": null, "timeLimitMinutes": 60, "feeYen": 300, "vehicleType": "standard", "operatingHours": [{"startTime": "09:00", "endTime": "19:00"}], "operatingDays": [0, 1, 2, 3, 4, 5, 6], "exclusions": [], "overlappingRegulations": [], "lastUpdated": "2025-10-01", "category": "パーキング・チケット", "restriction1": "", "restriction2": "１月１日〜３日を除く", "supportsTruck": true, "supportsMotorcycle": false, "supportsStandard": true, "supportsSenior": false}, "geometry": {"type": "MultiLineString", "coordinates": [[[139.689317052994, 35.6863150164699], [139.68891783104, 35.6882344319924], [139.688795924154, 35.6887348937088], [139.688680019965, 35.6890272692702], [139.688621723863, 35.6891341267433], [139.688453539554, 35.6893350819943], [139.687556705808, 35.6904523945676], [139.68740938276, 35.6906580956316], [139.687266038385, 35.6909588147751], [139.687188826825, 35.6912098316182], [139.686930071124, 35.6922140357884], [139.686942173691, 35.6927758097763], [139.687019896824, 35.6934195352031], [139.687117360334, 35.6939647498642], [139.687300174048, 35.6943070065095], [139.688274400879, 35.6957080488795]], [[139.688407989911, 35.6956535973904], [139.687405710998, 35.6942026219015], [139.687240712951, 35.6939215891181], [139.687078254987, 35.6926432323626], [139.687092569716, 35.6920297084369], [139.687404243075, 35.6909886055287], [139.687580748166, 35.6906387446793], [139.687865841526, 35.6902733395323], [139.688592251959, 35.6893897602287], [139.688743814458, 35.6891942743089], [139.68884513204, 35.6890122760474], [139.688902475723, 35.688868303965], [139.689061829977, 35.6882426658309], [139.689431575697, 35.686476471579]]]}}, {"type": "Feature", "properties": {"id": "13_450", "prefCode": "13", "policeStationCode": "", "name": "パーキング・メーター #450", "spaces": null, "timeLimitMinutes": 60, "feeYen": 300, "vehicleType": "standard", "operatingHours": [{"startTime": "09:00", "endTime": "19:00"}], "operatingDays": [1, 2, 3, 4, 5, 6], "exclusions": ["holidays", "sundays"], "overlappingRegulations": [], "lastUpdated": "2025-10-01", "category": "パーキング・メーター", "restriction1": "日曜・休日を除く", "restriction2": "１月１日〜３日を除く", "supportsTruck": false, "supportsMotorcycle": false, "supportsStandard": true, "supportsSenior": false}, "geometry": {"type": "LineString", "coordinates": [[139.774283396616, 35.6846036218968], [139.773076144778, 35.6848824961708], [139.771476720077, 35.6851382782591]]}}, {"type": "Feature", "properties": {"id": "13_453", "prefCode": "13", "policeStationCode": "", "name": "パーキング・メーター #453", "spaces": null, "timeLimitMinutes": 40, "feeYen": 200, "vehicleType": "standard", "operatingHours": [{"startTime": "07:00", "endTime": "20:00"}], "operatingDays": [0, 1, 2, 3, 4, 5, 6], "exclusions": [], "overlappingRegulations": [], "lastUpdated": "2025-10-01", "category": "パーキング・メーター", "restriction1": "", "restriction2": "１月１日〜３日を除く", "supportsTruck": true, "supportsMotorcycle": false, "supportsStandard": true, "supportsSenior": false}, "geometry": {"type": "LineString", "coordinates": [[139.714518898628, 35.7250504740263], [139.715734883829, 35.7263668994472], [139.716622253835, 35.7273233166841]]}}, {"type": "Feature", "properties": {"id": "13_454", "prefCode": "13", "policeStationCode": "", "name": "パーキング・メーター #454", "spaces": null, "timeLimitMinutes": 40, "feeYen": 200, "vehicleType": "standard", "operatingHours": [{"startTime": "07:00", "endTime": "20:00"}], "operatingDays": [0, 1, 2, 3, 4, 5, 6], "exclusions": [], "overlappingRegulations": [], "lastUpdated": "2025-10-01", "category": "パーキング・メーター", "restriction1": "", "restriction2": "１月１日〜３日を除く", "supportsTruck": true, "supportsMotorcycle": false, "supportsStandard": true, "supportsSenior": false}, "geometry": {"type": "LineString", "coordinates": [[139.713928367173, 35.7277604550979], [139.71331548819, 35.7281624692712]]}}, {"type": "Feature", "properties": {"id": "13_455", "prefCode": "13", "policeStationCode": "", "name": "パーキング・メーター #455", "spaces": null, "timeLimitMinutes": 40, "feeYen": 200, "vehicleType": "standard", "operatingHours": [{"startTime": "07:00", "endTime": "20:00"}], "operatingDays": [0, 1, 2, 3, 4, 5, 6], "exclusions": [], "overlappingRegulations": [], "lastUpdated": "2025-10-01", "category": "パーキング・メーター", "restriction1": "", "restriction2": "１月１日〜３日を除く", "supportsTruck": true, "supportsMotorcycle": false, "supportsStandard": true, "supportsSenior": false}, "geometry": {"type": "LineString", "coordinates": [[139.712201498889, 35.728828865586], [139.713137229713, 35.7282661305176]]}}, {"type": "Feature", "properties": {"id": "13_456", "prefCode": "13", "policeStationCode": "", "name": "パーキング・メーター #456", "spaces": null, "timeLimitMinutes": 60, "feeYen": 300, "vehicleType": "standard", "operatingHours": [{"startTime": "09:00", "endTime": "19:00"}], "operatingDays": [1, 2, 3, 4, 5, 6], "exclusions": ["holidays", "sundays"], "overlappingRegulations": [], "lastUpdated": "2025-10-01", "category": "パーキング・メーター", "restriction1": "日曜・休日を除く", "restriction2": "１月１日〜３日を除く", "supportsTruck": false, "supportsMotorcycle": false, "supportsStandard": true, "supportsSenior": false}, "geometry": {"type": "LineString", "coordinates": [[139.779933912749, 35.6909514844424], [139.778958822731, 35.6902906794769]]}}, {"type": "Feature", "properties": {"id": "13_457", "prefCode": "13", "policeStationCode": "", "name": "パーキング・メーター #457", "spaces": null, "timeLimitMinutes": 60, "feeYen": 300, "vehicleType": "standard", "operatingHours": [{"startTime": "09:00", "endTime": "19:00"}], "operatingDays": [1, 2, 3, 4, 5, 6], "exclusions": ["holidays", "sundays"], "overlappingRegulations": [], "lastUpdated": "2025-10-01", "category": "パーキング・メーター", "restriction1": "日曜・休日を除く", "restriction2": "１月１日〜３日を除く", "supportsTruck": false, "supportsMotorcycle": false, "supportsStandard": true, "supportsSenior": false}, "geometry": {"type": "LineString", "coordinates": [[139.755258454836, 35.669619160958], [139.754413129376, 35.6699212042254], [139.753414837841, 35.6702396829705], [139.752425880848, 35.6705281309429], [139.7521252875, 35.6705353053557]]}}, {"type": "Feature", "properties": {"id": "13_458", "prefCode": "13", "policeStationCode": "", "name": "パーキング・メーター #458", "spaces": null, "timeLimitMinutes": 60, "feeYen": 300, "vehicleType": "standard", "operatingHours": [{"startTime": "09:00", "endTime": "19:00"}], "operatingDays": [1, 2, 3, 4, 5, 6], "exclusions": ["holidays", "sundays"], "overlappingRegulations": [], "lastUpdated": "2025-10-01", "category": "パーキング・メーター", "restriction1": "日曜・休日を除く", "restriction2": "１月１日〜３日を除く", "supportsTruck": true, "supportsMotorcycle": false, "supportsStandard": true, "supportsSenior": false}, "geometry": {"type": "MultiLineString", "coordinates": [[[139.789370108275, 35.7179472652849], [139.789206247779, 35.7166377719742], [139.788970594039, 35.7142401336299], [139.788924802683, 35.7138245731384], [139.788589950063, 35.712418227196], [139.788445451196, 35.7116552649103], [139.788406256951, 35.7110859182699], [139.788337125353, 35.7104558078561]], [[139.788207756979, 35.710465004245], [139.788263754919, 35.7110684212722], [139.788329137497, 35.7117820146796], [139.788545670643, 35.7128176911234], [139.788769010796, 35.7137881757047], [139.788998316768, 35.7158286679675], [139.789227535, 35.7179626820849]]]}}, {"type": "Feature", "properties": {"id": "13_460", "prefCode": "13", "policeStationCode": "", "name": "パーキング・メーター #460", "spaces": null, "timeLimitMinutes": 60, "feeYen": 300, "vehicleType": "standard", "operatingHours": [{"startTime": "09:00", "endTime": "19:00"}], "operatingDays": [1, 2, 3, 4, 5, 6], "exclusions": ["holidays", "sundays"], "overlappingRegulations": [], "lastUpdated": "2025-10-01", "category": "パーキング・メーター", "restriction1": "日曜・休日を除く", "restriction2": "１月１日〜３日を除く", "supportsTruck": true, "supportsMotorcycle": false, "supportsStandard": true, "supportsSenior": false}, "geometry": {"type": "LineString", "coordinates": [[139.751803458955, 35.6706102907238], [139.751458811507, 35.6707298432745]]}}, {"type": "Feature", "properties": {"id": "13_461", "prefCode": "13", "policeStationCode": "", "name": "パーキング・メーター #461", "spaces": null, "timeLimitMinutes": 60, "feeYen": 300, "vehicleType": "standard", "operatingHours": [{"startTime": "09:00", "endTime": "19:00"}], "operatingDays": [1, 2, 3, 4, 5, 6], "exclusions": ["holidays", "sundays"], "overlappingRegulations": [], "lastUpdated": "2025-10-01", "category": "パーキング・メーター", "restriction1": "日曜・休日を除く", "restriction2": "１月１日〜３日を除く", "supportsTruck": true, "supportsMotorcycle": false, "supportsStandard": true, "supportsSenior": false}, "geometry": {"type": "LineString", "coordinates": [[139.758022892964, 35.6688617618117], [139.758413185198, 35.6695688063607]]}}, {"type": "Feature", "properties": {"id": "13_462", "prefCode": "13", "policeStationCode": "", "name": "パーキング・メーター #462", "spaces": null, "timeLimitMinutes": 60, "feeYen": 300, "vehicleType": "standard", "operatingHours": [{"startTime": "09:00", "endTime": "19:00"}], "operatingDays": [1, 2, 3, 4, 5, 6], "exclusions": ["holidays", "sundays"], "overlappingRegulations": [], "lastUpdated": "2025-10-01", "category": "パーキング・メーター", "restriction1": "日曜・休日を除く", "restriction2": "１月１日〜３日を除く", "supportsTruck": true, "supportsMotorcycle": false, "supportsStandard": true, "supportsSenior": false}, "geometry": {"type": "MultiLineString", "coordinates": [[[139.78238827897, 35.6862871197899], [139.782797154648, 35.6858362213563], [139.784099689787, 35.6843691263994]], [[139.783990306366, 35.6843322990404], [139.783275476433, 35.6851258513992], [139.782689749481, 35.6857719222435], [139.782268208547, 35.6862361802803]]]}}, {"type": "Feature", "properties": {"id": "13_464", "prefCode": "13", "policeStationCode": "", "name": "パーキング・メーター #464", "spaces": null, "timeLimitMinutes": 60, "feeYen": 300, "vehicleType": "standard", "operatingHours": [{"startTime": "07:00", "endTime": "20:00"}], "operatingDays": [0, 1, 2, 3, 4, 5, 6], "exclusions": [], "overlappingRegulations": [], "lastUpdated": "2025-10-01", "category": "パーキング・メーター", "restriction1": "", "restriction2": "１月１日〜３日を除く", "supportsTruck": true, "supportsMotorcycle": false, "supportsStandard": true, "supportsSenior": false}, "geometry": {"type": "MultiLineString", "coordinates": [[[139.776380091332, 35.6945025915855], [139.77720295476, 35.6927086636376], [139.777529059038, 35.6919798438713], [139.778473654682, 35.6908321955188]], [[139.778374355539, 35.690777641165], [139.77767474478, 35.6915866715522], [139.777483649611, 35.6918519628788], [139.777384053951, 35.6920259687027], [139.777084621177, 35.6926571298914], [139.776264367179, 35.6944722375814]]]}}, {"type": "Feature", "properties": {"id": "13_466", "prefCode": "13", "policeStationCode": "", "name": "パーキング・メーター #466", "spaces": null, "timeLimitMinutes": 60, "feeYen": 300, "vehicleType": "standard", "operatingHours": [{"startTime": "09:00", "endTime": "19:00"}], "operatingDays": [0, 1, 2, 3, 4, 5, 6], "exclusions": [], "overlappingRegulations": [], "lastUpdated": "2025-10-01", "category": "パーキング・メーター", "restriction1": "", "restriction2": "１月１日〜３日を除く", "supportsTruck": true, "supportsMotorcycle": false, "supportsStandard": true, "supportsSenior": false}, "geometry": {"type": "LineString", "coordinates": [[139.759337882804, 35.6745335119709], [139.759758345051, 35.6742292068596]]}}, {"type": "Feature", "properties": {"id": "13_469", "prefCode": "13", "policeStationCode": "", "name": "パーキング・メーター #469", "spaces": null, "timeLimitMinutes": 60, "feeYen": 300, "vehicleType": "standard", "operatingHours": [{"startTime": "09:00", "endTime": "20:00"}], "operatingDays": [0, 1, 2, 3, 4, 5, 6], "exclusions": [], "overlappingRegulations": [], "lastUpdated": "2025-10-01", "category": "パーキング・メーター", "restriction1": "", "restriction2": "１月１日〜３日を除く", "supportsTruck": true, "supportsMotorcycle": false, "supportsStandard": true, "supportsSenior": false}, "geometry": {"type": "MultiLineString", "coordinates": [[[139.715283761902, 35.6694427658148], [139.7139, 35.67034], [139.71359, 35.6706], [139.71295, 35.67131], [139.71266, 35.67171], [139.7125, 35.67235], [139.71247, 35.67313], [139.7125, 35.67355], [139.71252, 35.67438], [139.7126, 35.67575], [139.71253, 35.67699], [139.71252, 35.67699], [139.71254, 35.67697], [139.71254, 35.67698], [139.71253, 35.67698]], [[139.71267, 35.67695], [139.71267, 35.67695], [139.71267, 35.67695], [139.71267, 35.67695], [139.71275, 35.67546], [139.71259, 35.67338], [139.71265, 35.67235], [139.71278, 35.67182], [139.71314, 35.6713], [139.71389, 35.6705], [139.715294520168, 35.6695937777792]]]}}, {"type": "Feature", "properties": {"id": "13_472", "prefCode": "13", "policeStationCode": "", "name": "パーキング・メーター #472", "spaces": null, "timeLimitMinutes": 60, "feeYen": 300, "vehicleType": "standard", "operatingHours": [{"startTime": "09:00", "endTime": "19:00"}], "operatingDays": [0, 1, 2, 3, 4, 5, 6], "exclusions": [], "overlappingRegulations": [], "lastUpdated": "2025-10-01", "category": "パーキング・メーター", "restriction1": "", "restriction2": "１月１日〜３日を除く", "supportsTruck": true, "supportsMotorcycle": false, "supportsStandard": true, "supportsSenior": false}, "geometry": {"type": "MultiLineString", "coordinates": [[[139.696467655653, 35.6883766005586], [139.696264344782, 35.6909019973275]], [[139.696367377918, 35.6908687745427], [139.696433848739, 35.6900043303589]], [[139.696481757073, 35.6893812829976], [139.696572066439, 35.6883572511918]]]}}, {"type": "Feature", "properties": {"id": "13_475", "prefCode": "13", "policeStationCode": "", "name": "パーキング・メーター #475", "spaces": null, "timeLimitMinutes": 60, "feeYen": 300, "vehicleType": "standard", "operatingHours": [{"startTime": "09:00", "endTime": "19:00"}], "operatingDays": [1, 2, 3, 4, 5, 6], "exclusions": ["holidays", "sundays"], "overlappingRegulations": [], "lastUpdated": "2025-10-01", "category": "パーキング・メーター", "restriction1": "日曜・休日を除く", "restriction2": "１月１日〜３日を除く", "supportsTruck": false, "supportsMotorcycle": false, "supportsStandard": true, "supportsSenior": false}, "geometry": {"type": "LineString", "coordinates": [[139.750380561002, 35.7023748168221], [139.749583618507, 35.7024214642067], [139.748041108605, 35.7025246265338], [139.74630653796, 35.702632724756], [139.746159133151, 35.7026079503894], [139.74567360689, 35.702461323993], [139.745334154427, 35.7022723171363]]}}, {"type": "Feature", "properties": {"id": "13_476", "prefCode": "13", "policeStationCode": "", "name": "パーキング・メーター #476", "spaces": null, "timeLimitMinutes": 60, "feeYen": 300, "vehicleType": "standard", "operatingHours": [{"startTime": "09:00", "endTime": "19:00"}], "operatingDays": [1, 2, 3, 4, 5, 6], "exclusions": ["holidays", "sundays"], "overlappingRegulations": [], "lastUpdated": "2025-10-01", "category": "パーキング・メーター", "restriction1": "日曜・休日を除く", "restriction2": "１月１日〜３日を除く", "supportsTruck": false, "supportsMotorcycle": false, "supportsStandard": true, "supportsSenior": false}, "geometry": {"type": "LineString", "coordinates": [[139.711352650401, 35.6341722584167], [139.712047512935, 35.6344942788473], [139.714419025449, 35.6348190223546]]}}, {"type": "Feature", "properties": {"id": "13_477", "prefCode": "13", "policeStationCode": "", "name": "パーキング・メーター #477", "spaces": null, "timeLimitMinutes": 60, "feeYen": 300, "vehicleType": "standard", "operatingHours": [{"startTime": "09:00", "endTime": "19:00"}], "operatingDays": [1, 2, 3, 4, 5, 6], "exclusions": ["holidays", "sundays"], "overlappingRegulations": [], "lastUpdated": "2025-10-01", "category": "パーキング・メーター", "restriction1": "日曜・休日を除く", "restriction2": "１月１日〜３日を除く", "supportsTruck": true, "supportsMotorcycle": false, "supportsStandard": true, "supportsSenior": false}, "geometry": {"type": "LineString", "coordinates": [[139.714952936262, 35.6347871538297], [139.713315334352, 35.6345734554319]]}}, {"type": "Feature", "properties": {"id": "13_478", "prefCode": "13", "policeStationCode": "", "name": "パーキング・メーター #478", "spaces": null, "timeLimitMinutes": 60, "feeYen": 300, "vehicleType": "standard", "operatingHours": [{"startTime": "09:00", "endTime": "19:00"}], "operatingDays": [1, 2, 3, 4, 5, 6], "exclusions": ["holidays", "sundays"], "overlappingRegulations": [], "lastUpdated": "2025-10-01", "category": "パーキング・メーター", "restriction1": "日曜・休日を除く", "restriction2": "１月１日〜３日を除く", "supportsTruck": false, "supportsMotorcycle": false, "supportsStandard": true, "supportsSenior": false}, "geometry": {"type": "LineString", "coordinates": [[139.771029760214, 35.6700739292534], [139.769978279022, 35.6692147641945]]}}, {"type": "Feature", "properties": {"id": "13_479", "prefCode": "13", "policeStationCode": "", "name": "パーキング・メーター #479", "spaces": null, "timeLimitMinutes": 60, "feeYen": 300, "vehicleType": "standard", "operatingHours": [{"startTime": "08:00", "endTime": "20:00"}], "operatingDays": [0, 1, 2, 3, 4, 5, 6], "exclusions": [], "overlappingRegulations": [], "lastUpdated": "2025-10-01", "category": "パーキング・メーター", "restriction1": "", "restriction2": "１月１日〜３日を除く", "supportsTruck": false, "supportsMotorcycle": false, "supportsStandard": true, "supportsSenior": false}, "geometry": {"type": "LineString", "coordinates": [[139.761709800524, 35.6911567311588], [139.76216209198, 35.690731325601], [139.762279029176, 35.6906827411709], [139.763945297984, 35.6903633677921], [139.764085787962, 35.6903296361695], [139.764345583486, 35.6902259292311]]}}, {"type": "Feature", "properties": {"id": "13_480", "prefCode": "13", "policeStationCode": "", "name": "パーキング・メーター #480", "spaces": null, "timeLimitMinutes": 60, "feeYen": 300, "vehicleType": "standard", "operatingHours": [{"startTime": "09:00", "endTime": "19:00"}], "operatingDays": [1, 2, 3, 4, 5, 6], "exclusions": ["holidays", "sundays"], "overlappingRegulations": [], "lastUpdated": "2025-10-01", "category": "パーキング・メーター", "restriction1": "日曜・休日を除く", "restriction2": "１月１日〜３日を除く", "supportsTruck": true, "supportsMotorcycle": false, "supportsStandard": true, "supportsSenior": false}, "geometry": {"type": "MultiLineString", "coordinates": [[[139.774168903334, 35.6739414465336], [139.774176665965, 35.6741549625418], [139.774291853796, 35.6745543597495], [139.774426448488, 35.6747836557276], [139.774992504744, 35.6756976774581], [139.77523793559, 35.6761010012563], [139.776992887214, 35.6788495601778]], [[139.777076124902, 35.678813045773], [139.775315183116, 35.6760629083562], [139.775077579527, 35.6756711962853], [139.774533971862, 35.6747802015888], [139.774427542268, 35.6745603204703], [139.774370840672, 35.6743937969534], [139.774313482305, 35.6740979240152], [139.774300061598, 35.6739244785243]]]}}, {"type": "Feature", "properties": {"id": "13_483", "prefCode": "13", "policeStationCode": "", "name": "パーキング・メーター #483", "spaces": null, "timeLimitMinutes": 60, "feeYen": 300, "vehicleType": "standard", "operatingHours": [{"startTime": "09:00", "endTime": "19:00"}], "operatingDays": [1, 2, 3, 4, 5, 6], "exclusions": ["holidays", "sundays"], "overlappingRegulations": [], "lastUpdated": "2025-10-01", "category": "パーキング・メーター", "restriction1": "日曜・休日を除く", "restriction2": "１月１日〜３日を除く", "supportsTruck": false, "supportsMotorcycle": false, "supportsStandard": true, "supportsSenior": false}, "geometry": {"type": "LineString", "coordinates": [[139.755169308137, 35.661039816659], [139.754716899909, 35.6603832256289]]}}, {"type": "Feature", "properties": {"id": "13_484", "prefCode": "13", "policeStationCode": "", "name": "パーキング・メーター #484", "spaces": null, "timeLimitMinutes": 60, "feeYen": 300, "vehicleType": "standard", "operatingHours": [{"startTime": "09:00", "endTime": "19:00"}], "operatingDays": [1, 2, 3, 4, 5, 6], "exclusions": ["holidays", "sundays"], "overlappingRegulations": [], "lastUpdated": "2025-10-01", "category": "パーキング・メーター", "restriction1": "日曜・休日を除く", "restriction2": "１月１日〜３日を除く", "supportsTruck": false, "supportsMotorcycle": false, "supportsStandard": true, "supportsSenior": false}, "geometry": {"type": "LineString", "coordinates": [[139.732496513791, 35.6587089765621], [139.732648549272, 35.6582362196084], [139.732794302026, 35.6579235830285], [139.73313189297, 35.6575085264992], [139.733607180086, 35.6571913249864]]}}, {"type": "Feature", "properties": {"id": "13_485", "prefCode": "13", "policeStationCode": "", "name": "パーキング・メーター #485", "spaces": null, "timeLimitMinutes": 60, "feeYen": 300, "vehicleType": "standard", "operatingHours": [{"startTime": "09:00", "endTime": "19:00"}], "operatingDays": [1, 2, 3, 4, 5, 6], "exclusions": ["holidays", "sundays"], "overlappingRegulations": [], "lastUpdated": "2025-10-01", "category": "パーキング・メーター", "restriction1": "日曜・休日を除く", "restriction2": "１月１日〜３日を除く", "supportsTruck": true, "supportsMotorcycle": false, "supportsStandard": true, "supportsSenior": false}, "geometry": {"type": "LineString", "coordinates": [[139.756692448611, 35.6660682794779], [139.756199863964, 35.6651385277266]]}}, {"type": "Feature", "properties": {"id": "13_486", "prefCode": "13", "policeStationCode": "", "name": "パーキング・チケット #486", "spaces": null, "timeLimitMinutes": 60, "feeYen": 300, "vehicleType": "standard", "operatingHours": [{"startTime": "09:00", "endTime": "19:00"}], "operatingDays": [1, 2, 3, 4, 5, 6], "exclusions": ["holidays", "sundays"], "overlappingRegulations": [], "lastUpdated": "2025-10-01", "category": "パーキング・チケット", "restriction1": "日曜・休日を除く", "restriction2": "１月１日〜３日を除く", "supportsTruck": true, "supportsMotorcycle": false, "supportsStandard": true, "supportsSenior": false}, "geometry": {"type": "MultiLineString", "coordinates": [[[139.723601016596, 35.6595430787059], [139.723772763328, 35.6588255085818], [139.723759856363, 35.6586320089765], [139.723859148042, 35.658304047006], [139.723972521971, 35.6570978266355], [139.723979626453, 35.6566949765319], [139.723836140819, 35.6561926351196], [139.722543657197, 35.6537810476016], [139.722288483195, 35.6528866838208], [139.722330411102, 35.6511353858016], [139.722721269794, 35.6492142016967], [139.722985859801, 35.6480563367038], [139.723012513637, 35.6477723220188]], [[139.722764787619, 35.6478272831199], [139.72266487828, 35.6487026500481], [139.72219509676, 35.6507581299192], [139.722127921071, 35.6518057301682], [139.722113190289, 35.6529527867069], [139.722309118347, 35.6536708646118], [139.722413673033, 35.6539267603593], [139.723726246428, 35.6564025527743], [139.723791737609, 35.6568427688879], [139.723697763524, 35.6581681222299], [139.723624598293, 35.6586894745182], [139.723406274171, 35.6595218016915]]]}}, {"type": "Feature", "properties": {"id": "13_488", "prefCode": "13", "policeStationCode": "", "name": "パーキング・メーター #488", "spaces": null, "timeLimitMinutes": 60, "feeYen": 300, "vehicleType": "standard", "operatingHours": [{"startTime": "09:00", "endTime": "21:00"}], "operatingDays": [0, 1, 2, 3, 4, 5, 6], "exclusions": [], "overlappingRegulations": [], "lastUpdated": "2025-10-01", "category": "パーキング・メーター", "restriction1": "", "restriction2": "１月１日〜３日を除く", "supportsTruck": true, "supportsMotorcycle": false, "supportsStandard": true, "supportsSenior": false}, "geometry": {"type": "LineString", "coordinates": [[139.766736112797, 35.6681114011425], [139.766266926236, 35.6685396726202]]}}, {"type": "Feature", "properties": {"id": "13_489", "prefCode": "13", "policeStationCode": "", "name": "パーキング・チケット #489", "spaces": null, "timeLimitMinutes": 60, "feeYen": 300, "vehicleType": "standard", "operatingHours": [{"startTime": "10:00", "endTime": "20:00"}], "operatingDays": [1, 2, 3, 4, 5, 6], "exclusions": ["holidays", "sundays"], "overlappingRegulations": [], "lastUpdated": "2025-10-01", "category": "パーキング・チケット", "restriction1": "日曜・休日を除く", "restriction2": "１月１日〜３日を除く", "supportsTruck": false, "supportsMotorcycle": false, "supportsStandard": true, "supportsSenior": false}, "geometry": {"type": "LineString", "coordinates": [[139.792121065917, 35.673709951985], [139.793066047875, 35.673285740083]]}}, {"type": "Feature", "properties": {"id": "13_490", "prefCode": "13", "policeStationCode": "", "name": "パーキング・チケット #490", "spaces": null, "timeLimitMinutes": 60, "feeYen": 300, "vehicleType": "standard", "operatingHours": [{"startTime": "10:00", "endTime": "20:00"}], "operatingDays": [1, 2, 3, 4, 5, 6], "exclusions": ["holidays", "sundays"], "overlappingRegulations": [], "lastUpdated": "2025-10-01", "category": "パーキング・チケット", "restriction1": "日曜・休日を除く", "restriction2": "１月１日〜３日を除く", "supportsTruck": true, "supportsMotorcycle": false, "supportsStandard": true, "supportsSenior": false}, "geometry": {"type": "MultiLineString", "coordinates": [[[139.795056706645, 35.6724066713254], [139.800300247573, 35.6701190899296], [139.800437998526, 35.6700636858619], [139.800751268258, 35.6699892090023]], [[139.800701396327, 35.6698216172571], [139.80038901653, 35.6699004226389], [139.800215941295, 35.669968511889], [139.794984415978, 35.6722433893602]]]}}, {"type": "Feature", "properties": {"id": "13_492", "prefCode": "13", "policeStationCode": "", "name": "パーキング・メーター #492", "spaces": null, "timeLimitMinutes": 60, "feeYen": 300, "vehicleType": "standard", "operatingHours": [{"startTime": "09:00", "endTime": "19:00"}], "operatingDays": [1, 2, 3, 4, 5, 6], "exclusions": ["holidays", "sundays"], "overlappingRegulations": [], "lastUpdated": "2025-10-01", "category": "パーキング・メーター", "restriction1": "日曜・休日を除く", "restriction2": "１月１日〜３日を除く", "supportsTruck": true, "supportsMotorcycle": false, "supportsStandard": true, "supportsSenior": false}, "geometry": {"type": "MultiLineString", "coordinates": [[[139.797127076664, 35.703684631908], [139.802176840576, 35.7038138101111], [139.804563819014, 35.7039482596445]], [[139.804584812772, 35.7038263267839], [139.802123584451, 35.7037040441938], [139.79703688443, 35.7035505266075]]]}}, {"type": "Feature", "properties": {"id": "13_494", "prefCode": "13", "policeStationCode": "", "name": "パーキング・メーター #494", "spaces": null, "timeLimitMinutes": 60, "feeYen": 300, "vehicleType": "standard", "operatingHours": [{"startTime": "09:00", "endTime": "19:00"}], "operatingDays": [1, 2, 3, 4, 5, 6], "exclusions": ["holidays", "sundays"], "overlappingRegulations": [], "lastUpdated": "2025-10-01", "category": "パーキング・メーター", "restriction1": "日曜・休日を除く", "restriction2": "１月１日〜３日を除く", "supportsTruck": true, "supportsMotorcycle": false, "supportsStandard": true, "supportsSenior": false}, "geometry": {"type": "MultiLineString", "coordinates": [[[139.804879280881, 35.7039452901553], [139.807773232811, 35.7040980334203], [139.812964549522, 35.7043545452059], [139.814240051211, 35.7044277630344]], [[139.814238647419, 35.7042936567601], [139.808771422636, 35.7040249795235], [139.807249858082, 35.7039577382177], [139.804907807792, 35.703847698547]]]}}, {"type": "Feature", "properties": {"id": "13_496", "prefCode": "13", "policeStationCode": "", "name": "パーキング・チケット #496", "spaces": null, "timeLimitMinutes": 60, "feeYen": 300, "vehicleType": "standard", "operatingHours": [{"startTime": "09:00", "endTime": "20:00"}], "operatingDays": [1, 2, 3, 4, 5, 6], "exclusions": ["holidays", "sundays"], "overlappingRegulations": [], "lastUpdated": "2025-10-01", "category": "パーキング・チケット", "restriction1": "日曜・休日を除く", "restriction2": "１月１日〜３日を除く", "supportsTruck": true, "supportsMotorcycle": false, "supportsStandard": true, "supportsSenior": false}, "geometry": {"type": "MultiLineString", "coordinates": [[[139.705802930134, 35.7130192663694], [139.707404568727, 35.7121133131261], [139.707742362578, 35.7119787045331], [139.709916384588, 35.7115673588867]], [[139.709868862633, 35.7114614036208], [139.708110893346, 35.7117870544932], [139.707625511219, 35.7118774635614], [139.706962022279, 35.7122193788889], [139.705730237563, 35.7129372861079]]]}}, {"type": "Feature", "properties": {"id": "13_498", "prefCode": "13", "policeStationCode": "", "name": "パーキング・チケット #498", "spaces": null, "timeLimitMinutes": 60, "feeYen": 300, "vehicleType": "standard", "operatingHours": [{"startTime": "09:00", "endTime": "19:00"}], "operatingDays": [1, 2, 3, 4, 5, 6], "exclusions": ["holidays", "sundays"], "overlappingRegulations": [], "lastUpdated": "2025-10-01", "category": "パーキング・チケット", "restriction1": "日曜・休日を除く", "restriction2": "１月１日〜３日を除く", "supportsTruck": true, "supportsMotorcycle": false, "supportsStandard": true, "supportsSenior": false}, "geometry": {"type": "MultiLineString", "coordinates": [[[139.725805235703, 35.731906196455], [139.727405832631, 35.7314942169346], [139.728235811411, 35.7313016499694]], [[139.72822232439, 35.7312330549116], [139.727399150466, 35.7314309425066], [139.726088581894, 35.7317625980682]]]}}, {"type": "Feature", "properties": {"id": "13_500", "prefCode": "13", "policeStationCode": "", "name": "パーキング・メーター #500", "spaces": null, "timeLimitMinutes": 60, "feeYen": 300, "vehicleType": "standard", "operatingHours": [{"startTime": "07:00", "endTime": "20:00"}], "operatingDays": [0, 1, 2, 3, 4, 5, 6], "exclusions": [], "overlappingRegulations": [], "lastUpdated": "2025-10-01", "category": "パーキング・メーター", "restriction1": "", "restriction2": "１月１日〜３日を除く", "supportsTruck": true, "supportsMotorcycle": false, "supportsStandard": true, "supportsSenior": false}, "geometry": {"type": "MultiLineString", "coordinates": [[[139.77498237223, 35.6918221990038], [139.775633541955, 35.6920738045817], [139.77750719679, 35.6928209163584], [139.778095325562, 35.6930775865755], [139.779849187623, 35.6943588405968]], [[139.779912878613, 35.6942725581403], [139.778155986206, 35.6929861017471], [139.777079921666, 35.6925161677771], [139.774982825422, 35.6917094195473]]]}}, {"type": "Feature", "properties": {"id": "13_502", "prefCode": "13", "policeStationCode": "", "name": "パーキング・メーター #502", "spaces": null, "timeLimitMinutes": 60, "feeYen": 300, "vehicleType": "standard", "operatingHours": [{"startTime": "09:00", "endTime": "19:00"}], "operatingDays": [1, 2, 3, 4, 5, 6], "exclusions": ["holidays", "sundays"], "overlappingRegulations": [], "lastUpdated": "2025-10-01", "category": "パーキング・メーター", "restriction1": "日曜・休日を除く", "restriction2": "１月１日〜３日を除く", "supportsTruck": false, "supportsMotorcycle": false, "supportsStandard": true, "supportsSenior": false}, "geometry": {"type": "LineString", "coordinates": [[139.748452101979, 35.6617291770341], [139.74772122941, 35.6618300911374], [139.747267472464, 35.66190308276]]}}, {"type": "Feature", "properties": {"id": "13_503", "prefCode": "13", "policeStationCode": "", "name": "パーキング・メーター #503", "spaces": null, "timeLimitMinutes": 60, "feeYen": 300, "vehicleType": "standard", "operatingHours": [{"startTime": "09:00", "endTime": "19:00"}], "operatingDays": [1, 2, 3, 4, 5, 6], "exclusions": ["holidays", "sundays"], "overlappingRegulations": [], "lastUpdated": "2025-10-01", "category": "パーキング・メーター", "restriction1": "日曜・休日を除く", "restriction2": "１月１日〜３日を除く", "supportsTruck": true, "supportsMotorcycle": false, "supportsStandard": true, "supportsSenior": false}, "geometry": {"type": "MultiLineString", "coordinates": [[[139.713322853189, 35.6344048748069], [139.713815349975, 35.6342767553016], [139.714691018518, 35.6339069798779], [139.715231868063, 35.6338159960833]], [[139.71517748951, 35.633710092531], [139.714560510606, 35.6338219814419], [139.713482618266, 35.6342606289165]]]}}, {"type": "Feature", "properties": {"id": "13_505", "prefCode": "13", "policeStationCode": "", "name": "パーキング・メーター #505", "spaces": null, "timeLimitMinutes": 60, "feeYen": 300, "vehicleType": "standard", "operatingHours": [{"startTime": "09:00", "endTime": "19:00"}], "operatingDays": [0, 1, 2, 3, 4, 5, 6], "exclusions": [], "overlappingRegulations": [], "lastUpdated": "2025-10-01", "category": "パーキング・メーター", "restriction1": "", "restriction2": "１月１日〜３日を除く", "supportsTruck": false, "supportsMotorcycle": false, "supportsStandard": true, "supportsSenior": false}, "geometry": {"type": "LineString", "coordinates": [[139.689651992721, 35.6864277811694], [139.690314816821, 35.6867876358116], [139.690944311331, 35.6869703616368], [139.691259438023, 35.6870296698176]]}}, {"type": "Feature", "properties": {"id": "13_506", "prefCode": "13", "policeStationCode": "", "name": "パーキング・メーター #506", "spaces": null, "timeLimitMinutes": 60, "feeYen": 300, "vehicleType": "standard", "operatingHours": [{"startTime": "09:00", "endTime": "19:00"}], "operatingDays": [0, 1, 2, 3, 4, 5, 6], "exclusions": [], "overlappingRegulations": [], "lastUpdated": "2025-10-01", "category": "パーキング・メーター", "restriction1": "", "restriction2": "１月１日〜３日を除く", "supportsTruck": true, "supportsMotorcycle": false, "supportsStandard": true, "supportsSenior": false}, "geometry": {"type": "MultiLineString", "coordinates": [[[139.687349738551, 35.6912170713967], [139.688581650407, 35.6917182565063], [139.68901510341, 35.6918252407946], [139.689369201036, 35.6918905758016], [139.690150695034, 35.6920150376295]], [[139.690128275088, 35.6918517207264], [139.68907309722, 35.6916715386975], [139.688711960884, 35.691590323211], [139.687398685093, 35.691036214913]]]}}, {"type": "Feature", "properties": {"id": "13_508", "prefCode": "13", "policeStationCode": "", "name": "パーキング・メーター #508", "spaces": null, "timeLimitMinutes": 60, "feeYen": 300, "vehicleType": "standard", "operatingHours": [{"startTime": "09:00", "endTime": "19:00"}], "operatingDays": [0, 1, 2, 3, 4, 5, 6], "exclusions": [], "overlappingRegulations": [], "lastUpdated": "2025-10-01", "category": "パーキング・メーター", "restriction1": "", "restriction2": "１月１日〜３日を除く", "supportsTruck": true, "supportsMotorcycle": false, "supportsStandard": true, "supportsSenior": false}, "geometry": {"type": "MultiLineString", "coordinates": [[[139.690159422261, 35.6920256121457], [139.689812876531, 35.6934730262908], [139.689787084566, 35.6937282928134], [139.689815024815, 35.6940597831449], [139.689857232651, 35.6942082218663], [139.689916869959, 35.6943640004487], [139.689952555633, 35.6944454682082], [139.690312310756, 35.6950898692214]], [[139.690581969072, 35.6950172766017], [139.690265813915, 35.6944718214018], [139.690179345163, 35.6942929079599], [139.690098614189, 35.6940300280958], [139.690064346153, 35.6937286899454], [139.690085862892, 35.6934782740838], [139.690420083449, 35.6920983600441]]]}}, {"type": "Feature", "properties": {"id": "13_510", "prefCode": "13", "policeStationCode": "", "name": "パーキング・メーター #510", "spaces": null, "timeLimitMinutes": 60, "feeYen": 300, "vehicleType": "standard", "operatingHours": [{"startTime": "09:00", "endTime": "20:00"}], "operatingDays": [0, 1, 2, 3, 4, 5, 6], "exclusions": [], "overlappingRegulations": [], "lastUpdated": "2025-10-01", "category": "パーキング・メーター", "restriction1": "", "restriction2": "１月１日〜３日を除く", "supportsTruck": true, "supportsMotorcycle": false, "supportsStandard": true, "supportsSenior": false}, "geometry": {"type": "MultiLineString", "coordinates": [[[139.636469022394, 35.7056895758517], [139.636295437013, 35.706666639548], [139.63557786205, 35.7093638559362], [139.635252234294, 35.7106391741535], [139.634885923187, 35.7123916062735], [139.634745794733, 35.713164315787]], [[139.634835705345, 35.7132101976046], [139.635035975917, 35.7120884362113], [139.635415705331, 35.7102796187159], [139.63589406325, 35.7084995341906], [139.636438089691, 35.7064574765722], [139.63659130752, 35.7056918982839]]]}}, {"type": "Feature", "properties": {"id": "13_512", "prefCode": "13", "policeStationCode": "", "name": "パーキング・メーター #512", "spaces": null, "timeLimitMinutes": 60, "feeYen": 300, "vehicleType": "standard", "operatingHours": [{"startTime": "09:00", "endTime": "20:00"}], "operatingDays": [0, 1, 2, 3, 4, 5, 6], "exclusions": [], "overlappingRegulations": [], "lastUpdated": "2025-10-01", "category": "パーキング・メーター", "restriction1": "", "restriction2": "１月１日〜３日を除く", "supportsTruck": true, "supportsMotorcycle": false, "supportsStandard": true, "supportsSenior": false}, "geometry": {"type": "LineString", "coordinates": [[139.636686873405, 35.704066017231], [139.636256713335, 35.7023441930923], [139.635637817193, 35.6997695651855]]}}, {"type": "Feature", "properties": {"id": "13_513", "prefCode": "13", "policeStationCode": "", "name": "パーキング・チケット #513", "spaces": null, "timeLimitMinutes": 60, "feeYen": 300, "vehicleType": "standard", "operatingHours": [{"startTime": "09:00", "endTime": "19:00"}], "operatingDays": [0, 1, 2, 3, 4, 5, 6], "exclusions": [], "overlappingRegulations": [], "lastUpdated": "2025-10-01", "category": "パーキング・チケット", "restriction1": "", "restriction2": "１月１日〜３日を除く", "supportsTruck": false, "supportsMotorcycle": false, "supportsStandard": true, "supportsSenior": false}, "geometry": {"type": "MultiLineString", "coordinates": [[[139.337774843937, 35.6495255453878], [139.337820693033, 35.6497195509228], [139.337928885231, 35.6512420849011], [139.337984248754, 35.6519861194193]], [[139.338082560916, 35.6519841395286], [139.338026388666, 35.651231726998], [139.337921897069, 35.6497147435786], [139.33787904779, 35.6495317461906]]]}}, {"type": "Feature", "properties": {"id": "13_515", "prefCode": "13", "policeStationCode": "", "name": "パーキング・チケット #515", "spaces": null, "timeLimitMinutes": 60, "feeYen": 300, "vehicleType": "standard", "operatingHours": [{"startTime": "09:00", "endTime": "19:00"}], "operatingDays": [0, 1, 2, 3, 4, 5, 6], "exclusions": [], "overlappingRegulations": [], "lastUpdated": "2025-10-01", "category": "パーキング・チケット", "restriction1": "", "restriction2": "１月１日〜３日を除く", "supportsTruck": false, "supportsMotorcycle": false, "supportsStandard": true, "supportsSenior": false}, "geometry": {"type": "MultiLineString", "coordinates": [[[139.336845505938, 35.6541026388359], [139.333744238873, 35.6545194290895]], [[139.333734460087, 35.6546085366822], [139.336859767511, 35.6541954195699]]]}}, {"type": "Feature", "properties": {"id": "13_517", "prefCode": "13", "policeStationCode": "", "name": "パーキング・チケット #517", "spaces": null, "timeLimitMinutes": 20, "feeYen": 100, "vehicleType": "standard", "operatingHours": [{"startTime": "09:00", "endTime": "20:00"}], "operatingDays": [0, 1, 2, 3, 4, 5, 6], "exclusions": [], "overlappingRegulations": [], "lastUpdated": "2025-10-01", "category": "パーキング・チケット", "restriction1": "", "restriction2": "１月１日〜３日を除く", "supportsTruck": true, "supportsMotorcycle": false, "supportsStandard": true, "supportsSenior": false}, "geometry": {"type": "MultiLineString", "coordinates": [[[139.702587373563, 35.6596201608295], [139.70478134155, 35.6599761510476]], [[139.704782918139, 35.6598915715729], [139.702613869818, 35.6595436684493]]]}}, {"type": "Feature", "properties": {"id": "13_519", "prefCode": "13", "policeStationCode": "", "name": "パーキング・チケット #519", "spaces": null, "timeLimitMinutes": 60, "feeYen": 300, "vehicleType": "standard", "operatingHours": [{"startTime": "09:00", "endTime": "19:00"}], "operatingDays": [0, 1, 2, 3, 4, 5, 6], "exclusions": [], "overlappingRegulations": [], "lastUpdated": "2025-10-01", "category": "パーキング・チケット", "restriction1": "", "restriction2": "１月１日〜３日を除く", "supportsTruck": false, "supportsMotorcycle": false, "supportsStandard": true, "supportsSenior": false}, "geometry": {"type": "MultiLineString", "coordinates": [[[139.690686920194, 35.6842622380904], [139.690180368926, 35.6847697718661], [139.689980651166, 35.6849993684722], [139.689818241032, 35.6851994222738], [139.689658203024, 35.6854648898366], [139.689526694298, 35.6856857810486], [139.689383918281, 35.6860292121659]], [[139.689526550591, 35.686068208371], [139.689664413256, 35.6857259320071], [139.689802828766, 35.6854786115923], [139.689951770642, 35.6852498509343], [139.690318352801, 35.6848174597171], [139.690808409835, 35.6843340151702]]]}}, {"type": "Feature", "properties": {"id": "13_521", "prefCode": "13", "policeStationCode": "", "name": "パーキング・メーター #521", "spaces": null, "timeLimitMinutes": 60, "feeYen": 300, "vehicleType": "standard", "operatingHours": [{"startTime": "09:00", "endTime": "19:00"}], "operatingDays": [0, 1, 2, 3, 4, 5, 6], "exclusions": [], "overlappingRegulations": [], "lastUpdated": "2025-10-01", "category": "パーキング・メーター", "restriction1": "", "restriction2": "１月１日〜３日を除く", "supportsTruck": false, "supportsMotorcycle": false, "supportsStandard": true, "supportsSenior": false}, "geometry": {"type": "MultiLineString", "coordinates": [[[139.689051189098, 35.6883286474973], [139.690900983111, 35.6886386323928]], [[139.690930498842, 35.6884733411546], [139.689085174277, 35.6881835733555]]]}}, {"type": "Feature", "properties": {"id": "13_523", "prefCode": "13", "policeStationCode": "", "name": "パーキング・チケット #523", "spaces": null, "timeLimitMinutes": 60, "feeYen": 300, "vehicleType": "standard", "operatingHours": [{"startTime": "10:00", "endTime": "20:00"}], "operatingDays": [1, 2, 3, 4, 5, 6], "exclusions": ["holidays", "sundays"], "overlappingRegulations": [], "lastUpdated": "2025-10-01", "category": "パーキング・チケット", "restriction1": "日曜・休日を除く", "restriction2": "１月１日〜３日を除く", "supportsTruck": true, "supportsMotorcycle": false, "supportsStandard": true, "supportsSenior": false}, "geometry": {"type": "MultiLineString", "coordinates": [[[139.793216254982, 35.6732250468605], [139.793890202314, 35.6729182951216], [139.794798488565, 35.6725325359232]], [[139.794683105379, 35.6723660126186], [139.793107560516, 35.6730837731621]]]}}, {"type": "Feature", "properties": {"id": "13_525", "prefCode": "13", "policeStationCode": "", "name": "パーキング・チケット #525", "spaces": null, "timeLimitMinutes": 60, "feeYen": 300, "vehicleType": "standard", "operatingHours": [{"startTime": "09:00", "endTime": "20:00"}], "operatingDays": [1, 2, 3, 4, 5, 6], "exclusions": ["holidays", "sundays"], "overlappingRegulations": [], "lastUpdated": "2025-10-01", "category": "パーキング・チケット", "restriction1": "日曜・休日を除く", "restriction2": "１月１日〜３日を除く", "supportsTruck": true, "supportsMotorcycle": false, "supportsStandard": true, "supportsSenior": false}, "geometry": {"type": "MultiLineString", "coordinates": [[[139.710577073137, 35.7114362135107], [139.710953336987, 35.7113327828347], [139.711457640022, 35.7111478691224], [139.713187780736, 35.7101831470221], [139.713579881826, 35.7099792004874], [139.714005333308, 35.7098932078316], [139.716149093782, 35.7095251010016], [139.716331296896, 35.7094752170834], [139.716596356669, 35.7093635456418], [139.716689366994, 35.7092834294959], [139.716808943728, 35.7091557408156], [139.717278583527, 35.7084643552922], [139.717849751333, 35.7076636526667], [139.71874224146, 35.7068131194386], [139.718800148876, 35.7067668481128]], [[139.718637286732, 35.7067370143214], [139.717776491554, 35.7075613346066], [139.717275908735, 35.70824712157], [139.717193878628, 35.7083758785299], [139.716727957225, 35.709023531556], [139.716555596565, 35.7092343963378], [139.716381331358, 35.7093391538169], [139.716194794923, 35.7093932845104], [139.714574288257, 35.7096924839692], [139.714034079292, 35.7097732294648], [139.713542741582, 35.709868209061], [139.713118641635, 35.7100853454674], [139.71254996296, 35.7103912507273], [139.71147543154, 35.7110132940561], [139.710716066675, 35.7112977857796], [139.710543770516, 35.711330028659]]]}}, {"type": "Feature", "properties": {"id": "13_527", "prefCode": "13", "policeStationCode": "", "name": "パーキング・メーター #527", "spaces": null, "timeLimitMinutes": 60, "feeYen": 300, "vehicleType": "standard", "operatingHours": [{"startTime": "07:00", "endTime": "20:00"}], "operatingDays": [0, 1, 2, 3, 4, 5, 6], "exclusions": [], "overlappingRegulations": [], "lastUpdated": "2025-10-01", "category": "パーキング・メーター", "restriction1": "", "restriction2": "１月１日〜３日を除く", "supportsTruck": true, "supportsMotorcycle": false, "supportsStandard": true, "supportsSenior": false}, "geometry": {"type": "MultiLineString", "coordinates": [[[139.770857660922, 35.6906263205204], [139.771910759046, 35.6909329969268]], [[139.771953846958, 35.6908182226587], [139.77073357131, 35.6904902425657]]]}}, {"type": "Feature", "properties": {"id": "13_529", "prefCode": "13", "policeStationCode": "", "name": "パーキング・メーター #529", "spaces": null, "timeLimitMinutes": 60, "feeYen": 300, "vehicleType": "standard", "operatingHours": [{"startTime": "07:00", "endTime": "20:00"}], "operatingDays": [0, 1, 2, 3, 4, 5, 6], "exclusions": [], "overlappingRegulations": [], "lastUpdated": "2025-10-01", "category": "パーキング・メーター", "restriction1": "", "restriction2": "１月１日〜３日を除く", "supportsTruck": false, "supportsMotorcycle": false, "supportsStandard": true, "supportsSenior": false}, "geometry": {"type": "MultiLineString", "coordinates": [[[139.771325867027, 35.6931993909415], [139.77396404972, 35.6939636656239], [139.774897974769, 35.6942261488083]], [[139.774927175664, 35.6941024569945], [139.772622899172, 35.6934768846094], [139.77124481392, 35.6931142431645]]]}}, {"type": "Feature", "properties": {"id": "13_531", "prefCode": "13", "policeStationCode": "", "name": "パーキング・メーター #531", "spaces": null, "timeLimitMinutes": 60, "feeYen": 300, "vehicleType": "standard", "operatingHours": [{"startTime": "07:00", "endTime": "20:00"}], "operatingDays": [0, 1, 2, 3, 4, 5, 6], "exclusions": [], "overlappingRegulations": [], "lastUpdated": "2025-10-01", "category": "パーキング・メーター", "restriction1": "", "restriction2": "１月１日〜３日を除く", "supportsTruck": false, "supportsMotorcycle": false, "supportsStandard": true, "supportsSenior": false}, "geometry": {"type": "MultiLineString", "coordinates": [[[139.775489876168, 35.6944072913196], [139.778254724809, 35.6951334213264]], [[139.778328344872, 35.6950309978749], [139.776286505283, 35.6944875688881], [139.77529953685, 35.6942162041092]]]}}, {"type": "Feature", "properties": {"id": "13_533", "prefCode": "13", "policeStationCode": "", "name": "パーキング・メーター #533", "spaces": null, "timeLimitMinutes": 60, "feeYen": 300, "vehicleType": "standard", "operatingHours": [{"startTime": "09:30", "endTime": "20:00"}], "operatingDays": [0, 1, 2, 3, 4, 5, 6], "exclusions": [], "overlappingRegulations": [], "lastUpdated": "2025-10-01", "category": "パーキング・メーター", "restriction1": "", "restriction2": "１月１日〜３日を除く", "supportsTruck": false, "supportsMotorcycle": false, "supportsStandard": true, "supportsSenior": false}, "geometry": {"type": "MultiLineString", "coordinates": [[[139.780080687245, 35.6952567575456], [139.780052786914, 35.6946409155545], [139.780130204612, 35.6945386500526], [139.78069283974, 35.6940460877694], [139.781853244247, 35.6930186454775]], [[139.781712792765, 35.6929951626323], [139.780838717721, 35.6937383340369], [139.780349998197, 35.6941748726412], [139.780009217821, 35.6944780389563], [139.779923604685, 35.6945951236964], [139.779926271674, 35.695274689943]]]}}, {"type": "Feature", "properties": {"id": "13_535", "prefCode": "13", "policeStationCode": "", "name": "パーキング・メーター #535", "spaces": null, "timeLimitMinutes": 60, "feeYen": 300, "vehicleType": "standard", "operatingHours": [{"startTime": "09:30", "endTime": "19:00"}], "operatingDays": [1, 2, 3, 4, 5, 6], "exclusions": ["holidays", "sundays"], "overlappingRegulations": [], "lastUpdated": "2025-10-01", "category": "パーキング・メーター", "restriction1": "日曜・休日を除く", "restriction2": "１月１日〜３日を除く", "supportsTruck": true, "supportsMotorcycle": false, "supportsStandard": true, "supportsSenior": false}, "geometry": {"type": "MultiLineString", "coordinates": [[[139.7820000429, 35.6929027846952], [139.783322173471, 35.691698744674], [139.78432275406, 35.6907750123444], [139.784944642895, 35.6901987182264], [139.785387745072, 35.6895032840698], [139.785825937077, 35.688832974923], [139.785869649458, 35.6887746630343]], [[139.78569431981, 35.6886604587876], [139.785023331074, 35.6897180837124], [139.784603265403, 35.6903652612302], [139.783620473915, 35.691273898533], [139.783477087272, 35.6914156399047], [139.783090469462, 35.6917653365318], [139.782962602759, 35.6918801729725], [139.782571909976, 35.6922539974354], [139.782262634119, 35.6925204879103], [139.781913243503, 35.692819401039]]]}}, {"type": "Feature", "properties": {"id": "13_537", "prefCode": "13", "policeStationCode": "", "name": "パーキング・メーター #537", "spaces": null, "timeLimitMinutes": 60, "feeYen": 300, "vehicleType": "standard", "operatingHours": [{"startTime": "09:30", "endTime": "19:00"}], "operatingDays": [1, 2, 3, 4, 5, 6], "exclusions": ["holidays", "sundays"], "overlappingRegulations": [], "lastUpdated": "2025-10-01", "category": "パーキング・メーター", "restriction1": "日曜・休日を除く", "restriction2": "１月１日〜３日を除く", "supportsTruck": true, "supportsMotorcycle": false, "supportsStandard": true, "supportsSenior": false}, "geometry": {"type": "MultiLineString", "coordinates": [[[139.788067523983, 35.6856544916717], [139.78708517018, 35.6869012644643], [139.786294895959, 35.6879102747877], [139.78576802543, 35.6885543452571]], [[139.785960240615, 35.6886673354485], [139.786368274179, 35.6881153369655], [139.788255506518, 35.6857387957734]]]}}, {"type": "Feature", "properties": {"id": "13_539", "prefCode": "13", "policeStationCode": "", "name": "パーキング・メーター #539", "spaces": null, "timeLimitMinutes": 60, "feeYen": 300, "vehicleType": "standard", "operatingHours": [{"startTime": "09:00", "endTime": "19:00"}], "operatingDays": [1, 2, 3, 4, 5, 6], "exclusions": ["holidays", "sundays"], "overlappingRegulations": [], "lastUpdated": "2025-10-01", "category": "パーキング・メーター", "restriction1": "日曜・休日を除く", "restriction2": "１月１日〜３日を除く", "supportsTruck": false, "supportsMotorcycle": false, "supportsStandard": true, "supportsSenior": false}, "geometry": {"type": "MultiLineString", "coordinates": [[[139.781715533797, 35.6825692016208], [139.78326007685, 35.6833090986334], [139.786114995564, 35.6847060446989], [139.787601532, 35.6854312754732], [139.788969848162, 35.686054513886], [139.789376848781, 35.6862523899449]], [[139.789453114785, 35.6861302244773], [139.788434644866, 35.6856494242944], [139.78729450063, 35.6850842525348], [139.786070897646, 35.6844960377687], [139.783446234314, 35.6832065612321], [139.78188729457, 35.6824489772878]]]}}, {"type": "Feature", "properties": {"id": "13_541", "prefCode": "13", "policeStationCode": "", "name": "パーキング・メーター #541", "spaces": null, "timeLimitMinutes": 60, "feeYen": 300, "vehicleType": "standard", "operatingHours": [{"startTime": "09:00", "endTime": "19:00"}], "operatingDays": [1, 2, 3, 4, 5, 6], "exclusions": ["holidays", "sundays"], "overlappingRegulations": [], "lastUpdated": "2025-10-01", "category": "パーキング・メーター", "restriction1": "日曜・休日を除く", "restriction2": "１月１日〜３日を除く", "supportsTruck": false, "supportsMotorcycle": false, "supportsStandard": true, "supportsSenior": false}, "geometry": {"type": "LineString", "coordinates": [[139.787893321829, 35.6914261942316], [139.787010127585, 35.6909073152717], [139.786257436027, 35.6904177790359], [139.785240810863, 35.6897495770033]]}}, {"type": "Feature", "properties": {"id": "13_542", "prefCode": "13", "policeStationCode": "", "name": "パーキング・メーター #542", "spaces": null, "timeLimitMinutes": 60, "feeYen": 300, "vehicleType": "standard", "operatingHours": [{"startTime": "09:00", "endTime": "19:00"}], "operatingDays": [1, 2, 3, 4, 5, 6], "exclusions": ["holidays", "sundays"], "overlappingRegulations": [], "lastUpdated": "2025-10-01", "category": "パーキング・メーター", "restriction1": "日曜・休日を除く", "restriction2": "１月１日〜３日を除く", "supportsTruck": false, "supportsMotorcycle": false, "supportsStandard": true, "supportsSenior": false}, "geometry": {"type": "MultiLineString", "coordinates": [[[139.779419987527, 35.6763641495857], [139.779989759475, 35.6768750538011], [139.78052922407, 35.6773727601234], [139.781767478348, 35.6781421966684], [139.782518414951, 35.6786153731933], [139.783011533644, 35.6789439441397]], [[139.783098993429, 35.678903585202], [139.782614501225, 35.6785854551241], [139.78181932366, 35.678086299256], [139.780589090627, 35.6773204997626], [139.780075814114, 35.6768412903147], [139.779527174662, 35.6763466706316]]]}}, {"type": "Feature", "properties": {"id": "13_544", "prefCode": "13", "policeStationCode": "", "name": "パーキング・メーター #544", "spaces": null, "timeLimitMinutes": 60, "feeYen": 300, "vehicleType": "standard", "operatingHours": [{"startTime": "09:00", "endTime": "19:00"}], "operatingDays": [1, 2, 3, 4, 5, 6], "exclusions": ["holidays", "sundays"], "overlappingRegulations": [], "lastUpdated": "2025-10-01", "category": "パーキング・メーター", "restriction1": "日曜・休日を除く", "restriction2": "１月１日〜３日を除く", "supportsTruck": false, "supportsMotorcycle": false, "supportsStandard": true, "supportsSenior": false}, "geometry": {"type": "MultiLineString", "coordinates": [[[139.783803461317, 35.6794463894084], [139.785453345209, 35.6804618078333], [139.786316987103, 35.6809494950675], [139.786546414429, 35.6810930539897]], [[139.786590370385, 35.6810105194301], [139.785496110614, 35.68039539363], [139.78438510354, 35.6797097978942], [139.783864082133, 35.67938525759]]]}}, {"type": "Feature", "properties": {"id": "13_546", "prefCode": "13", "policeStationCode": "", "name": "パーキング・チケット #546", "spaces": null, "timeLimitMinutes": 60, "feeYen": 300, "vehicleType": "standard", "operatingHours": [{"startTime": "08:00", "endTime": "20:00"}], "operatingDays": [0, 1, 2, 3, 4, 5, 6], "exclusions": [], "overlappingRegulations": [], "lastUpdated": "2025-10-01", "category": "パーキング・チケット", "restriction1": "", "restriction2": "１月１日〜３日を除く", "supportsTruck": false, "supportsMotorcycle": false, "supportsStandard": true, "supportsSenior": false}, "geometry": {"type": "LineString", "coordinates": [[139.762720450491, 35.698769516769], [139.761662317495, 35.6991347746462], [139.760115403345, 35.6996572239227], [139.759831873653, 35.6997741076618], [139.759498538292, 35.6999433963434], [139.759230076814, 35.7001561309119], [139.75862144172, 35.7007169317602], [139.758265686098, 35.7010900548648]]}}, {"type": "Feature", "properties": {"id": "13_547", "prefCode": "13", "policeStationCode": "", "name": "パーキング・メーター #547", "spaces": null, "timeLimitMinutes": 60, "feeYen": 300, "vehicleType": "standard", "operatingHours": [{"startTime": "08:00", "endTime": "20:00"}], "operatingDays": [0, 1, 2, 3, 4, 5, 6], "exclusions": [], "overlappingRegulations": [], "lastUpdated": "2025-10-01", "category": "パーキング・メーター", "restriction1": "", "restriction2": "１月１日〜３日を除く", "supportsTruck": false, "supportsMotorcycle": false, "supportsStandard": true, "supportsSenior": false}, "geometry": {"type": "LineString", "coordinates": [[139.755764727668, 35.6939563821839], [139.755456771766, 35.6940351847076], [139.755091972175, 35.694115420839], [139.754191799687, 35.6943421191639], [139.753868276451, 35.694481499214], [139.753579055493, 35.6946762747033], [139.753421038942, 35.6947959352912], [139.75328481929, 35.6949572391958], [139.7531042623, 35.6951987141107], [139.753031999077, 35.6953753763337], [139.752998716744, 35.6955376845623]]}}, {"type": "Feature", "properties": {"id": "13_548", "prefCode": "13", "policeStationCode": "", "name": "パーキング・メーター #548", "spaces": null, "timeLimitMinutes": 60, "feeYen": 300, "vehicleType": "standard", "operatingHours": [{"startTime": "08:00", "endTime": "20:00"}], "operatingDays": [0, 1, 2, 3, 4, 5, 6], "exclusions": [], "overlappingRegulations": [], "lastUpdated": "2025-10-01", "category": "パーキング・メーター", "restriction1": "", "restriction2": "１月１日〜３日を除く", "supportsTruck": false, "supportsMotorcycle": false, "supportsStandard": true, "supportsSenior": false}, "geometry": {"type": "LineString", "coordinates": [[139.76834550599, 35.6893027353967], [139.768302037143, 35.6893226518959], [139.766962466012, 35.689511862528]]}}, {"type": "Feature", "properties": {"id": "13_552", "prefCode": "13", "policeStationCode": "", "name": "パーキング・メーター #552", "spaces": null, "timeLimitMinutes": 60, "feeYen": 300, "vehicleType": "standard", "operatingHours": [{"startTime": "08:00", "endTime": "20:00"}], "operatingDays": [0, 1, 2, 3, 4, 5, 6], "exclusions": [], "overlappingRegulations": [], "lastUpdated": "2025-10-01", "category": "パーキング・メーター", "restriction1": "", "restriction2": "１月１日〜３日を除く", "supportsTruck": true, "supportsMotorcycle": false, "supportsStandard": true, "supportsSenior": false}, "geometry": {"type": "LineString", "coordinates": [[139.758295955249, 35.7011511822474], [139.759191425369, 35.7011478311781], [139.759832369765, 35.7009882977125], [139.762033820338, 35.70025466593], [139.763247985295, 35.6998191135623]]}}, {"type": "Feature", "properties": {"id": "13_553", "prefCode": "13", "policeStationCode": "", "name": "パーキング・メーター #553", "spaces": null, "timeLimitMinutes": 60, "feeYen": 300, "vehicleType": "standard", "operatingHours": [{"startTime": "08:00", "endTime": "20:00"}], "operatingDays": [0, 1, 2, 3, 4, 5, 6], "exclusions": [], "overlappingRegulations": [], "lastUpdated": "2025-10-01", "category": "パーキング・メーター", "restriction1": "", "restriction2": "１月１日〜３日を除く", "supportsTruck": true, "supportsMotorcycle": false, "supportsStandard": true, "supportsSenior": false}, "geometry": {"type": "MultiLineString", "coordinates": [[[139.764556949602, 35.6901293239881], [139.764980088396, 35.6899413484866], [139.766100152677, 35.6897655159586], [139.766814410584, 35.6896664404463]], [[139.766752849151, 35.689540707927], [139.764921838809, 35.6898037512172], [139.764539836665, 35.6899451415222]]]}}, {"type": "Feature", "properties": {"id": "13_555", "prefCode": "13", "policeStationCode": "", "name": "パーキング・メーター #555", "spaces": null, "timeLimitMinutes": 60, "feeYen": 300, "vehicleType": "standard", "operatingHours": [{"startTime": "09:00", "endTime": "21:00"}], "operatingDays": [0, 1, 2, 3, 4, 5, 6], "exclusions": [], "overlappingRegulations": [], "lastUpdated": "2025-10-01", "category": "パーキング・メーター", "restriction1": "", "restriction2": "１月１日〜３日を除く", "supportsTruck": true, "supportsMotorcycle": false, "supportsStandard": true, "supportsSenior": false}, "geometry": {"type": "LineString", "coordinates": [[139.758997249925, 35.6684074524313], [139.759348053518, 35.6682600426996], [139.759839839296, 35.6681057283825], [139.760673974613, 35.6678298377368], [139.761118500845, 35.6676875854895]]}}, {"type": "Feature", "properties": {"id": "13_556", "prefCode": "13", "policeStationCode": "", "name": "パーキング・メーター #556", "spaces": null, "timeLimitMinutes": 60, "feeYen": 300, "vehicleType": "standard", "operatingHours": [{"startTime": "09:00", "endTime": "21:00"}], "operatingDays": [0, 1, 2, 3, 4, 5, 6], "exclusions": [], "overlappingRegulations": [], "lastUpdated": "2025-10-01", "category": "パーキング・メーター", "restriction1": "", "restriction2": "１月１日〜３日を除く", "supportsTruck": true, "supportsMotorcycle": false, "supportsStandard": true, "supportsSenior": false}, "geometry": {"type": "MultiLineString", "coordinates": [[[139.761080206076, 35.6676503811198], [139.760667308504, 35.6677590558501], [139.760641624393, 35.66776776542]], [[139.760250912339, 35.6679002572119], [139.760107093234, 35.6679490267616], [139.759313833762, 35.6682027979368], [139.758965246723, 35.6683447565939]]]}}, {"type": "Feature", "properties": {"id": "13_557", "prefCode": "13", "policeStationCode": "", "name": "パーキング・メーター #557", "spaces": null, "timeLimitMinutes": 60, "feeYen": 300, "vehicleType": "standard", "operatingHours": [{"startTime": "09:00", "endTime": "19:00"}], "operatingDays": [1, 2, 3, 4, 5, 6], "exclusions": ["holidays", "sundays"], "overlappingRegulations": [], "lastUpdated": "2025-10-01", "category": "パーキング・メーター", "restriction1": "日曜・休日を除く", "restriction2": "１月１日〜３日を除く", "supportsTruck": true, "supportsMotorcycle": false, "supportsStandard": true, "supportsSenior": false}, "geometry": {"type": "MultiLineString", "coordinates": [[[139.769222377692, 35.6656482397179], [139.768077708581, 35.6667402444978]], [[139.768155128017, 35.6668054519903], [139.769304869067, 35.6657177223264]]]}}, {"type": "Feature", "properties": {"id": "13_559", "prefCode": "13", "policeStationCode": "", "name": "パーキング・メーター #559", "spaces": null, "timeLimitMinutes": 60, "feeYen": 300, "vehicleType": "standard", "operatingHours": [{"startTime": "09:00", "endTime": "19:00"}], "operatingDays": [1, 2, 3, 4, 5, 6], "exclusions": ["holidays", "sundays"], "overlappingRegulations": [], "lastUpdated": "2025-10-01", "category": "パーキング・メーター", "restriction1": "日曜・休日を除く", "restriction2": "１月１日〜３日を除く", "supportsTruck": true, "supportsMotorcycle": false, "supportsStandard": true, "supportsSenior": false}, "geometry": {"type": "LineString", "coordinates": [[139.78007147238, 35.6727423208011], [139.77862107914, 35.6727991063995], [139.778440573448, 35.6728101925237], [139.776275875936, 35.6729345112159]]}}, {"type": "Feature", "properties": {"id": "13_560", "prefCode": "13", "policeStationCode": "", "name": "パーキング・メーター #560", "spaces": null, "timeLimitMinutes": 60, "feeYen": 300, "vehicleType": "standard", "operatingHours": [{"startTime": "09:00", "endTime": "19:00"}], "operatingDays": [1, 2, 3, 4, 5, 6], "exclusions": ["holidays", "sundays"], "overlappingRegulations": [], "lastUpdated": "2025-10-01", "category": "パーキング・メーター", "restriction1": "日曜・休日を除く", "restriction2": "１月１日〜３日を除く", "supportsTruck": true, "supportsMotorcycle": false, "supportsStandard": true, "supportsSenior": false}, "geometry": {"type": "MultiLineString", "coordinates": [[[139.735840692998, 35.6467017294491], [139.736228530508, 35.6473310487631], [139.736622126175, 35.6486306860593], [139.736648104133, 35.6489808650825], [139.73662760925, 35.6496070800635], [139.736626062603, 35.650890330345], [139.7365926517, 35.65126583343], [139.736460376052, 35.6518509816174], [139.736420603947, 35.6521914839483], [139.736426792207, 35.6524908594577], [139.736701471741, 35.6536962929555], [139.736838677553, 35.6545181596592], [139.73692334269, 35.6552377691398]], [[139.737197428389, 35.6551861589989], [139.737008426978, 35.6537691187992], [139.73679254931, 35.6528518150243], [139.736759740244, 35.6527064157284], [139.736700980868, 35.6521953780697], [139.736866551036, 35.6513451126811], [139.736893576295, 35.6507335830901], [139.736919649769, 35.6503730060984], [139.736921697509, 35.6486687755895], [139.7365430107, 35.6473464807477], [139.736149691616, 35.6466275849395]]]}}, {"type": "Feature", "properties": {"id": "13_562", "prefCode": "13", "policeStationCode": "", "name": "パーキング・チケット #562", "spaces": null, "timeLimitMinutes": 60, "feeYen": 300, "vehicleType": "standard", "operatingHours": [{"startTime": "09:00", "endTime": "19:00"}], "operatingDays": [1, 2, 3, 4, 5, 6], "exclusions": ["holidays", "sundays"], "overlappingRegulations": [], "lastUpdated": "2025-10-01", "category": "パーキング・チケット", "restriction1": "日曜・休日を除く", "restriction2": "１月１日〜３日を除く", "supportsTruck": false, "supportsMotorcycle": false, "supportsStandard": true, "supportsSenior": false}, "geometry": {"type": "MultiLineString", "coordinates": [[[139.723872176385, 35.6370730921213], [139.722590068321, 35.6392519735404], [139.722490074382, 35.6396223995742], [139.722231506244, 35.6414648534732], [139.722061489873, 35.6418541072241], [139.721060186159, 35.6430155115433]], [[139.721104417365, 35.6431834160978], [139.722079187937, 35.6420944944395], [139.722353274367, 35.641628040578], [139.722548459252, 35.6402701351204], [139.722674667534, 35.6394296300667], [139.72303837734, 35.6387564829941], [139.72401452583, 35.637090925452]]]}}, {"type": "Feature", "properties": {"id": "13_564", "prefCode": "13", "policeStationCode": "", "name": "パーキング・メーター #564", "spaces": null, "timeLimitMinutes": 60, "feeYen": 300, "vehicleType": "standard", "operatingHours": [{"startTime": "09:00", "endTime": "21:00"}], "operatingDays": [0, 1, 2, 3, 4, 5, 6], "exclusions": [], "overlappingRegulations": [], "lastUpdated": "2025-10-01", "category": "パーキング・メーター", "restriction1": "", "restriction2": "１月１日〜３日を除く", "supportsTruck": true, "supportsMotorcycle": false, "supportsStandard": true, "supportsSenior": false}, "geometry": {"type": "MultiLineString", "coordinates": [[[139.718135369451, 35.6597068127389], [139.716516324383, 35.660301138124], [139.714996511735, 35.6608631297385], [139.713325866238, 35.6616658401477], [139.711805310665, 35.6624801805694], [139.710791439141, 35.6630267200458]], [[139.711793639536, 35.6625832295894], [139.713188229098, 35.6618334898207], [139.714828160387, 35.661029478288], [139.716888462928, 35.6602798203678], [139.717270175759, 35.6601137932636], [139.718198476771, 35.6597656285192]]]}}, {"type": "Feature", "properties": {"id": "13_566", "prefCode": "13", "policeStationCode": "", "name": "パーキング・メーター #566", "spaces": null, "timeLimitMinutes": 60, "feeYen": 300, "vehicleType": "standard", "operatingHours": [{"startTime": "09:00", "endTime": "19:00"}], "operatingDays": [0, 1, 2, 3, 4, 5, 6], "exclusions": [], "overlappingRegulations": [], "lastUpdated": "2025-10-01", "category": "パーキング・メーター", "restriction1": "", "restriction2": "１月１日〜３日を除く", "supportsTruck": true, "supportsMotorcycle": false, "supportsStandard": true, "supportsSenior": false}, "geometry": {"type": "MultiLineString", "coordinates": [[[139.71678, 35.67106], [139.71681, 35.67142], [139.71683, 35.67179], [139.71682, 35.67213], [139.71671, 35.67247], [139.716490669975, 35.6728267859648], [139.716315070114, 35.6731608919534]], [[139.716444807548, 35.673221674456], [139.71686, 35.67243], [139.71695, 35.67205], [139.71693, 35.67132], [139.71688, 35.67062], [139.71691, 35.67044], [139.71695, 35.67034]]]}}, {"type": "Feature", "properties": {"id": "13_568", "prefCode": "13", "policeStationCode": "", "name": "パーキング・メーター #568", "spaces": null, "timeLimitMinutes": 60, "feeYen": 300, "vehicleType": "standard", "operatingHours": [{"startTime": "09:00", "endTime": "19:00"}], "operatingDays": [1, 2, 3, 4, 5, 6], "exclusions": ["holidays", "sundays"], "overlappingRegulations": [], "lastUpdated": "2025-10-01", "category": "パーキング・メーター", "restriction1": "日曜・休日を除く", "restriction2": "１月１日〜３日を除く", "supportsTruck": true, "supportsMotorcycle": false, "supportsStandard": true, "supportsSenior": false}, "geometry": {"type": "LineString", "coordinates": [[139.788340657985, 35.6855916387618], [139.78901912279, 35.6847956350609]]}}, {"type": "Feature", "properties": {"id": "13_569", "prefCode": "13", "policeStationCode": "", "name": "パーキング・メーター #569", "spaces": null, "timeLimitMinutes": 60, "feeYen": 300, "vehicleType": "standard", "operatingHours": [{"startTime": "09:00", "endTime": "19:00"}], "operatingDays": [1, 2, 3, 4, 5, 6], "exclusions": ["holidays", "sundays"], "overlappingRegulations": [], "lastUpdated": "2025-10-01", "category": "パーキング・メーター", "restriction1": "日曜・休日を除く", "restriction2": "１月１日〜３日を除く", "supportsTruck": true, "supportsMotorcycle": false, "supportsStandard": true, "supportsSenior": false}, "geometry": {"type": "MultiLineString", "coordinates": [[[139.78964454965, 35.6838525371457], [139.788960325922, 35.6846500701939]], [[139.789092566712, 35.6847143162199], [139.78939512942, 35.6843514307439], [139.78976361306, 35.6839267458281]]]}}, {"type": "Feature", "properties": {"id": "13_571", "prefCode": "13", "policeStationCode": "", "name": "パーキング・チケット #571", "spaces": null, "timeLimitMinutes": 60, "feeYen": 300, "vehicleType": "standard", "operatingHours": [{"startTime": "09:00", "endTime": "19:00"}], "operatingDays": [1, 2, 3, 4, 5, 6], "exclusions": ["holidays", "sundays"], "overlappingRegulations": [], "lastUpdated": "2025-10-01", "category": "パーキング・チケット", "restriction1": "日曜・休日を除く", "restriction2": "１月１日〜３日を除く", "supportsTruck": false, "supportsMotorcycle": false, "supportsStandard": true, "supportsSenior": false}, "geometry": {"type": "MultiLineString", "coordinates": [[[139.718331375884, 35.6253019886989], [139.718732508797, 35.6258618611031], [139.719223420142, 35.6275798713794], [139.719472140932, 35.6281102092242], [139.720587422443, 35.6301114688957], [139.720659849982, 35.6303437245269], [139.720783861524, 35.631188426432], [139.720723894092, 35.6315374479839], [139.719878283662, 35.6340389360677], [139.719607648721, 35.6345588930189]], [[139.719830379189, 35.6347554739699], [139.720166328407, 35.6341229177922], [139.721057117364, 35.6314379583619], [139.720940585603, 35.6303216100581], [139.720744618804, 35.6297968321975], [139.719662333886, 35.6278910812643], [139.719419683896, 35.6272275712654], [139.718948763127, 35.6256874051739], [139.718595183106, 35.6251835224213]]]}}, {"type": "Feature", "properties": {"id": "13_573", "prefCode": "13", "policeStationCode": "", "name": "パーキング・チケット #573", "spaces": null, "timeLimitMinutes": 60, "feeYen": 300, "vehicleType": "standard", "operatingHours": [{"startTime": "09:00", "endTime": "19:00"}], "operatingDays": [1, 2, 3, 4, 5, 6], "exclusions": ["holidays", "sundays"], "overlappingRegulations": [], "lastUpdated": "2025-10-01", "category": "パーキング・チケット", "restriction1": "日曜・休日を除く", "restriction2": "１月１日〜３日を除く", "supportsTruck": true, "supportsMotorcycle": false, "supportsStandard": true, "supportsSenior": false}, "geometry": {"type": "MultiLineString", "coordinates": [[[139.71900832811, 35.5917636234489], [139.721191117992, 35.5919669255109], [139.72274918081, 35.5918544032752], [139.723195381652, 35.5918346121838], [139.723954149056, 35.5918252690696], [139.724317430241, 35.5917803672912], [139.72468447488, 35.5916786560676], [139.725504404612, 35.591404022706], [139.726298540307, 35.5912547149476], [139.726602236514, 35.5911778308583], [139.728134489651, 35.5907181217879]], [[139.72813196282, 35.590632676271], [139.726142010783, 35.5912107881552], [139.725676480503, 35.5912832073414], [139.725459636673, 35.5913329365242], [139.724670968473, 35.5915921908673], [139.724309364265, 35.5916992255774], [139.723935848942, 35.5917454713134], [139.723191647328, 35.5917621168253], [139.722729720408, 35.5917752123802], [139.721170610218, 35.5918932270721], [139.718727422294, 35.5916644280018]]]}}, {"type": "Feature", "properties": {"id": "13_575", "prefCode": "13", "policeStationCode": "", "name": "パーキング・チケット #575", "spaces": null, "timeLimitMinutes": 60, "feeYen": 300, "vehicleType": "standard", "operatingHours": [{"startTime": "09:00", "endTime": "19:00"}], "operatingDays": [1, 2, 3, 4, 5, 6], "exclusions": ["holidays", "sundays"], "overlappingRegulations": [], "lastUpdated": "2025-10-01", "category": "パーキング・チケット", "restriction1": "日曜・休日を除く", "restriction2": "１月１日〜３日を除く", "supportsTruck": false, "supportsMotorcycle": false, "supportsStandard": true, "supportsSenior": false}, "geometry": {"type": "LineString", "coordinates": [[139.709784985247, 35.5627321407906], [139.710946541742, 35.5627777184069], [139.711575929976, 35.5628008871621], [139.712307691094, 35.5627798702552], [139.713107833507, 35.5627590626257], [139.714322859463, 35.56273378348], [139.714966044069, 35.5627130592596]]}}, {"type": "Feature", "properties": {"id": "13_576", "prefCode": "13", "policeStationCode": "", "name": "パーキング・チケット #576", "spaces": null, "timeLimitMinutes": 60, "feeYen": 300, "vehicleType": "standard", "operatingHours": [{"startTime": "09:00", "endTime": "19:00"}], "operatingDays": [1, 2, 3, 4, 5, 6], "exclusions": ["holidays", "sundays"], "overlappingRegulations": [], "lastUpdated": "2025-10-01", "category": "パーキング・チケット", "restriction1": "日曜・休日を除く", "restriction2": "１月１日〜３日を除く", "supportsTruck": false, "supportsMotorcycle": false, "supportsStandard": true, "supportsSenior": false}, "geometry": {"type": "LineString", "coordinates": [[139.714782447861, 35.5626390951343], [139.713181349963, 35.5626797417129], [139.711534743505, 35.5627096854694], [139.710288682172, 35.5626660977499], [139.709535237333, 35.5626359148186]]}}, {"type": "Feature", "properties": {"id": "13_577", "prefCode": "13", "policeStationCode": "", "name": "パーキング・メーター #577", "spaces": null, "timeLimitMinutes": 60, "feeYen": 300, "vehicleType": "standard", "operatingHours": [{"startTime": "09:00", "endTime": "19:00"}], "operatingDays": [1, 2, 3, 4, 5, 6], "exclusions": ["holidays", "sundays"], "overlappingRegulations": [], "lastUpdated": "2025-10-01", "category": "パーキング・メーター", "restriction1": "日曜・休日を除く", "restriction2": "１月１日〜３日を除く", "supportsTruck": false, "supportsMotorcycle": false, "supportsStandard": true, "supportsSenior": false}, "geometry": {"type": "MultiLineString", "coordinates": [[[139.731272464349, 35.6064437069274], [139.733176741118, 35.6064555808488]], [[139.733192505086, 35.6063698472406], [139.73130028034, 35.6063566001231]]]}}, {"type": "Feature", "properties": {"id": "13_579", "prefCode": "13", "policeStationCode": "", "name": "パーキング・メーター #579", "spaces": null, "timeLimitMinutes": 60, "feeYen": 300, "vehicleType": "standard", "operatingHours": [{"startTime": "08:00", "endTime": "20:00"}], "operatingDays": [0, 1, 2, 3, 4, 5, 6], "exclusions": [], "overlappingRegulations": [], "lastUpdated": "2025-10-01", "category": "パーキング・メーター", "restriction1": "", "restriction2": "１月１日〜３日を除く", "supportsTruck": true, "supportsMotorcycle": false, "supportsStandard": true, "supportsSenior": false}, "geometry": {"type": "LineString", "coordinates": [[139.764089183099, 35.6979823133372], [139.765600702064, 35.6974637166548]]}}, {"type": "Feature", "properties": {"id": "13_580", "prefCode": "13", "policeStationCode": "", "name": "パーキング・メーター #580", "spaces": null, "timeLimitMinutes": 60, "feeYen": 300, "vehicleType": "standard", "operatingHours": [{"startTime": "09:30", "endTime": "19:00"}], "operatingDays": [0, 1, 2, 3, 4, 5, 6], "exclusions": [], "overlappingRegulations": [], "lastUpdated": "2025-10-01", "category": "パーキング・メーター", "restriction1": "", "restriction2": "１月１日〜３日を除く", "supportsTruck": false, "supportsMotorcycle": false, "supportsStandard": true, "supportsSenior": false}, "geometry": {"type": "MultiLineString", "coordinates": [[[139.666132693704, 35.6429931070139], [139.665506677708, 35.6431232422273], [139.665170446686, 35.6431994238047], [139.664943579865, 35.6432328895678], [139.663520636056, 35.6432583468543], [139.663330834208, 35.6432433597223], [139.663031703543, 35.6432017683569], [139.662552426426, 35.6431201189995], [139.662245686077, 35.643046428942], [139.661824499317, 35.6428912516007], [139.661351133427, 35.6427181976276], [139.661027214666, 35.6425815227777]], [[139.66099577786, 35.6426426216063], [139.661318685658, 35.6427872238045], [139.661808518205, 35.6429643766771], [139.662208013179, 35.6431006403962], [139.662500888287, 35.6431805064], [139.662872980948, 35.6432496767491], [139.663260534855, 35.6433106911824], [139.663518553716, 35.6433337176311], [139.664947764128, 35.643302220578], [139.665170266141, 35.6432704898069], [139.665543658585, 35.643183777648], [139.66610026352, 35.6430746677235]]]}}, {"type": "Feature", "properties": {"id": "13_582", "prefCode": "13", "policeStationCode": "", "name": "パーキング・チケット #582", "spaces": null, "timeLimitMinutes": 60, "feeYen": 300, "vehicleType": "standard", "operatingHours": [{"startTime": "09:00", "endTime": "19:00"}], "operatingDays": [1, 2, 3, 4, 5, 6], "exclusions": ["holidays", "sundays"], "overlappingRegulations": [], "lastUpdated": "2025-10-01", "category": "パーキング・チケット", "restriction1": "日曜・休日を除く", "restriction2": "１月１日〜３日を除く", "supportsTruck": false, "supportsMotorcycle": false, "supportsStandard": true, "supportsSenior": false}, "geometry": {"type": "MultiLineString", "coordinates": [[[139.679086777245, 35.6450424980347], [139.678220662464, 35.6466956522489]], [[139.678336605945, 35.6466744390296], [139.679169460865, 35.6450951932256]]]}}, {"type": "Feature", "properties": {"id": "13_584", "prefCode": "13", "policeStationCode": "", "name": "パーキング・メーター #584", "spaces": null, "timeLimitMinutes": 60, "feeYen": 300, "vehicleType": "standard", "operatingHours": [{"startTime": "09:00", "endTime": "19:00"}], "operatingDays": [1, 2, 3, 4, 5, 6], "exclusions": ["holidays", "sundays"], "overlappingRegulations": [], "lastUpdated": "2025-10-01", "category": "パーキング・メーター", "restriction1": "日曜・休日を除く", "restriction2": "１月１日〜３日を除く", "supportsTruck": false, "supportsMotorcycle": false, "supportsStandard": true, "supportsSenior": false}, "geometry": {"type": "LineString", "coordinates": [[139.71659993057, 35.635137907406], [139.717415183911, 35.635256799497]]}}, {"type": "Feature", "properties": {"id": "13_585", "prefCode": "13", "policeStationCode": "", "name": "パーキング・メーター #585", "spaces": null, "timeLimitMinutes": 60, "feeYen": 300, "vehicleType": "standard", "operatingHours": [{"startTime": "09:00", "endTime": "19:00"}], "operatingDays": [1, 2, 3, 4, 5, 6], "exclusions": ["holidays", "sundays"], "overlappingRegulations": [], "lastUpdated": "2025-10-01", "category": "パーキング・メーター", "restriction1": "日曜・休日を除く", "restriction2": "１月１日〜３日を除く", "supportsTruck": false, "supportsMotorcycle": false, "supportsStandard": true, "supportsSenior": false}, "geometry": {"type": "MultiLineString", "coordinates": [[[139.728969294705, 35.6255030867083], [139.731709995141, 35.6247651563534], [139.731957720763, 35.6245898749103], [139.732694467383, 35.6238663241158]], [[139.73268520756, 35.6237222714978], [139.731782212872, 35.6245761619271], [139.731542844721, 35.6246953183277], [139.729061967272, 35.6253860423993]]]}}, {"type": "Feature", "properties": {"id": "13_587", "prefCode": "13", "policeStationCode": "", "name": "パーキング・チケット #587", "spaces": null, "timeLimitMinutes": 60, "feeYen": 300, "vehicleType": "standard", "operatingHours": [{"startTime": "09:00", "endTime": "19:00"}], "operatingDays": [1, 2, 3, 4, 5, 6], "exclusions": ["holidays", "sundays"], "overlappingRegulations": [], "lastUpdated": "2025-10-01", "category": "パーキング・チケット", "restriction1": "日曜・休日を除く", "restriction2": "１月１日〜３日を除く", "supportsTruck": false, "supportsMotorcycle": false, "supportsStandard": true, "supportsSenior": false}, "geometry": {"type": "MultiLineString", "coordinates": [[[139.653106845645, 35.6304078901843], [139.652677822274, 35.6304532142996], [139.652409441398, 35.6305187973501], [139.651397085041, 35.6308192208894], [139.651323103255, 35.6308643459], [139.650808574889, 35.6310341289446], [139.649922323555, 35.6313992493685], [139.649542652536, 35.6315223511183], [139.648886648623, 35.6316580733543], [139.648096819424, 35.6317439085435], [139.646949944081, 35.6317345784374], [139.645953542584, 35.6317216958421], [139.645152518478, 35.631681366749], [139.644336667725, 35.6315646040988], [139.643695971437, 35.6314482772946], [139.642457840883, 35.631167258288], [139.640664410342, 35.6305960842002], [139.640543655042, 35.6305418377403]], [[139.640513909329, 35.63060518936], [139.640636430355, 35.6306564285755], [139.642418526643, 35.6312244051449], [139.643526875333, 35.631504209067], [139.644278099326, 35.6316431218773], [139.645255000002, 35.6317529955739], [139.645949642121, 35.6317918228042], [139.646963797437, 35.631811018171], [139.648276995133, 35.6317954265931], [139.649218353799, 35.6316660979998], [139.649586439807, 35.6315820982662], [139.649794396933, 35.63151476676], [139.650250561306, 35.6313457542264], [139.650860676131, 35.6310494104531], [139.651330428563, 35.6308903671292], [139.651423136678, 35.6308854619332], [139.651809170802, 35.6307643355674], [139.652441422933, 35.6305846937647], [139.652926133253, 35.6305047315875], [139.653408216731, 35.6304818025864]]]}}, {"type": "Feature", "properties": {"id": "13_589", "prefCode": "13", "policeStationCode": "", "name": "パーキング・チケット #589", "spaces": null, "timeLimitMinutes": 60, "feeYen": 300, "vehicleType": "standard", "operatingHours": [{"startTime": "09:00", "endTime": "19:00"}], "operatingDays": [1, 2, 3, 4, 5, 6], "exclusions": ["holidays", "sundays"], "overlappingRegulations": [], "lastUpdated": "2025-10-01", "category": "パーキング・チケット", "restriction1": "日曜・休日を除く", "restriction2": "１月１日〜３日を除く", "supportsTruck": true, "supportsMotorcycle": false, "supportsStandard": true, "supportsSenior": false}, "geometry": {"type": "MultiLineString", "coordinates": [[[139.692524341281, 35.6548826477603], [139.691766198348, 35.6559116238133], [139.691109301274, 35.6572194358818]], [[139.691224843503, 35.6572752399992], [139.691906142921, 35.6559294071856], [139.692661980286, 35.6549001754893]]]}}, {"type": "Feature", "properties": {"id": "13_591", "prefCode": "13", "policeStationCode": "", "name": "パーキング・チケット #591", "spaces": null, "timeLimitMinutes": 60, "feeYen": 300, "vehicleType": "standard", "operatingHours": [{"startTime": "09:00", "endTime": "19:00"}], "operatingDays": [1, 2, 3, 4, 5, 6], "exclusions": ["holidays", "sundays"], "overlappingRegulations": [], "lastUpdated": "2025-10-01", "category": "パーキング・チケット", "restriction1": "日曜・休日を除く", "restriction2": "１月１日〜３日を除く", "supportsTruck": true, "supportsMotorcycle": false, "supportsStandard": true, "supportsSenior": false}, "geometry": {"type": "MultiLineString", "coordinates": [[[139.701711349245, 35.6474411708779], [139.701110526358, 35.6478003847594], [139.700260272089, 35.6483281550755], [139.700015344123, 35.6484345127263], [139.699517540507, 35.6486015627306], [139.699180897454, 35.6487670831869], [139.69888114044, 35.648961974747], [139.698094690256, 35.6495653986325], [139.696734625726, 35.6507901093246], [139.695474494913, 35.6519198521601], [139.694494794782, 35.6527893533614], [139.693361174054, 35.653808398765]], [[139.693506384749, 35.6538445896108], [139.693536194077, 35.6538058414921], [139.698194210895, 35.6496289846661], [139.698959507741, 35.6490544476698], [139.699300761242, 35.6488315966989], [139.699569454521, 35.6487038719725], [139.700060395917, 35.6485390088043], [139.700360605382, 35.6484067415372], [139.700696203761, 35.6482006504011], [139.701718391983, 35.6475701979599]]]}}, {"type": "Feature", "properties": {"id": "13_593", "prefCode": "13", "policeStationCode": "", "name": "パーキング・チケット #593", "spaces": null, "timeLimitMinutes": 60, "feeYen": 300, "vehicleType": "standard", "operatingHours": [{"startTime": "09:00", "endTime": "19:00"}], "operatingDays": [1, 2, 3, 4, 5, 6], "exclusions": ["holidays", "sundays"], "overlappingRegulations": [], "lastUpdated": "2025-10-01", "category": "パーキング・チケット", "restriction1": "日曜・休日を除く", "restriction2": "１月１日〜３日を除く", "supportsTruck": true, "supportsMotorcycle": false, "supportsStandard": true, "supportsSenior": false}, "geometry": {"type": "MultiLineString", "coordinates": [[[139.711376013013, 35.6491743381819], [139.712898302916, 35.6515701479035], [139.713200615538, 35.6520392798261], [139.713299444216, 35.6522985120721], [139.713652032342, 35.6542330794232], [139.713611690486, 35.6548224415789], [139.713885506553, 35.6562263570872], [139.714055388465, 35.6566096220059], [139.714899305925, 35.6580024020982]], [[139.714989588534, 35.6579310735222], [139.714252153207, 35.6567300142503], [139.714035034476, 35.6563437754603], [139.713903998189, 35.6558002413206], [139.713721025312, 35.6548769003053], [139.713721362204, 35.6546509466605], [139.713754820185, 35.6542334485011], [139.713474479259, 35.6526778136408], [139.713396411546, 35.6522397523406], [139.713088892344, 35.6516503284744], [139.712163822645, 35.6502071625827], [139.711494556114, 35.6491166335652]]]}}, {"type": "Feature", "properties": {"id": "13_595", "prefCode": "13", "policeStationCode": "", "name": "パーキング・チケット #595", "spaces": null, "timeLimitMinutes": 60, "feeYen": 300, "vehicleType": "standard", "operatingHours": [{"startTime": "09:00", "endTime": "19:00"}], "operatingDays": [1, 2, 3, 4, 5, 6], "exclusions": ["holidays", "sundays"], "overlappingRegulations": [], "lastUpdated": "2025-10-01", "category": "パーキング・チケット", "restriction1": "日曜・休日を除く", "restriction2": "１月１日〜３日を除く", "supportsTruck": false, "supportsMotorcycle": false, "supportsStandard": true, "supportsSenior": false}, "geometry": {"type": "MultiLineString", "coordinates": [[[139.720971152462, 35.6436734722316], [139.721626317472, 35.6444955312095], [139.722473190634, 35.6466846600422], [139.722479319713, 35.6467765820287], [139.722578551778, 35.6470765973941], [139.722692024097, 35.647489419553]], [[139.722887706943, 35.6474402701382], [139.722763262415, 35.6470661776635], [139.721948353455, 35.6449199594265], [139.721830579163, 35.6445122183956], [139.721553232485, 35.6441022688486], [139.721158755383, 35.6436070565241]]]}}, {"type": "Feature", "properties": {"id": "13_597", "prefCode": "13", "policeStationCode": "", "name": "パーキング・メーター #597", "spaces": null, "timeLimitMinutes": 60, "feeYen": 300, "vehicleType": "standard", "operatingHours": [{"startTime": "07:00", "endTime": "20:00"}], "operatingDays": [0, 1, 2, 3, 4, 5, 6], "exclusions": [], "overlappingRegulations": [], "lastUpdated": "2025-10-01", "category": "パーキング・メーター", "restriction1": "", "restriction2": "１月１日〜３日を除く", "supportsTruck": true, "supportsMotorcycle": false, "supportsStandard": true, "supportsSenior": false}, "geometry": {"type": "LineString", "coordinates": [[139.702297210408, 35.6644395061037], [139.702426108925, 35.664684172679], [139.702677425472, 35.6650154588158], [139.702999747436, 35.6653779391778], [139.704041398521, 35.6666643772146], [139.704303045315, 35.6670648181265]]}}, {"type": "Feature", "properties": {"id": "13_598", "prefCode": "13", "policeStationCode": "", "name": "パーキング・メーター #598", "spaces": null, "timeLimitMinutes": 60, "feeYen": 300, "vehicleType": "standard", "operatingHours": [{"startTime": "07:00", "endTime": "20:00"}], "operatingDays": [0, 1, 2, 3, 4, 5, 6], "exclusions": [], "overlappingRegulations": [], "lastUpdated": "2025-10-01", "category": "パーキング・メーター", "restriction1": "", "restriction2": "１月１日〜３日を除く", "supportsTruck": true, "supportsMotorcycle": false, "supportsStandard": true, "supportsSenior": false}, "geometry": {"type": "LineString", "coordinates": [[139.704409003721, 35.6670083843595], [139.704102378195, 35.6665435595158], [139.703106307876, 35.6653227684532], [139.702579047561, 35.6646209581215], [139.702310752853, 35.6640423349621], [139.702240116168, 35.6637190564641]]}}, {"type": "Feature", "properties": {"id": "13_599", "prefCode": "13", "policeStationCode": "", "name": "パーキング・チケット #599", "spaces": null, "timeLimitMinutes": 60, "feeYen": 300, "vehicleType": "standard", "operatingHours": [{"startTime": "09:00", "endTime": "19:00"}], "operatingDays": [1, 2, 3, 4, 5, 6], "exclusions": ["holidays", "sundays"], "overlappingRegulations": [], "lastUpdated": "2025-10-01", "category": "パーキング・チケット", "restriction1": "日曜・休日を除く", "restriction2": "１月１日〜３日を除く", "supportsTruck": true, "supportsMotorcycle": false, "supportsStandard": true, "supportsSenior": false}, "geometry": {"type": "MultiLineString", "coordinates": [[[139.73986470262, 35.7155044444441], [139.739969903061, 35.7155683833706], [139.741925423126, 35.7166802967675], [139.742682796582, 35.7169973341255], [139.742849087717, 35.7170488165633], [139.744096825097, 35.7173621870305]], [[139.744186044133, 35.7171502952923], [139.74307522988, 35.7168678821651], [139.742862941187, 35.7168076187852], [139.742078651082, 35.716494907762], [139.740154180674, 35.7153932325015], [139.740044821485, 35.7153329760905]]]}}, {"type": "Feature", "properties": {"id": "13_601", "prefCode": "13", "policeStationCode": "", "name": "パーキング・メーター #601", "spaces": null, "timeLimitMinutes": 60, "feeYen": 300, "vehicleType": "standard", "operatingHours": [{"startTime": "09:00", "endTime": "19:00"}], "operatingDays": [0, 1, 2, 3, 4, 5, 6], "exclusions": [], "overlappingRegulations": [], "lastUpdated": "2025-10-01", "category": "パーキング・メーター", "restriction1": "", "restriction2": "１月１日〜３日を除く", "supportsTruck": true, "supportsMotorcycle": false, "supportsStandard": true, "supportsSenior": false}, "geometry": {"type": "MultiLineString", "coordinates": [[[139.766777403376, 35.7028734764717], [139.769477787393, 35.7030479707457]], [[139.769378549509, 35.7028983531908], [139.766867142164, 35.7027404665685], [139.766695835065, 35.7027403718521]]]}}, {"type": "Feature", "properties": {"id": "13_605", "prefCode": "13", "policeStationCode": "", "name": "パーキング・チケット #605", "spaces": null, "timeLimitMinutes": 60, "feeYen": 300, "vehicleType": "standard", "operatingHours": [{"startTime": "09:00", "endTime": "19:00"}], "operatingDays": [1, 2, 3, 4, 5, 6], "exclusions": ["holidays", "sundays"], "overlappingRegulations": [], "lastUpdated": "2025-10-01", "category": "パーキング・チケット", "restriction1": "日曜・休日を除く", "restriction2": "１月１日〜３日を除く", "supportsTruck": true, "supportsMotorcycle": false, "supportsStandard": true, "supportsSenior": false}, "geometry": {"type": "LineString", "coordinates": [[139.720520458619, 35.6892347848135], [139.720677511541, 35.6894274499767], [139.721833796304, 35.6903728991734], [139.723201035404, 35.691619798328]]}}, {"type": "Feature", "properties": {"id": "13_606", "prefCode": "13", "policeStationCode": "", "name": "パーキング・チケット #606", "spaces": null, "timeLimitMinutes": 60, "feeYen": 300, "vehicleType": "standard", "operatingHours": [{"startTime": "09:00", "endTime": "19:00"}], "operatingDays": [1, 2, 3, 4, 5, 6], "exclusions": ["holidays", "sundays"], "overlappingRegulations": [], "lastUpdated": "2025-10-01", "category": "パーキング・チケット", "restriction1": "日曜・休日を除く", "restriction2": "１月１日〜３日を除く", "supportsTruck": true, "supportsMotorcycle": false, "supportsStandard": true, "supportsSenior": false}, "geometry": {"type": "LineString", "coordinates": [[139.722987716735, 35.6912290253405], [139.721798299963, 35.6901490444455], [139.720713954728, 35.6892511306198]]}}, {"type": "Feature", "properties": {"id": "13_607", "prefCode": "13", "policeStationCode": "", "name": "パーキング・チケット #607", "spaces": null, "timeLimitMinutes": 60, "feeYen": 300, "vehicleType": "standard", "operatingHours": [{"startTime": "09:00", "endTime": "20:00"}], "operatingDays": [1, 2, 3, 4, 5, 6], "exclusions": ["holidays", "sundays"], "overlappingRegulations": [], "lastUpdated": "2025-10-01", "category": "パーキング・チケット", "restriction1": "日曜・休日を除く", "restriction2": "１月１日〜３日を除く", "supportsTruck": true, "supportsMotorcycle": false, "supportsStandard": true, "supportsSenior": false}, "geometry": {"type": "MultiLineString", "coordinates": [[[139.705074030986, 35.7135561735424], [139.705247348951, 35.7145755020953]], [[139.705309714275, 35.7145393785886], [139.70514451621, 35.713546857876]]]}}, {"type": "Feature", "properties": {"id": "13_609", "prefCode": "13", "policeStationCode": "", "name": "パーキング・チケット #609", "spaces": null, "timeLimitMinutes": 60, "feeYen": 300, "vehicleType": "standard", "operatingHours": [{"startTime": "09:00", "endTime": "19:00"}], "operatingDays": [1, 2, 3, 4, 5, 6], "exclusions": ["holidays", "sundays"], "overlappingRegulations": [], "lastUpdated": "2025-10-01", "category": "パーキング・チケット", "restriction1": "日曜・休日を除く", "restriction2": "１月１日〜３日を除く", "supportsTruck": false, "supportsMotorcycle": false, "supportsStandard": true, "supportsSenior": false}, "geometry": {"type": "MultiLineString", "coordinates": [[[139.703506603486, 35.7093286338908], [139.704903102714, 35.7089971610351], [139.706107646247, 35.7088213226826], [139.707161464315, 35.7085271102563], [139.707452850574, 35.7084950133303], [139.709046390175, 35.7084751871995]], [[139.708981113221, 35.7083965137444], [139.708065953313, 35.7084116739016], [139.707441501176, 35.7084002998091], [139.706982417047, 35.7084639930118], [139.706218548838, 35.7086564608682], [139.704756849152, 35.7088481919716], [139.703368105861, 35.709157935291]]]}}, {"type": "Feature", "properties": {"id": "13_611", "prefCode": "13", "policeStationCode": "", "name": "パーキング・チケット #611", "spaces": null, "timeLimitMinutes": 60, "feeYen": 300, "vehicleType": "standard", "operatingHours": [{"startTime": "09:00", "endTime": "19:00"}], "operatingDays": [1, 2, 3, 4, 5, 6], "exclusions": ["holidays", "sundays"], "overlappingRegulations": [], "lastUpdated": "2025-10-01", "category": "パーキング・チケット", "restriction1": "日曜・休日を除く", "restriction2": "１月１日〜３日を除く", "supportsTruck": true, "supportsMotorcycle": false, "supportsStandard": true, "supportsSenior": false}, "geometry": {"type": "MultiLineString", "coordinates": [[[139.70925212627, 35.7084609124581], [139.71029780388, 35.7084244406218], [139.712054606735, 35.7081204126256], [139.714779871764, 35.7075810214123], [139.715140232236, 35.7074905629445], [139.715717878402, 35.7071861965742], [139.716298169195, 35.7067623251049], [139.716801280993, 35.7065577598697], [139.71738967669, 35.7064559010107], [139.718044285731, 35.7064511367695], [139.718644782315, 35.7066186255174]], [[139.718768283219, 35.7065820048127], [139.718426464766, 35.7064744014313], [139.718020671223, 35.7063672063462], [139.717247206313, 35.7063878470709], [139.71662422983, 35.7065262630169], [139.716205612521, 35.7067127489601], [139.715553394412, 35.707184466732], [139.715103270424, 35.7073944399785], [139.712462132696, 35.7079665715937], [139.710466651838, 35.7083405653309], [139.709307099808, 35.7083716157903]]]}}, {"type": "Feature", "properties": {"id": "13_613", "prefCode": "13", "policeStationCode": "", "name": "パーキング・メーター #613", "spaces": null, "timeLimitMinutes": 60, "feeYen": 300, "vehicleType": "standard", "operatingHours": [{"startTime": "09:00", "endTime": "19:00"}], "operatingDays": [1, 2, 3, 4, 5, 6], "exclusions": ["holidays", "sundays"], "overlappingRegulations": [], "lastUpdated": "2025-10-01", "category": "パーキング・メーター", "restriction1": "日曜・休日を除く", "restriction2": "１月１日〜３日を除く", "supportsTruck": true, "supportsMotorcycle": false, "supportsStandard": true, "supportsSenior": false}, "geometry": {"type": "LineString", "coordinates": [[139.742707125346, 35.7078265480094], [139.742608363716, 35.7078590247155], [139.74230012371, 35.7079255326984], [139.741439059988, 35.7080611062821], [139.740736498793, 35.7081508949524], [139.739770816104, 35.708303826683], [139.739636830258, 35.708319984475], [139.738660811991, 35.7084511896869], [139.735905187566, 35.7088808631445], [139.735719458366, 35.7089063107965], [139.735286099819, 35.7089419989136], [139.734875321962, 35.7089945467754], [139.734708454798, 35.7090331420211], [139.734565230951, 35.7090732739711], [139.734346907982, 35.7091507611925], [139.73422460501, 35.7092000122367], [139.733984120428, 35.7092952129345], [139.733837303716, 35.7093524408414], [139.733578427663, 35.7094651323087], [139.733473043208, 35.7095035055307], [139.733337271616, 35.7095617216796], [139.733226102831, 35.709607153122], [139.732697383025, 35.7098254314503], [139.73239709169, 35.7099468242121], [139.732113720044, 35.7100225951512], [139.731921448023, 35.7100552927626], [139.731736764542, 35.7100589025611]]}}, {"type": "Feature", "properties": {"id": "13_614", "prefCode": "13", "policeStationCode": "", "name": "パーキング・メーター #614", "spaces": null, "timeLimitMinutes": 60, "feeYen": 300, "vehicleType": "standard", "operatingHours": [{"startTime": "09:00", "endTime": "19:00"}], "operatingDays": [1, 2, 3, 4, 5, 6], "exclusions": ["holidays", "sundays"], "overlappingRegulations": [], "lastUpdated": "2025-10-01", "category": "パーキング・メーター", "restriction1": "日曜・休日を除く", "restriction2": "１月１日〜３日を除く", "supportsTruck": true, "supportsMotorcycle": false, "supportsStandard": true, "supportsSenior": false}, "geometry": {"type": "MultiLineString", "coordinates": [[[139.726799980329, 35.7046607353539], [139.72513234036, 35.705314807744], [139.72176014847, 35.7056823439988], [139.720292131173, 35.7058259266849]], [[139.720151007589, 35.7059582171573], [139.721967857107, 35.7057720191809], [139.725066642981, 35.7054582848545], [139.726796967875, 35.704816200152]]]}}, {"type": "Feature", "properties": {"id": "13_616", "prefCode": "13", "policeStationCode": "", "name": "パーキング・メーター #616", "spaces": null, "timeLimitMinutes": 60, "feeYen": 300, "vehicleType": "standard", "operatingHours": [{"startTime": "09:00", "endTime": "19:00"}], "operatingDays": [1, 2, 3, 4, 5, 6], "exclusions": ["holidays", "sundays"], "overlappingRegulations": [], "lastUpdated": "2025-10-01", "category": "パーキング・メーター", "restriction1": "日曜・休日を除く", "restriction2": "１月１日〜３日を除く", "supportsTruck": true, "supportsMotorcycle": false, "supportsStandard": true, "supportsSenior": false}, "geometry": {"type": "MultiLineString", "coordinates": [[[139.727235766573, 35.7047728341977], [139.730207950994, 35.7048672159981]], [[139.730391477722, 35.7047780194444], [139.727061279277, 35.704662390087]]]}}, {"type": "Feature", "properties": {"id": "13_618", "prefCode": "13", "policeStationCode": "", "name": "パーキング・メーター #618", "spaces": null, "timeLimitMinutes": 60, "feeYen": 300, "vehicleType": "standard", "operatingHours": [{"startTime": "09:00", "endTime": "19:00"}], "operatingDays": [1, 2, 3, 4, 5, 6], "exclusions": ["holidays", "sundays"], "overlappingRegulations": [], "lastUpdated": "2025-10-01", "category": "パーキング・メーター", "restriction1": "日曜・休日を除く", "restriction2": "１月１日〜３日を除く", "supportsTruck": true, "supportsMotorcycle": false, "supportsStandard": true, "supportsSenior": false}, "geometry": {"type": "MultiLineString", "coordinates": [[[139.726921751381, 35.7048939529331], [139.72697934601, 35.7061507968841], [139.72683282559, 35.7073913528296]], [[139.727034678167, 35.7073467883538], [139.727200834227, 35.706069928759], [139.727138669054, 35.7048299120194]]]}}, {"type": "Feature", "properties": {"id": "13_620", "prefCode": "13", "policeStationCode": "", "name": "パーキング・メーター #620", "spaces": null, "timeLimitMinutes": 60, "feeYen": 300, "vehicleType": "standard", "operatingHours": [{"startTime": "09:00", "endTime": "19:00"}], "operatingDays": [0, 1, 2, 3, 4, 5, 6], "exclusions": [], "overlappingRegulations": [], "lastUpdated": "2025-10-01", "category": "パーキング・メーター", "restriction1": "", "restriction2": "１月１日〜３日を除く", "supportsTruck": true, "supportsMotorcycle": false, "supportsStandard": true, "supportsSenior": false}, "geometry": {"type": "LineString", "coordinates": [[139.707756328381, 35.730202344546], [139.707253785328, 35.7292191005459]]}}, {"type": "Feature", "properties": {"id": "13_621", "prefCode": "13", "policeStationCode": "", "name": "パーキング・チケット #621", "spaces": null, "timeLimitMinutes": 60, "feeYen": 300, "vehicleType": "standard", "operatingHours": [{"startTime": "09:00", "endTime": "19:00"}], "operatingDays": [1, 2, 3, 4, 5, 6], "exclusions": ["holidays", "sundays"], "overlappingRegulations": [], "lastUpdated": "2025-10-01", "category": "パーキング・チケット", "restriction1": "日曜・休日を除く", "restriction2": "１月１日〜３日を除く", "supportsTruck": false, "supportsMotorcycle": false, "supportsStandard": true, "supportsSenior": false}, "geometry": {"type": "LineString", "coordinates": [[139.788058769461, 35.690972626792], [139.787828144281, 35.6916701480212], [139.787683211303, 35.6922545392612], [139.787597399676, 35.6929246097761], [139.787609975685, 35.6939387179399]]}}, {"type": "Feature", "properties": {"id": "13_622", "prefCode": "13", "policeStationCode": "", "name": "パーキング・メーター #622", "spaces": null, "timeLimitMinutes": 60, "feeYen": 300, "vehicleType": "standard", "operatingHours": [{"startTime": "09:00", "endTime": "19:00"}], "operatingDays": [1, 2, 3, 4, 5, 6], "exclusions": ["holidays", "sundays"], "overlappingRegulations": [], "lastUpdated": "2025-10-01", "category": "パーキング・メーター", "restriction1": "日曜・休日を除く", "restriction2": "１月１日〜３日を除く", "supportsTruck": false, "supportsMotorcycle": false, "supportsStandard": true, "supportsSenior": false}, "geometry": {"type": "LineString", "coordinates": [[139.718003051682, 35.6352589920418], [139.716780186814, 35.6350699210142]]}}, {"type": "Feature", "properties": {"id": "13_625", "prefCode": "13", "policeStationCode": "", "name": "パーキング・チケット #625", "spaces": null, "timeLimitMinutes": 60, "feeYen": 300, "vehicleType": "standard", "operatingHours": [{"startTime": "09:00", "endTime": "19:00"}], "operatingDays": [1, 2, 3, 4, 5, 6], "exclusions": ["holidays", "sundays"], "overlappingRegulations": [], "lastUpdated": "2025-10-01", "category": "パーキング・チケット", "restriction1": "日曜・休日を除く", "restriction2": "１月１日〜３日を除く", "supportsTruck": true, "supportsMotorcycle": false, "supportsStandard": true, "supportsSenior": false}, "geometry": {"type": "MultiLineString", "coordinates": [[[139.730757019088, 35.7049385965403], [139.730774239243, 35.7050384924192], [139.73081677422, 35.7052907158821], [139.73114789389, 35.7072790722649], [139.731165320238, 35.7075003359918], [139.731225592109, 35.7078465499739], [139.731241598458, 35.7079486209268], [139.731303985893, 35.7083250021166], [139.73133326777, 35.7084986229641], [139.731364388437, 35.7086527931737], [139.731476517525, 35.7092992806222], [139.731510851991, 35.7095203344992], [139.731513299072, 35.709612352495]], [[139.731679086904, 35.7097265651507], [139.731677782728, 35.7096166653618], [139.731669906679, 35.7095549460315], [139.731626427624, 35.7092229853121], [139.731582357595, 35.7090189221692], [139.731563434879, 35.708915952915], [139.731541861543, 35.7087593787571], [139.731477367976, 35.7083891046324], [139.731463171488, 35.7083354449733], [139.731410196483, 35.7080043823395], [139.731387373896, 35.7078421474801], [139.731328872906, 35.70751578993], [139.731317055982, 35.7074439054444], [139.731296609146, 35.7072799345234], [139.731268362825, 35.7071258993104], [139.731250246124, 35.7070418716801], [139.731152680041, 35.7064516180364], [139.731006467986, 35.7056007153442], [139.730991868591, 35.7055229571296], [139.730908230162, 35.7050255944569]]]}}, {"type": "Feature", "properties": {"id": "13_627", "prefCode": "13", "policeStationCode": "", "name": "パーキング・チケット #627", "spaces": null, "timeLimitMinutes": 60, "feeYen": 300, "vehicleType": "standard", "operatingHours": [{"startTime": "09:00", "endTime": "19:00"}], "operatingDays": [1, 2, 3, 4, 5, 6], "exclusions": ["holidays", "sundays"], "overlappingRegulations": [], "lastUpdated": "2025-10-01", "category": "パーキング・チケット", "restriction1": "日曜・休日を除く", "restriction2": "１月１日〜３日を除く", "supportsTruck": true, "supportsMotorcycle": false, "supportsStandard": true, "supportsSenior": false}, "geometry": {"type": "MultiLineString", "coordinates": [[[139.69422, 35.70957], [139.69504, 35.70933], [139.69599, 35.70905], [139.69647, 35.70891], [139.6967, 35.70885], [139.69682, 35.70882], [139.69689, 35.70881], [139.69695, 35.7088], [139.69719, 35.70875], [139.69736, 35.70873], [139.6975, 35.70872], [139.69784, 35.70871], [139.69813, 35.70873], [139.69828, 35.70874], [139.69843, 35.70877], [139.69877, 35.70884], [139.69909, 35.70895], [139.69909, 35.70895]], [[139.69888, 35.7088], [139.6988, 35.70878], [139.69874, 35.70876], [139.698718658896, 35.7087543558773], [139.6987, 35.70875], [139.69867, 35.70874], [139.69862, 35.70873], [139.69856, 35.70872], [139.69852, 35.70871], [139.69848, 35.7087], [139.69833, 35.70868], [139.69796, 35.70865], [139.6978, 35.70864], [139.69764, 35.70864], [139.69733, 35.70867], [139.69712, 35.70869], [139.69672, 35.70877], [139.69557, 35.70909], [139.69427, 35.70945]]]}}, {"type": "Feature", "properties": {"id": "13_631", "prefCode": "13", "policeStationCode": "", "name": "パーキング・チケット #631", "spaces": null, "timeLimitMinutes": 60, "feeYen": 300, "vehicleType": "standard", "operatingHours": [{"startTime": "09:00", "endTime": "19:00"}], "operatingDays": [1, 2, 3, 4, 5, 6], "exclusions": ["holidays", "sundays"], "overlappingRegulations": [], "lastUpdated": "2025-10-01", "category": "パーキング・チケット", "restriction1": "日曜・休日を除く", "restriction2": "１月１日〜３日を除く", "supportsTruck": false, "supportsMotorcycle": false, "supportsStandard": true, "supportsSenior": false}, "geometry": {"type": "MultiLineString", "coordinates": [[[139.721976365938, 35.7238063060675], [139.721480009059, 35.7241207722881], [139.720896386891, 35.7244946807593], [139.720145159108, 35.7249610621074]], [[139.720328733093, 35.7252475996414], [139.722153952791, 35.7240843739444]]]}}, {"type": "Feature", "properties": {"id": "13_633", "prefCode": "13", "policeStationCode": "", "name": "パーキング・チケット #633", "spaces": null, "timeLimitMinutes": 60, "feeYen": 300, "vehicleType": "standard", "operatingHours": [{"startTime": "09:00", "endTime": "19:00"}], "operatingDays": [1, 2, 3, 4, 5], "exclusions": ["holidays", "saturdays", "sundays"], "overlappingRegulations": [], "lastUpdated": "2025-10-01", "category": "パーキング・チケット", "restriction1": "土・日曜、休日を除く", "restriction2": "１月１日〜３日を除く", "supportsTruck": true, "supportsMotorcycle": false, "supportsStandard": true, "supportsSenior": false}, "geometry": {"type": "LineString", "coordinates": [[139.715217939781, 35.7466665656027], [139.716032708048, 35.7478590628263], [139.716295191213, 35.7482291888738], [139.716512903908, 35.7484640406061]]}}, {"type": "Feature", "properties": {"id": "13_634", "prefCode": "13", "policeStationCode": "", "name": "パーキング・チケット #634", "spaces": null, "timeLimitMinutes": 60, "feeYen": 300, "vehicleType": "standard", "operatingHours": [{"startTime": "09:00", "endTime": "19:00"}], "operatingDays": [1, 2, 3, 4, 5], "exclusions": ["holidays", "saturdays", "sundays"], "overlappingRegulations": [], "lastUpdated": "2025-10-01", "category": "パーキング・チケット", "restriction1": "土・日曜、休日を除く", "restriction2": "１月１日〜３日を除く", "supportsTruck": false, "supportsMotorcycle": false, "supportsStandard": true, "supportsSenior": false}, "geometry": {"type": "LineString", "coordinates": [[139.71712476256, 35.748991027759], [139.717020119371, 35.7488413343467], [139.716401973442, 35.7482448579752], [139.715396037143, 35.7468098247801]]}}, {"type": "Feature", "properties": {"id": "13_635", "prefCode": "13", "policeStationCode": "", "name": "パーキング・チケット #635", "spaces": null, "timeLimitMinutes": 60, "feeYen": 300, "vehicleType": "standard", "operatingHours": [{"startTime": "09:00", "endTime": "19:00"}], "operatingDays": [1, 2, 3, 4, 5, 6], "exclusions": ["holidays", "sundays"], "overlappingRegulations": [], "lastUpdated": "2025-10-01", "category": "パーキング・チケット", "restriction1": "日曜・休日を除く", "restriction2": "１月１日〜３日を除く", "supportsTruck": true, "supportsMotorcycle": false, "supportsStandard": true, "supportsSenior": false}, "geometry": {"type": "MultiLineString", "coordinates": [[[139.738746873836, 35.7591540223392], [139.741984531474, 35.759047830267], [139.743340203435, 35.758922063799]], [[139.74330565045, 35.7588131348704], [139.741764019498, 35.758938823674], [139.738762747575, 35.7590391812188]]]}}, {"type": "Feature", "properties": {"id": "13_637", "prefCode": "13", "policeStationCode": "", "name": "パーキング・チケット #637", "spaces": null, "timeLimitMinutes": 60, "feeYen": 300, "vehicleType": "standard", "operatingHours": [{"startTime": "09:00", "endTime": "19:00"}], "operatingDays": [1, 2, 3, 4, 5, 6], "exclusions": ["holidays", "sundays"], "overlappingRegulations": [], "lastUpdated": "2025-10-01", "category": "パーキング・チケット", "restriction1": "日曜・休日を除く", "restriction2": "１月１日〜３日を除く", "supportsTruck": true, "supportsMotorcycle": false, "supportsStandard": true, "supportsSenior": false}, "geometry": {"type": "MultiLineString", "coordinates": [[[139.780685750453, 35.7173589450289], [139.780640362038, 35.7174434269144], [139.780481639402, 35.7190771474905], [139.780907994454, 35.7199825875987], [139.781216948761, 35.7205999927572]], [[139.781321642578, 35.7205048952604], [139.780643457048, 35.7191658831242], [139.78077620453, 35.717821752231], [139.7808029396, 35.7175026931358], [139.780883629458, 35.7174041020149]]]}}, {"type": "Feature", "properties": {"id": "13_639", "prefCode": "13", "policeStationCode": "", "name": "パーキング・チケット #639", "spaces": null, "timeLimitMinutes": 60, "feeYen": 300, "vehicleType": "standard", "operatingHours": [{"startTime": "09:00", "endTime": "19:00"}], "operatingDays": [1, 2, 3, 4, 5], "exclusions": ["holidays", "saturdays", "sundays"], "overlappingRegulations": [], "lastUpdated": "2025-10-01", "category": "パーキング・チケット", "restriction1": "土・日曜、休日を除く", "restriction2": "１月１日〜３日を除く", "supportsTruck": true, "supportsMotorcycle": false, "supportsStandard": true, "supportsSenior": false}, "geometry": {"type": "MultiLineString", "coordinates": [[[139.701702640692, 35.7497697740427], [139.702511211423, 35.7501621575565], [139.703497261732, 35.7504741895256], [139.704024616703, 35.7506037742287], [139.706809099419, 35.7518632831605], [139.707340647381, 35.7520779501765], [139.708307047988, 35.7522344074778]], [[139.70829037346, 35.7521233203127], [139.707538468409, 35.7520364970725], [139.707115322031, 35.751901247528], [139.704068573159, 35.7505291705129], [139.702666487011, 35.7501250224726], [139.701737806252, 35.7496995344759]]]}}, {"type": "Feature", "properties": {"id": "13_641", "prefCode": "13", "policeStationCode": "", "name": "パーキング・チケット #641", "spaces": null, "timeLimitMinutes": 60, "feeYen": 300, "vehicleType": "standard", "operatingHours": [{"startTime": "09:00", "endTime": "19:00"}], "operatingDays": [1, 2, 3, 4, 5], "exclusions": ["holidays", "saturdays", "sundays"], "overlappingRegulations": [], "lastUpdated": "2025-10-01", "category": "パーキング・チケット", "restriction1": "土・日曜、休日を除く", "restriction2": "１月１日〜３日を除く", "supportsTruck": true, "supportsMotorcycle": false, "supportsStandard": true, "supportsSenior": false}, "geometry": {"type": "MultiLineString", "coordinates": [[[139.747853924084, 35.7430006705423], [139.750079518917, 35.742433364884], [139.75251625926, 35.741517260403], [139.753154634166, 35.7412870585524], [139.753457856227, 35.7411368609783], [139.753623383238, 35.741083008703]], [[139.753533142451, 35.7409493124507], [139.753410538578, 35.7409913030912], [139.753325007474, 35.741076982889], [139.750990716912, 35.7419728310022], [139.749942642395, 35.7423535126516], [139.747834310274, 35.7428890211615]]]}}, {"type": "Feature", "properties": {"id": "13_643", "prefCode": "13", "policeStationCode": "", "name": "パーキング・チケット #643", "spaces": null, "timeLimitMinutes": 60, "feeYen": 300, "vehicleType": "standard", "operatingHours": [{"startTime": "09:00", "endTime": "19:00"}], "operatingDays": [1, 2, 3, 4, 5, 6], "exclusions": ["holidays", "sundays"], "overlappingRegulations": [], "lastUpdated": "2025-10-01", "category": "パーキング・チケット", "restriction1": "日曜・休日を除く", "restriction2": "１月１日〜３日を除く", "supportsTruck": false, "supportsMotorcycle": false, "supportsStandard": true, "supportsSenior": false}, "geometry": {"type": "LineString", "coordinates": [[139.708031587789, 35.6979587795394], [139.708920759834, 35.6978254164403], [139.709507062423, 35.6977830364825]]}}, {"type": "Feature", "properties": {"id": "13_644", "prefCode": "13", "policeStationCode": "", "name": "パーキング・チケット #644", "spaces": null, "timeLimitMinutes": 60, "feeYen": 300, "vehicleType": "standard", "operatingHours": [{"startTime": "09:00", "endTime": "19:00"}], "operatingDays": [1, 2, 3, 4, 5, 6], "exclusions": ["holidays", "sundays"], "overlappingRegulations": [], "lastUpdated": "2025-10-01", "category": "パーキング・チケット", "restriction1": "日曜・休日を除く", "restriction2": "１月１日〜３日を除く", "supportsTruck": true, "supportsMotorcycle": false, "supportsStandard": true, "supportsSenior": false}, "geometry": {"type": "LineString", "coordinates": [[139.712653559609, 35.6976700071227], [139.712008765529, 35.697647889712], [139.710574462813, 35.6976249674013], [139.709114390693, 35.6976502933001], [139.707963202516, 35.697799316425]]}}, {"type": "Feature", "properties": {"id": "13_645", "prefCode": "13", "policeStationCode": "", "name": "パーキング・メーター #645", "spaces": null, "timeLimitMinutes": 60, "feeYen": 300, "vehicleType": "standard", "operatingHours": [{"startTime": "09:00", "endTime": "19:00"}], "operatingDays": [1, 2, 3, 4, 5, 6], "exclusions": ["holidays", "sundays"], "overlappingRegulations": [], "lastUpdated": "2025-10-01", "category": "パーキング・メーター", "restriction1": "日曜・休日を除く", "restriction2": "１月１日〜３日を除く", "supportsTruck": true, "supportsMotorcycle": false, "supportsStandard": true, "supportsSenior": false}, "geometry": {"type": "MultiLineString", "coordinates": [[[139.787995760961, 35.7064948601706], [139.788073748357, 35.7082502756948], [139.788191137207, 35.7101721239467]], [[139.788307293771, 35.710156935402], [139.788183463053, 35.7079719451558], [139.788111893533, 35.7064955946726]]]}}, {"type": "Feature", "properties": {"id": "13_647", "prefCode": "13", "policeStationCode": "", "name": "パーキング・メーター #647", "spaces": null, "timeLimitMinutes": 60, "feeYen": 300, "vehicleType": "standard", "operatingHours": [{"startTime": "09:00", "endTime": "19:00"}], "operatingDays": [0, 1, 2, 3, 4, 5, 6], "exclusions": [], "overlappingRegulations": [], "lastUpdated": "2025-10-01", "category": "パーキング・メーター", "restriction1": "", "restriction2": "１月１日〜３日を除く", "supportsTruck": true, "supportsMotorcycle": false, "supportsStandard": true, "supportsSenior": false}, "geometry": {"type": "LineString", "coordinates": [[139.798666883542, 35.7156515112735], [139.798430279259, 35.714765607143], [139.798075456171, 35.713342926462], [139.797910984104, 35.7127474347538], [139.797852061521, 35.7119097531412]]}}, {"type": "Feature", "properties": {"id": "13_648", "prefCode": "13", "policeStationCode": "", "name": "パーキング・チケット #648", "spaces": null, "timeLimitMinutes": 60, "feeYen": 300, "vehicleType": "standard", "operatingHours": [{"startTime": "09:00", "endTime": "19:00"}], "operatingDays": [1, 2, 3, 4, 5, 6], "exclusions": ["holidays", "sundays"], "overlappingRegulations": [], "lastUpdated": "2025-10-01", "category": "パーキング・チケット", "restriction1": "日曜・休日を除く", "restriction2": "１月１日〜３日を除く", "supportsTruck": false, "supportsMotorcycle": false, "supportsStandard": true, "supportsSenior": false}, "geometry": {"type": "MultiLineString", "coordinates": [[[139.766065031449, 35.6827596841056], [139.766834671944, 35.6831061154857], [139.766914542747, 35.6831924213615], [139.76700826271, 35.6833311025485], [139.76744665241, 35.6841982540583]], [[139.767651238238, 35.684121789639], [139.767156304946, 35.6831654772442], [139.767078417767, 35.6830666324495], [139.766992529018, 35.6829843179219], [139.766787718806, 35.6828618772272], [139.766250089061, 35.6826088403864], [139.766125035765, 35.6825693095424]]]}}, {"type": "Feature", "properties": {"id": "13_650", "prefCode": "13", "policeStationCode": "", "name": "パーキング・チケット #650", "spaces": null, "timeLimitMinutes": 60, "feeYen": 300, "vehicleType": "standard", "operatingHours": [{"startTime": "09:00", "endTime": "19:00"}], "operatingDays": [1, 2, 3, 4, 5, 6], "exclusions": ["holidays", "sundays"], "overlappingRegulations": [], "lastUpdated": "2025-10-01", "category": "パーキング・チケット", "restriction1": "日曜・休日を除く", "restriction2": "１月１日〜３日を除く", "supportsTruck": true, "supportsMotorcycle": false, "supportsStandard": true, "supportsSenior": false}, "geometry": {"type": "MultiLineString", "coordinates": [[[139.767719320903, 35.6845392362169], [139.768328200143, 35.6862031672817]], [[139.768460888807, 35.6862367908497], [139.768334706315, 35.6858582073815], [139.768140517738, 35.6853584593889], [139.767818045319, 35.6844902676289]]]}}, {"type": "Feature", "properties": {"id": "13_652", "prefCode": "13", "policeStationCode": "", "name": "パーキング・メーター #652", "spaces": null, "timeLimitMinutes": 60, "feeYen": 300, "vehicleType": "standard", "operatingHours": [{"startTime": "09:00", "endTime": "19:00"}], "operatingDays": [1, 2, 3, 4, 5, 6], "exclusions": ["holidays", "sundays"], "overlappingRegulations": [], "lastUpdated": "2025-10-01", "category": "パーキング・メーター", "restriction1": "日曜・休日を除く", "restriction2": "１月１日〜３日を除く", "supportsTruck": true, "supportsMotorcycle": false, "supportsStandard": true, "supportsSenior": false}, "geometry": {"type": "LineString", "coordinates": [[139.787380747544, 35.6847271507252], [139.787925009405, 35.6839656209268], [139.788174619213, 35.683649202855], [139.78863962769, 35.6830589106014]]}}, {"type": "Feature", "properties": {"id": "13_653", "prefCode": "13", "policeStationCode": "", "name": "パーキング・メーター #653", "spaces": null, "timeLimitMinutes": 60, "feeYen": 300, "vehicleType": "standard", "operatingHours": [{"startTime": "09:00", "endTime": "19:00"}], "operatingDays": [1, 2, 3, 4, 5, 6], "exclusions": ["holidays", "sundays"], "overlappingRegulations": [], "lastUpdated": "2025-10-01", "category": "パーキング・メーター", "restriction1": "日曜・休日を除く", "restriction2": "１月１日〜３日を除く", "supportsTruck": false, "supportsMotorcycle": false, "supportsStandard": true, "supportsSenior": false}, "geometry": {"type": "LineString", "coordinates": [[139.788442619185, 35.6829796728215], [139.787703333088, 35.6839116417658], [139.786940344998, 35.6849038330807]]}}, {"type": "Feature", "properties": {"id": "13_654", "prefCode": "13", "policeStationCode": "", "name": "パーキング・メーター #654", "spaces": null, "timeLimitMinutes": 60, "feeYen": 300, "vehicleType": "standard", "operatingHours": [{"startTime": "09:30", "endTime": "19:00"}], "operatingDays": [1, 2, 3, 4, 5, 6], "exclusions": ["holidays", "sundays"], "overlappingRegulations": [], "lastUpdated": "2025-10-01", "category": "パーキング・メーター", "restriction1": "日曜・休日を除く", "restriction2": "１月１日〜３日を除く", "supportsTruck": true, "supportsMotorcycle": false, "supportsStandard": true, "supportsSenior": false}, "geometry": {"type": "MultiLineString", "coordinates": [[[139.779405125163, 35.6606382646677], [139.781134429636, 35.6618523185648], [139.782916345657, 35.6631361425705], [139.784318698397, 35.6641353254607]], [[139.784425147535, 35.6639847586701], [139.782323286415, 35.6624837547912], [139.78087084004, 35.6614309289701], [139.779569017688, 35.6605016474448]]]}}, {"type": "Feature", "properties": {"id": "13_660", "prefCode": "13", "policeStationCode": "", "name": "パーキング・チケット #660", "spaces": null, "timeLimitMinutes": 60, "feeYen": 300, "vehicleType": "standard", "operatingHours": [{"startTime": "09:00", "endTime": "19:00"}], "operatingDays": [1, 2, 3, 4, 5, 6], "exclusions": ["holidays", "sundays"], "overlappingRegulations": [], "lastUpdated": "2025-10-01", "category": "パーキング・チケット", "restriction1": "日曜・休日を除く", "restriction2": "１月１日〜３日を除く", "supportsTruck": false, "supportsMotorcycle": false, "supportsStandard": true, "supportsSenior": false}, "geometry": {"type": "MultiLineString", "coordinates": [[[139.719554220674, 35.5628948552555], [139.720731328976, 35.5628771091629], [139.721221925479, 35.5628566192567], [139.724233499256, 35.562773111201]], [[139.724140035589, 35.5626476656574], [139.722634750138, 35.5626978333674], [139.721144689385, 35.56273956504], [139.720444133069, 35.562769862867], [139.719806117442, 35.5627686522663]]]}}, {"type": "Feature", "properties": {"id": "13_662", "prefCode": "13", "policeStationCode": "", "name": "パーキング・チケット #662", "spaces": null, "timeLimitMinutes": 60, "feeYen": 300, "vehicleType": "standard", "operatingHours": [{"startTime": "09:00", "endTime": "19:00"}], "operatingDays": [1, 2, 3, 4, 5, 6], "exclusions": ["holidays", "sundays"], "overlappingRegulations": [], "lastUpdated": "2025-10-01", "category": "パーキング・チケット", "restriction1": "日曜・休日を除く", "restriction2": "１月１日〜３日を除く", "supportsTruck": false, "supportsMotorcycle": false, "supportsStandard": true, "supportsSenior": false}, "geometry": {"type": "MultiLineString", "coordinates": [[[139.700791198906, 35.6431159779239], [139.701239080345, 35.6442535368419], [139.701307333229, 35.6446318230319], [139.701398862901, 35.6458899887305], [139.701473096075, 35.6461031457663]], [[139.701676926896, 35.6460630991208], [139.701589282427, 35.6458681148343], [139.701485515676, 35.6444205878938], [139.70085808989, 35.6427954118728]]]}}, {"type": "Feature", "properties": {"id": "13_664", "prefCode": "13", "policeStationCode": "", "name": "パーキング・メーター #664", "spaces": null, "timeLimitMinutes": 60, "feeYen": 300, "vehicleType": "standard", "operatingHours": [{"startTime": "09:00", "endTime": "19:00"}], "operatingDays": [0, 1, 2, 3, 4, 5, 6], "exclusions": [], "overlappingRegulations": [], "lastUpdated": "2025-10-01", "category": "パーキング・メーター", "restriction1": "", "restriction2": "１月１日〜３日を除く", "supportsTruck": true, "supportsMotorcycle": false, "supportsStandard": true, "supportsSenior": false}, "geometry": {"type": "MultiLineString", "coordinates": [[[139.699656202931, 35.7331414913712], [139.70064506823, 35.7329383999044], [139.701160167607, 35.7329066633659], [139.703425388146, 35.7329499834977], [139.703747251068, 35.7329188143698], [139.704074517152, 35.7328620029772], [139.704459295184, 35.7327422054737], [139.704817462613, 35.7325825037321], [139.705818530469, 35.7321180067415], [139.706082118218, 35.7320386191928], [139.706313542717, 35.7319838489769], [139.706880027948, 35.7318555919815]], [[139.706772185486, 35.7317717700387], [139.706122961099, 35.7319294224104]], [[139.705616482272, 35.7320930299082], [139.704516633262, 35.7326052492499], [139.704255204899, 35.7327026812539], [139.703893528818, 35.7327961171466], [139.703503530164, 35.7328466883515], [139.70305306742, 35.7328476765055], [139.702544834589, 35.7328368202571], [139.701313840009, 35.7328130900748], [139.700819251606, 35.7328223080456], [139.700491176484, 35.7328647366766], [139.699615659867, 35.7330408294119]]]}}, {"type": "Feature", "properties": {"id": "13_667", "prefCode": "13", "policeStationCode": "", "name": "パーキング・チケット #667", "spaces": null, "timeLimitMinutes": 60, "feeYen": 300, "vehicleType": "standard", "operatingHours": [{"startTime": "09:00", "endTime": "19:00"}], "operatingDays": [1, 2, 3, 4, 5, 6], "exclusions": ["holidays", "sundays"], "overlappingRegulations": [], "lastUpdated": "2025-10-01", "category": "パーキング・チケット", "restriction1": "日曜・休日を除く", "restriction2": "１月１日〜３日を除く", "supportsTruck": true, "supportsMotorcycle": false, "supportsStandard": true, "supportsSenior": false}, "geometry": {"type": "MultiLineString", "coordinates": [[[139.652707464943, 35.7920031344864], [139.65001, 35.79253]], [[139.65003, 35.79261], [139.652844753304, 35.7920626751238]]]}}, {"type": "Feature", "properties": {"id": "13_669", "prefCode": "13", "policeStationCode": "", "name": "パーキング・メーター #669", "spaces": null, "timeLimitMinutes": 60, "feeYen": 300, "vehicleType": "standard", "operatingHours": [{"startTime": "09:00", "endTime": "19:00"}], "operatingDays": [1, 2, 3, 4, 5], "exclusions": ["holidays", "saturdays", "sundays"], "overlappingRegulations": [], "lastUpdated": "2025-10-01", "category": "パーキング・メーター", "restriction1": "土・日曜、休日を除く", "restriction2": "１月１日〜３日を除く", "supportsTruck": true, "supportsMotorcycle": false, "supportsStandard": true, "supportsSenior": false}, "geometry": {"type": "MultiLineString", "coordinates": [[[139.797936751512, 35.7326320253601], [139.797614280488, 35.7338670131202], [139.797438417485, 35.7344539739401], [139.797028079322, 35.7358997186762], [139.796839467364, 35.7365282393201], [139.79678319388, 35.7365588017515]], [[139.79684503209, 35.7366310635831], [139.796925205072, 35.7365610804748], [139.797018148311, 35.7363009525187], [139.79765113712, 35.734094006225], [139.798014584453, 35.7327141781357]]]}}, {"type": "Feature", "properties": {"id": "13_671", "prefCode": "13", "policeStationCode": "", "name": "パーキング・メーター #671", "spaces": null, "timeLimitMinutes": 60, "feeYen": 300, "vehicleType": "standard", "operatingHours": [{"startTime": "09:00", "endTime": "19:00"}], "operatingDays": [1, 2, 3, 4, 5, 6], "exclusions": ["holidays", "sundays"], "overlappingRegulations": [], "lastUpdated": "2025-10-01", "category": "パーキング・メーター", "restriction1": "日曜・休日を除く", "restriction2": "１月１日〜３日を除く", "supportsTruck": false, "supportsMotorcycle": false, "supportsStandard": true, "supportsSenior": false}, "geometry": {"type": "LineString", "coordinates": [[139.872911138219, 35.6637551803874], [139.871630399348, 35.6638120577722]]}}, {"type": "Feature", "properties": {"id": "13_672", "prefCode": "13", "policeStationCode": "", "name": "パーキング・チケット #672", "spaces": null, "timeLimitMinutes": 60, "feeYen": 300, "vehicleType": "standard", "operatingHours": [{"startTime": "09:00", "endTime": "19:00"}], "operatingDays": [0, 1, 2, 3, 4, 5, 6], "exclusions": [], "overlappingRegulations": [], "lastUpdated": "2025-10-01", "category": "パーキング・チケット", "restriction1": "", "restriction2": "１月１日〜３日を除く", "supportsTruck": false, "supportsMotorcycle": false, "supportsStandard": true, "supportsSenior": false}, "geometry": {"type": "MultiLineString", "coordinates": [[[139.494532252105, 35.6697404401822], [139.493907725741, 35.6699186240008], [139.493814056349, 35.6699207361602], [139.492779768847, 35.6702091877375]], [[139.492803805827, 35.6702867307675], [139.493830544672, 35.6700006790893], [139.493917709651, 35.6699521948712], [139.494533414644, 35.6697759307634]]]}}, {"type": "Feature", "properties": {"id": "13_674", "prefCode": "13", "policeStationCode": "", "name": "パーキング・メーター #674", "spaces": null, "timeLimitMinutes": 60, "feeYen": 300, "vehicleType": "standard", "operatingHours": [{"startTime": "09:00", "endTime": "19:00"}], "operatingDays": [1, 2, 3, 4, 5, 6], "exclusions": ["holidays", "sundays"], "overlappingRegulations": [], "lastUpdated": "2025-10-01", "category": "パーキング・メーター", "restriction1": "日曜・休日を除く", "restriction2": "１月１日〜３日を除く", "supportsTruck": true, "supportsMotorcycle": false, "supportsStandard": true, "supportsSenior": false}, "geometry": {"type": "MultiLineString", "coordinates": [[[139.739714451811, 35.6558665923613], [139.741879331844, 35.6552776945419], [139.742031844703, 35.6552399375383], [139.745006291074, 35.6550004905113]], [[139.744989247024, 35.6548251264142], [139.743035353596, 35.6550276875711], [139.741872123828, 35.6551287103273], [139.739695388746, 35.6557387022076]]]}}, {"type": "Feature", "properties": {"id": "13_676", "prefCode": "13", "policeStationCode": "", "name": "パーキング・メーター #676", "spaces": null, "timeLimitMinutes": 60, "feeYen": 300, "vehicleType": "standard", "operatingHours": [{"startTime": "09:30", "endTime": "19:00"}], "operatingDays": [1, 2, 3, 4, 5, 6], "exclusions": ["holidays", "sundays"], "overlappingRegulations": [], "lastUpdated": "2025-10-01", "category": "パーキング・メーター", "restriction1": "日曜・休日を除く", "restriction2": "１月１日〜３日を除く", "supportsTruck": true, "supportsMotorcycle": false, "supportsStandard": true, "supportsSenior": false}, "geometry": {"type": "MultiLineString", "coordinates": [[[139.710269934886, 35.6916618284691], [139.710769739091, 35.6915980861828], [139.713407781428, 35.6912723064885], [139.713728460295, 35.691262936608], [139.713888795296, 35.691268661992], [139.714446361041, 35.6913657921112]], [[139.714505272974, 35.6912410714424], [139.714245097868, 35.6911940139639], [139.71384057678, 35.6911471828046], [139.713694030637, 35.6911345714376], [139.713115352889, 35.6911534775848], [139.712440188097, 35.6912298426142], [139.710751786432, 35.6914213459341], [139.710261840323, 35.6914852884004]]]}}, {"type": "Feature", "properties": {"id": "13_678", "prefCode": "13", "policeStationCode": "", "name": "パーキング・メーター #678", "spaces": null, "timeLimitMinutes": 60, "feeYen": 300, "vehicleType": "standard", "operatingHours": [{"startTime": "09:00", "endTime": "19:00"}], "operatingDays": [1, 2, 3, 4, 5, 6], "exclusions": ["holidays", "sundays"], "overlappingRegulations": [], "lastUpdated": "2025-10-01", "category": "パーキング・メーター", "restriction1": "日曜・休日を除く", "restriction2": "１月１日〜３日を除く", "supportsTruck": true, "supportsMotorcycle": false, "supportsStandard": true, "supportsSenior": false}, "geometry": {"type": "MultiLineString", "coordinates": [[[139.749105831298, 35.6500758593431], [139.7495016056, 35.6524562651395]], [[139.749695579279, 35.6526076170364], [139.749400386908, 35.6508608707985], [139.749279642419, 35.6501335139739]]]}}, {"type": "Feature", "properties": {"id": "13_680", "prefCode": "13", "policeStationCode": "", "name": "パーキング・メーター #680", "spaces": null, "timeLimitMinutes": 60, "feeYen": 300, "vehicleType": "standard", "operatingHours": [{"startTime": "09:00", "endTime": "20:00"}], "operatingDays": [0, 1, 2, 3, 4, 5, 6], "exclusions": [], "overlappingRegulations": [], "lastUpdated": "2025-10-01", "category": "パーキング・メーター", "restriction1": "", "restriction2": "１月１日〜３日を除く", "supportsTruck": true, "supportsMotorcycle": false, "supportsStandard": true, "supportsSenior": false}, "geometry": {"type": "MultiLineString", "coordinates": [[[139.773703135045, 35.6786667289293], [139.775040608182, 35.6808149426462], [139.775525454737, 35.6816092597793]], [[139.775800515495, 35.6814580469899], [139.775622568167, 35.6811786481296], [139.77526595174, 35.6805971785574], [139.774981009755, 35.6801514842425], [139.774543588821, 35.6794144275738], [139.77434243968, 35.6790970382023], [139.774078427908, 35.6786866030623], [139.773978763793, 35.6785124566591]]]}}, {"type": "Feature", "properties": {"id": "13_682", "prefCode": "13", "policeStationCode": "", "name": "パーキング・メーター #682", "spaces": null, "timeLimitMinutes": 60, "feeYen": 300, "vehicleType": "standard", "operatingHours": [{"startTime": "09:00", "endTime": "20:00"}], "operatingDays": [0, 1, 2, 3, 4, 5, 6], "exclusions": [], "overlappingRegulations": [], "lastUpdated": "2025-10-01", "category": "パーキング・メーター", "restriction1": "", "restriction2": "１月１日〜３日を除く", "supportsTruck": true, "supportsMotorcycle": false, "supportsStandard": true, "supportsSenior": false}, "geometry": {"type": "MultiLineString", "coordinates": [[[139.770744703231, 35.6739193628218], [139.771345249195, 35.6748488092706], [139.771908170151, 35.6757626649108], [139.773073601616, 35.6776379890262], [139.77349281552, 35.6783239972869]], [[139.773810692331, 35.6782221290235], [139.773612126233, 35.6778969385962], [139.772989196263, 35.6769135814814], [139.772777201656, 35.6765868012644], [139.771441358267, 35.6744322271823], [139.771070748347, 35.6738307093818]]]}}, {"type": "Feature", "properties": {"id": "13_684", "prefCode": "13", "policeStationCode": "", "name": "パーキング・メーター #684", "spaces": null, "timeLimitMinutes": 60, "feeYen": 300, "vehicleType": "standard", "operatingHours": [{"startTime": "09:00", "endTime": "21:00"}], "operatingDays": [0, 1, 2, 3, 4, 5, 6], "exclusions": [], "overlappingRegulations": [], "lastUpdated": "2025-10-01", "category": "パーキング・メーター", "restriction1": "", "restriction2": "１月１日〜３日を除く", "supportsTruck": true, "supportsMotorcycle": false, "supportsStandard": true, "supportsSenior": false}, "geometry": {"type": "MultiLineString", "coordinates": [[[139.762658048604, 35.666677867682], [139.76292038737, 35.6667162781814], [139.763012410144, 35.6667407657982], [139.763196772523, 35.6668303140224], [139.763801565845, 35.6671587674991], [139.764212410348, 35.6674299653282], [139.765001800465, 35.6680666719006], [139.765978490921, 35.6688477425152], [139.766406867052, 35.6692175020085], [139.767070238806, 35.6698212555395], [139.767807300441, 35.6706363677085], [139.769574968566, 35.6725999352508], [139.770250545468, 35.6733486363353], [139.770653147546, 35.6738098337121]], [[139.770991478471, 35.6737296453047], [139.769492189301, 35.6720655404645], [139.768202147681, 35.6706138210207], [139.767053846822, 35.6693734719725], [139.766478917416, 35.6688890144842], [139.765666440281, 35.6682338030564], [139.764486405747, 35.6672738085963], [139.764047580665, 35.6669724793908], [139.763632390518, 35.6667445001819], [139.763394209642, 35.666627194907], [139.763169047385, 35.6665031246697]]]}}, {"type": "Feature", "properties": {"id": "13_688", "prefCode": "13", "policeStationCode": "", "name": "パーキング・メーター #688", "spaces": null, "timeLimitMinutes": 60, "feeYen": 300, "vehicleType": "standard", "operatingHours": [{"startTime": "09:00", "endTime": "19:00"}], "operatingDays": [1, 2, 3, 4, 5, 6], "exclusions": ["holidays", "sundays"], "overlappingRegulations": [], "lastUpdated": "2025-10-01", "category": "パーキング・メーター", "restriction1": "日曜・休日を除く", "restriction2": "１月１日〜３日を除く", "supportsTruck": false, "supportsMotorcycle": false, "supportsStandard": true, "supportsSenior": false}, "geometry": {"type": "MultiLineString", "coordinates": [[[139.723261594987, 35.7106868368315], [139.724187828288, 35.7104213003686], [139.724360460934, 35.7103749371515], [139.724721880594, 35.7102747865775], [139.724847454377, 35.71023680722], [139.725214339459, 35.7101346738812], [139.725438760936, 35.7100827114859], [139.725925360491, 35.7099784457058], [139.726369940419, 35.7098909569394]], [[139.726428779613, 35.7096938159627], [139.726118791698, 35.7097632483268], [139.725954767091, 35.7097940094399], [139.725349248119, 35.7099356997969], [139.725212150311, 35.709961839892], [139.724915088676, 35.7100382680973], [139.724734667142, 35.7100906382695], [139.724356266462, 35.7101987425077], [139.724273758306, 35.7102270962128], [139.72410407127, 35.7102711781408], [139.723626491681, 35.7104041000075], [139.723357761904, 35.7104786819225]]]}}, {"type": "Feature", "properties": {"id": "13_690", "prefCode": "13", "policeStationCode": "", "name": "パーキング・チケット #690", "spaces": null, "timeLimitMinutes": 60, "feeYen": 300, "vehicleType": "standard", "operatingHours": [{"startTime": "09:00", "endTime": "19:00"}], "operatingDays": [1, 2, 3, 4, 5, 6], "exclusions": ["holidays", "sundays"], "overlappingRegulations": [], "lastUpdated": "2025-10-01", "category": "パーキング・チケット", "restriction1": "日曜・休日を除く", "restriction2": "１月１日〜３日を除く", "supportsTruck": false, "supportsMotorcycle": false, "supportsStandard": true, "supportsSenior": false}, "geometry": {"type": "MultiLineString", "coordinates": [[[139.826780529946, 35.7477677456453], [139.827094371111, 35.7482975621627], [139.827578305462, 35.7491367078736]], [[139.827682519851, 35.7491073460351], [139.827444618742, 35.7487184313712], [139.827188120123, 35.7482778119565], [139.826884323153, 35.7477368687266]]]}}, {"type": "Feature", "properties": {"id": "13_692", "prefCode": "13", "policeStationCode": "", "name": "パーキング・チケット #692", "spaces": null, "timeLimitMinutes": 60, "feeYen": 300, "vehicleType": "standard", "operatingHours": [{"startTime": "09:00", "endTime": "19:00"}], "operatingDays": [1, 2, 3, 4, 5, 6], "exclusions": ["holidays", "sundays"], "overlappingRegulations": [], "lastUpdated": "2025-10-01", "category": "パーキング・チケット", "restriction1": "日曜・休日を除く", "restriction2": "１月１日〜３日を除く", "supportsTruck": false, "supportsMotorcycle": false, "supportsStandard": true, "supportsSenior": false}, "geometry": {"type": "MultiLineString", "coordinates": [[[139.702894811168, 35.6197802369702], [139.699734954968, 35.62217108688]], [[139.700088343055, 35.6220294409921], [139.703017797773, 35.6198047536093]]]}}, {"type": "Feature", "properties": {"id": "13_694", "prefCode": "13", "policeStationCode": "", "name": "パーキング・メーター #694", "spaces": null, "timeLimitMinutes": 60, "feeYen": 300, "vehicleType": "standard", "operatingHours": [{"startTime": "09:00", "endTime": "19:00"}], "operatingDays": [1, 2, 3, 4, 5, 6], "exclusions": ["holidays", "sundays"], "overlappingRegulations": [], "lastUpdated": "2025-10-01", "category": "パーキング・メーター", "restriction1": "日曜・休日を除く", "restriction2": "１月１日〜３日を除く", "supportsTruck": true, "supportsMotorcycle": false, "supportsStandard": true, "supportsSenior": false}, "geometry": {"type": "MultiLineString", "coordinates": [[[139.727152824235, 35.5848886345583], [139.727667110412, 35.5847490998487], [139.728359151642, 35.5847281695756], [139.730758196223, 35.5847946669264]], [[139.730703558346, 35.5847039039685], [139.727965302435, 35.5846438686195], [139.727579339184, 35.5846702473829], [139.727159752394, 35.5847769527731]]]}}, {"type": "Feature", "properties": {"id": "13_696", "prefCode": "13", "policeStationCode": "", "name": "パーキング・メーター #696", "spaces": null, "timeLimitMinutes": 60, "feeYen": 300, "vehicleType": "standard", "operatingHours": [{"startTime": "09:00", "endTime": "19:00"}], "operatingDays": [1, 2, 3, 4, 5, 6], "exclusions": ["holidays", "sundays"], "overlappingRegulations": [], "lastUpdated": "2025-10-01", "category": "パーキング・メーター", "restriction1": "日曜・休日を除く", "restriction2": "１月１日〜３日を除く", "supportsTruck": true, "supportsMotorcycle": false, "supportsStandard": true, "supportsSenior": false}, "geometry": {"type": "MultiLineString", "coordinates": [[[139.731080443289, 35.5847759049426], [139.732988310637, 35.5846033628877], [139.734585857639, 35.584373795708], [139.73505314078, 35.5843526736612]], [[139.735061331142, 35.5842686635623], [139.734496551086, 35.5843057513602], [139.732807377632, 35.5845298195917], [139.730900145106, 35.5846758139231]]]}}, {"type": "Feature", "properties": {"id": "13_698", "prefCode": "13", "policeStationCode": "", "name": "パーキング・チケット #698", "spaces": null, "timeLimitMinutes": 60, "feeYen": 300, "vehicleType": "standard", "operatingHours": [{"startTime": "09:00", "endTime": "19:00"}], "operatingDays": [1, 2, 3, 4, 5, 6], "exclusions": ["holidays", "sundays"], "overlappingRegulations": [], "lastUpdated": "2025-10-01", "category": "パーキング・チケット", "restriction1": "日曜・休日を除く", "restriction2": "１月１日〜３日を除く", "supportsTruck": true, "supportsMotorcycle": false, "supportsStandard": true, "supportsSenior": false}, "geometry": {"type": "LineString", "coordinates": [[139.66061, 35.79039], [139.660440932541, 35.7898621745792]]}}, {"type": "Feature", "properties": {"id": "13_699", "prefCode": "13", "policeStationCode": "", "name": "パーキング・チケット #699", "spaces": null, "timeLimitMinutes": 60, "feeYen": 300, "vehicleType": "standard", "operatingHours": [{"startTime": "09:00", "endTime": "19:00"}], "operatingDays": [1, 2, 3, 4, 5, 6], "exclusions": ["holidays", "sundays"], "overlappingRegulations": [], "lastUpdated": "2025-10-01", "category": "パーキング・チケット", "restriction1": "日曜・休日を除く", "restriction2": "１月１日〜３日を除く", "supportsTruck": true, "supportsMotorcycle": false, "supportsStandard": true, "supportsSenior": false}, "geometry": {"type": "MultiLineString", "coordinates": [[[139.660050095535, 35.7887023016728], [139.658982178196, 35.7856392338023], [139.658157254593, 35.7832631103168]], [[139.657961737601, 35.7832733966473], [139.65893740032, 35.7860126496032], [139.659886835722, 35.7887239407299]]]}}, {"type": "Feature", "properties": {"id": "13_701", "prefCode": "13", "policeStationCode": "", "name": "パーキング・メーター #701", "spaces": null, "timeLimitMinutes": 60, "feeYen": 300, "vehicleType": "standard", "operatingHours": [{"startTime": "09:00", "endTime": "20:00"}], "operatingDays": [0, 1, 2, 3, 4, 5, 6], "exclusions": [], "overlappingRegulations": [], "lastUpdated": "2025-10-01", "category": "パーキング・メーター", "restriction1": "", "restriction2": "１月１日〜３日を除く", "supportsTruck": true, "supportsMotorcycle": false, "supportsStandard": true, "supportsSenior": false}, "geometry": {"type": "MultiLineString", "coordinates": [[[139.705564437418, 35.6685020780928], [139.710600741834, 35.6661720745877]], [[139.710467078813, 35.6660641460745], [139.708268307734, 35.6670764860939], [139.705496672176, 35.6683780707036]]]}}, {"type": "Feature", "properties": {"id": "13_704", "prefCode": "13", "policeStationCode": "", "name": "パーキング・メーター #704", "spaces": null, "timeLimitMinutes": 60, "feeYen": 300, "vehicleType": "standard", "operatingHours": [{"startTime": "09:00", "endTime": "19:00"}], "operatingDays": [1, 2, 3, 4, 5, 6], "exclusions": ["holidays", "sundays"], "overlappingRegulations": [], "lastUpdated": "2025-10-01", "category": "パーキング・メーター", "restriction1": "日曜・休日を除く", "restriction2": "１月１日〜３日を除く", "supportsTruck": false, "supportsMotorcycle": false, "supportsStandard": true, "supportsSenior": false}, "geometry": {"type": "MultiLineString", "coordinates": [[[139.718150674163, 35.7169592785611], [139.720471312094, 35.7177992745043], [139.721542525981, 35.7181847959862], [139.722177323763, 35.7184259279747], [139.722517224637, 35.7185331482791], [139.722978980992, 35.718707087188], [139.723324132344, 35.7188661228576], [139.724464456089, 35.7194131504255], [139.724637758331, 35.7195061202818]], [[139.725242516494, 35.7192303859228], [139.72498920868, 35.7193155368532], [139.724837319775, 35.7193719952127], [139.72479174964, 35.7193710250407], [139.724744560341, 35.7193682334968], [139.724536754542, 35.7192889801004], [139.724427145955, 35.7192530059438], [139.724073658658, 35.719090204189], [139.723768929736, 35.7189461467064], [139.723371651617, 35.71873923053], [139.723073892012, 35.7186084695326], [139.72256602847, 35.7184172738994], [139.722219794195, 35.718303176371], [139.721573161893, 35.7180593072648], [139.721342424324, 35.7179806520466], [139.718424714754, 35.7169237870266]]]}}, {"type": "Feature", "properties": {"id": "13_706", "prefCode": "13", "policeStationCode": "", "name": "パーキング・チケット #706", "spaces": null, "timeLimitMinutes": 60, "feeYen": 300, "vehicleType": "standard", "operatingHours": [{"startTime": "09:00", "endTime": "19:00"}], "operatingDays": [1, 2, 3, 4, 5, 6], "exclusions": ["holidays", "sundays"], "overlappingRegulations": [], "lastUpdated": "2025-10-01", "category": "パーキング・チケット", "restriction1": "日曜・休日を除く", "restriction2": "１月１日〜３日を除く", "supportsTruck": false, "supportsMotorcycle": false, "supportsStandard": true, "supportsSenior": false}, "geometry": {"type": "MultiLineString", "coordinates": [[[139.765482500712, 35.700157687384], [139.765530723924, 35.7003649761337], [139.765739774147, 35.7008256111077], [139.76578816107, 35.7010186945401], [139.765984791779, 35.7014266543455]], [[139.766158501795, 35.7013266641607], [139.765673414659, 35.7002387007085], [139.765639971002, 35.7001043086671]]]}}, {"type": "Feature", "properties": {"id": "13_710", "prefCode": "13", "policeStationCode": "", "name": "パーキング・チケット #710", "spaces": null, "timeLimitMinutes": 60, "feeYen": 300, "vehicleType": "standard", "operatingHours": [{"startTime": "09:00", "endTime": "19:00"}], "operatingDays": [1, 2, 3, 4, 5, 6], "exclusions": ["holidays", "sundays"], "overlappingRegulations": [], "lastUpdated": "2025-10-01", "category": "パーキング・チケット", "restriction1": "日曜・休日を除く", "restriction2": "１月１日〜３日を除く", "supportsTruck": true, "supportsMotorcycle": false, "supportsStandard": true, "supportsSenior": false}, "geometry": {"type": "MultiLineString", "coordinates": [[[139.728069577134, 35.646916540435], [139.728987336732, 35.6471734585442], [139.729261942268, 35.6472270771209], [139.730582085563, 35.6472711426743], [139.731753156788, 35.6474171506159], [139.732171413083, 35.6474657445452], [139.732558032824, 35.6474767664005], [139.733068539058, 35.6474291181152], [139.733281551416, 35.6473495763431], [139.734124002815, 35.6469368658335], [139.73433638222, 35.6468612321354], [139.735694527723, 35.6466578837821], [139.73583244995, 35.6466743135306]], [[139.735756678281, 35.6464993279172], [139.734698003396, 35.6466487243638], [139.734225873567, 35.6467446558114], [139.733839182928, 35.6468994017729], [139.733127251885, 35.6472590856943], [139.732663442668, 35.6473398051124], [139.731813585574, 35.6473014186724], [139.730649470725, 35.6471339832509], [139.730072273388, 35.6470906068731], [139.729262421449, 35.6470791611545], [139.72885497795, 35.6469930817398], [139.728114238396, 35.6467761547762]]]}}, {"type": "Feature", "properties": {"id": "13_713", "prefCode": "13", "policeStationCode": "", "name": "パーキング・メーター #713", "spaces": null, "timeLimitMinutes": 60, "feeYen": 300, "vehicleType": "standard", "operatingHours": [{"startTime": "09:30", "endTime": "19:00"}], "operatingDays": [1, 2, 3, 4, 5, 6], "exclusions": ["holidays", "sundays"], "overlappingRegulations": [], "lastUpdated": "2025-10-01", "category": "パーキング・メーター", "restriction1": "日曜・休日を除く", "restriction2": "１月１日〜３日を除く", "supportsTruck": true, "supportsMotorcycle": false, "supportsStandard": true, "supportsSenior": false}, "geometry": {"type": "MultiLineString", "coordinates": [[[139.688860292859, 35.7191306748825], [139.686094731081, 35.7211028955678], [139.684172857507, 35.7224462172615]], [[139.684404098992, 35.7224901216971], [139.686701044623, 35.7208704406615], [139.688892297726, 35.7194032896887]]]}}, {"type": "Feature", "properties": {"id": "13_717", "prefCode": "13", "policeStationCode": "", "name": "パーキング・メーター #717", "spaces": null, "timeLimitMinutes": 60, "feeYen": 300, "vehicleType": "standard", "operatingHours": [{"startTime": "09:00", "endTime": "19:00"}], "operatingDays": [0, 1, 2, 3, 4, 5, 6], "exclusions": [], "overlappingRegulations": [], "lastUpdated": "2025-10-01", "category": "パーキング・メーター", "restriction1": "", "restriction2": "１月１日〜３日を除く", "supportsTruck": true, "supportsMotorcycle": false, "supportsStandard": true, "supportsSenior": false}, "geometry": {"type": "MultiLineString", "coordinates": [[[139.709046767947, 35.7330587343369], [139.709146826301, 35.7332482829267], [139.70924426099, 35.7334828990518], [139.70930341384, 35.7337147934881], [139.709377959825, 35.7343148089419], [139.709549756144, 35.7354895678123], [139.70966708189, 35.7363108933078], [139.709692341753, 35.7366179807604], [139.709779428628, 35.737068408369], [139.709814062325, 35.7371720477059], [139.709875296427, 35.7373236946834], [139.710040674268, 35.7376517818171], [139.710290205865, 35.7381778736551], [139.710506764924, 35.738704383324]], [[139.710624445535, 35.7386028092324], [139.710191724295, 35.737712896026], [139.70994215984, 35.7371806116165], [139.709897277846, 35.7370340278671], [139.709825730516, 35.7366161354264], [139.709667256824, 35.7354718708022], [139.709555901039, 35.7346002919896], [139.709515733299, 35.734317739288], [139.709421165466, 35.7336581104009], [139.709327033439, 35.7333352987392], [139.709196853527, 35.7330516516899]]]}}, {"type": "Feature", "properties": {"id": "13_721", "prefCode": "13", "policeStationCode": "", "name": "パーキング・メーター #721", "spaces": null, "timeLimitMinutes": 60, "feeYen": 300, "vehicleType": "standard", "operatingHours": [{"startTime": "09:00", "endTime": "19:00"}], "operatingDays": [1, 2, 3, 4, 5, 6], "exclusions": ["holidays", "sundays"], "overlappingRegulations": [], "lastUpdated": "2025-10-01", "category": "パーキング・メーター", "restriction1": "日曜・休日を除く", "restriction2": "１月１日〜３日を除く", "supportsTruck": true, "supportsMotorcycle": false, "supportsStandard": true, "supportsSenior": false}, "geometry": {"type": "MultiLineString", "coordinates": [[[139.782289831146, 35.6863959625536], [139.783399892204, 35.687122026415], [139.78448428133, 35.6878418244559], [139.78569151274, 35.6886493453198]], [[139.785751775092, 35.6885562751126], [139.784573451931, 35.6877576904395], [139.783465758209, 35.6870200034844], [139.783114115702, 35.6868077050382], [139.782389954426, 35.6862993128897]]]}}, {"type": "Feature", "properties": {"id": "13_723", "prefCode": "13", "policeStationCode": "", "name": "パーキング・メーター #723", "spaces": null, "timeLimitMinutes": 60, "feeYen": 300, "vehicleType": "standard", "operatingHours": [{"startTime": "09:00", "endTime": "19:00"}], "operatingDays": [1, 2, 3, 4, 5, 6], "exclusions": ["holidays", "sundays"], "overlappingRegulations": [], "lastUpdated": "2025-10-01", "category": "パーキング・メーター", "restriction1": "日曜・休日を除く", "restriction2": "１月１日〜３日を除く", "supportsTruck": false, "supportsMotorcycle": false, "supportsStandard": true, "supportsSenior": false}, "geometry": {"type": "LineString", "coordinates": [[139.788298557007, 35.6901717899502], [139.787013891286, 35.6893837005731], [139.78665168541, 35.6891483818193], [139.785962619771, 35.6886789085645]]}}, {"type": "Feature", "properties": {"id": "13_724", "prefCode": "13", "policeStationCode": "", "name": "パーキング・メーター #724", "spaces": null, "timeLimitMinutes": 60, "feeYen": 300, "vehicleType": "standard", "operatingHours": [{"startTime": "09:00", "endTime": "19:00"}], "operatingDays": [1, 2, 3, 4, 5, 6], "exclusions": ["holidays", "sundays"], "overlappingRegulations": [], "lastUpdated": "2025-10-01", "category": "パーキング・メーター", "restriction1": "日曜・休日を除く", "restriction2": "１月１日〜３日を除く", "supportsTruck": false, "supportsMotorcycle": false, "supportsStandard": true, "supportsSenior": false}, "geometry": {"type": "LineString", "coordinates": [[139.785886060645, 35.6887723820215], [139.786845158995, 35.6894108429201]]}}, {"type": "Feature", "properties": {"id": "13_725", "prefCode": "13", "policeStationCode": "", "name": "パーキング・メーター #725", "spaces": null, "timeLimitMinutes": 60, "feeYen": 300, "vehicleType": "standard", "operatingHours": [{"startTime": "09:00", "endTime": "19:00"}], "operatingDays": [1, 2, 3, 4, 5, 6], "exclusions": ["holidays", "sundays"], "overlappingRegulations": [], "lastUpdated": "2025-10-01", "category": "パーキング・メーター", "restriction1": "日曜・休日を除く", "restriction2": "１月１日〜３日を除く", "supportsTruck": false, "supportsMotorcycle": false, "supportsStandard": true, "supportsSenior": false}, "geometry": {"type": "MultiLineString", "coordinates": [[[139.690151532376, 35.655455165202], [139.690375603316, 35.6559813690172], [139.690743548764, 35.6567837513609]], [[139.690916884005, 35.6565212436783], [139.690643993166, 35.6559374515735], [139.690412318568, 35.6554542730392]]]}}, {"type": "Feature", "properties": {"id": "13_727", "prefCode": "13", "policeStationCode": "", "name": "パーキング・メーター #727", "spaces": null, "timeLimitMinutes": 60, "feeYen": 300, "vehicleType": "standard", "operatingHours": [{"startTime": "09:00", "endTime": "19:00"}], "operatingDays": [0, 1, 2, 3, 4, 5, 6], "exclusions": [], "overlappingRegulations": [], "lastUpdated": "2025-10-01", "category": "パーキング・メーター", "restriction1": "", "restriction2": "１月１日〜３日を除く", "supportsTruck": true, "supportsMotorcycle": false, "supportsStandard": true, "supportsSenior": false}, "geometry": {"type": "LineString", "coordinates": [[139.668659893079, 35.7165046013707], [139.668522607323, 35.7163119280134], [139.666274460925, 35.7142409237612], [139.665451677054, 35.7111104146015]]}}, {"type": "Feature", "properties": {"id": "13_728", "prefCode": "13", "policeStationCode": "", "name": "パーキング・チケット #728", "spaces": null, "timeLimitMinutes": 60, "feeYen": 300, "vehicleType": "standard", "operatingHours": [{"startTime": "09:00", "endTime": "19:00"}], "operatingDays": [1, 2, 3, 4, 5, 6], "exclusions": ["holidays", "sundays"], "overlappingRegulations": [], "lastUpdated": "2025-10-01", "category": "パーキング・チケット", "restriction1": "日曜・休日を除く", "restriction2": "１月１日〜３日を除く", "supportsTruck": true, "supportsMotorcycle": false, "supportsStandard": true, "supportsSenior": false}, "geometry": {"type": "MultiLineString", "coordinates": [[[139.753415137631, 35.7086404145938], [139.752677279264, 35.7110524858709], [139.752626415541, 35.7112672471199], [139.752164533818, 35.7135371810396], [139.751722533443, 35.7161550506115], [139.751221692006, 35.718889887871], [139.751201517424, 35.7189750385253], [139.751162860339, 35.7190970058257], [139.751103746937, 35.7192356881279], [139.750944764904, 35.7195095455666], [139.750833588405, 35.7196563660388], [139.75070442819, 35.7198020894809], [139.750565318699, 35.7199365142669], [139.749838016186, 35.7206298892411], [139.747816454797, 35.7225767265364]], [[139.748020326933, 35.722756171287], [139.748092000171, 35.7226853430342], [139.749803498253, 35.7210354927258], [139.750164271553, 35.7206858385148], [139.750876601774, 35.719994471678], [139.751060830269, 35.7197983087236], [139.751190661138, 35.7196388506364], [139.751235140123, 35.7195697791423], [139.751335597912, 35.7193838817724], [139.751486437797, 35.71899302898], [139.752123757906, 35.7154521850739], [139.752277175374, 35.714623507261], [139.752335899928, 35.7141988375033], [139.752476861348, 35.7133727192018], [139.752612715856, 35.7126784620273], [139.752896198553, 35.71135788161], [139.752969010494, 35.7110728452699], [139.753656775212, 35.7088095459895]]]}}, {"type": "Feature", "properties": {"id": "13_730", "prefCode": "13", "policeStationCode": "", "name": "パーキング・チケット #730", "spaces": null, "timeLimitMinutes": 60, "feeYen": 300, "vehicleType": "standard", "operatingHours": [{"startTime": "09:00", "endTime": "19:00"}], "operatingDays": [1, 2, 3, 4, 5, 6], "exclusions": ["holidays", "sundays"], "overlappingRegulations": [], "lastUpdated": "2025-10-01", "category": "パーキング・チケット", "restriction1": "日曜・休日を除く", "restriction2": "１月１日〜３日を除く", "supportsTruck": true, "supportsMotorcycle": false, "supportsStandard": true, "supportsSenior": false}, "geometry": {"type": "MultiLineString", "coordinates": [[[139.725962352387, 35.7327555170458], [139.726382741087, 35.73385217754]], [[139.726486834406, 35.7337986659786], [139.72607215608, 35.7327389180934]]]}}, {"type": "Feature", "properties": {"id": "13_732", "prefCode": "13", "policeStationCode": "", "name": "パーキング・メーター #732", "spaces": null, "timeLimitMinutes": 60, "feeYen": 300, "vehicleType": "standard", "operatingHours": [{"startTime": "09:00", "endTime": "19:00"}], "operatingDays": [1, 2, 3, 4, 5, 6], "exclusions": ["holidays", "sundays"], "overlappingRegulations": [], "lastUpdated": "2025-10-01", "category": "パーキング・メーター", "restriction1": "日曜・休日を除く", "restriction2": "１月１日〜３日を除く", "supportsTruck": true, "supportsMotorcycle": false, "supportsStandard": true, "supportsSenior": false}, "geometry": {"type": "MultiLineString", "coordinates": [[[139.725019688387, 35.729303820157], [139.725235775669, 35.7301736787159], [139.725595939287, 35.7316180756884]], [[139.725712505752, 35.7316486578956], [139.725273731453, 35.7299143239391], [139.725149292331, 35.7294364573975]]]}}, {"type": "Feature", "properties": {"id": "13_734", "prefCode": "13", "policeStationCode": "", "name": "パーキング・チケット #734", "spaces": null, "timeLimitMinutes": 60, "feeYen": 300, "vehicleType": "standard", "operatingHours": [{"startTime": "09:00", "endTime": "19:00"}], "operatingDays": [1, 2, 3, 4, 5, 6], "exclusions": ["holidays", "sundays"], "overlappingRegulations": [], "lastUpdated": "2025-10-01", "category": "パーキング・チケット", "restriction1": "日曜・休日を除く", "restriction2": "１月１日〜３日を除く", "supportsTruck": true, "supportsMotorcycle": false, "supportsStandard": true, "supportsSenior": false}, "geometry": {"type": "MultiLineString", "coordinates": [[[139.77842696698, 35.7121895907703], [139.779039499556, 35.7120502278762], [139.78201532793, 35.7115092821357], [139.7846946904, 35.7110164938828], [139.787708550041, 35.7105044790632], [139.78957788108, 35.7101455347715], [139.791285842428, 35.7097983350361], [139.793320279077, 35.7093104348735], [139.794860677787, 35.7090746178339], [139.795808740019, 35.7089567903195]], [[139.795765679239, 35.7087974074336], [139.793574165063, 35.7091133678731], [139.791705708955, 35.7095201039466], [139.789070427478, 35.7100721350519], [139.786147392335, 35.7106347432093], [139.783725227512, 35.7110551813945], [139.782112339071, 35.7113551414511], [139.780854894982, 35.7115639805586], [139.779196194662, 35.711847728756], [139.778215488158, 35.7120458728342]]]}}, {"type": "Feature", "properties": {"id": "13_737", "prefCode": "13", "policeStationCode": "", "name": "パーキング・メーター #737", "spaces": null, "timeLimitMinutes": 60, "feeYen": 300, "vehicleType": "standard", "operatingHours": [{"startTime": "09:00", "endTime": "19:00"}], "operatingDays": [1, 2, 3, 4, 5, 6], "exclusions": ["holidays", "sundays"], "overlappingRegulations": [], "lastUpdated": "2025-10-01", "category": "パーキング・メーター", "restriction1": "日曜・休日を除く", "restriction2": "１月１日〜３日を除く", "supportsTruck": false, "supportsMotorcycle": false, "supportsStandard": true, "supportsSenior": false}, "geometry": {"type": "MultiLineString", "coordinates": [[[139.799896748826, 35.7037648260286], [139.799746301131, 35.7063778080695], [139.798646321033, 35.7074331072686]], [[139.798766542909, 35.707507422663], [139.799881207573, 35.7064499022346], [139.800053683238, 35.7037700641001]]]}}, {"type": "Feature", "properties": {"id": "13_739", "prefCode": "13", "policeStationCode": "", "name": "パーキング・メーター #739", "spaces": null, "timeLimitMinutes": 60, "feeYen": 300, "vehicleType": "standard", "operatingHours": [{"startTime": "09:30", "endTime": "19:00"}], "operatingDays": [1, 2, 3, 4, 5, 6], "exclusions": ["holidays", "sundays"], "overlappingRegulations": [], "lastUpdated": "2025-10-01", "category": "パーキング・メーター", "restriction1": "日曜・休日を除く", "restriction2": "１月１日〜３日を除く", "supportsTruck": true, "supportsMotorcycle": false, "supportsStandard": true, "supportsSenior": false}, "geometry": {"type": "LineString", "coordinates": [[139.796220094046, 35.6749465753742], [139.796110445327, 35.6742543363867]]}}, {"type": "Feature", "properties": {"id": "13_740", "prefCode": "13", "policeStationCode": "", "name": "パーキング・メーター #740", "spaces": null, "timeLimitMinutes": 60, "feeYen": 300, "vehicleType": "standard", "operatingHours": [{"startTime": "09:30", "endTime": "19:00"}], "operatingDays": [1, 2, 3, 4, 5, 6], "exclusions": ["holidays", "sundays"], "overlappingRegulations": [], "lastUpdated": "2025-10-01", "category": "パーキング・メーター", "restriction1": "日曜・休日を除く", "restriction2": "１月１日〜３日を除く", "supportsTruck": false, "supportsMotorcycle": false, "supportsStandard": true, "supportsSenior": false}, "geometry": {"type": "MultiLineString", "coordinates": [[[139.796886120377, 35.6769543493218], [139.796882009926, 35.6769546005951], [139.79888, 35.67943]], [[139.79903, 35.67936], [139.79719856945, 35.6770961098302], [139.797200989094, 35.6770980243992], [139.797200726528, 35.6770955813616]]]}}, {"type": "Feature", "properties": {"id": "13_744", "prefCode": "13", "policeStationCode": "", "name": "パーキング・チケット #744", "spaces": null, "timeLimitMinutes": 60, "feeYen": 300, "vehicleType": "standard", "operatingHours": [{"startTime": "09:00", "endTime": "19:00"}], "operatingDays": [1, 2, 3, 4, 5, 6], "exclusions": ["holidays", "sundays"], "overlappingRegulations": [], "lastUpdated": "2025-10-01", "category": "パーキング・チケット", "restriction1": "日曜・休日を除く", "restriction2": "１月１日〜３日を除く", "supportsTruck": false, "supportsMotorcycle": false, "supportsStandard": true, "supportsSenior": false}, "geometry": {"type": "LineString", "coordinates": [[139.826801802348, 35.7468602987091], [139.82880826883, 35.746332270594]]}}, {"type": "Feature", "properties": {"id": "13_747", "prefCode": "13", "policeStationCode": "", "name": "パーキング・メーター #747", "spaces": null, "timeLimitMinutes": 60, "feeYen": 300, "vehicleType": "standard", "operatingHours": [{"startTime": "09:00", "endTime": "19:00"}], "operatingDays": [0, 1, 2, 3, 4, 5, 6], "exclusions": [], "overlappingRegulations": [], "lastUpdated": "2025-10-01", "category": "パーキング・メーター", "restriction1": "", "restriction2": "１月１日〜３日を除く", "supportsTruck": false, "supportsMotorcycle": false, "supportsStandard": true, "supportsSenior": false}, "geometry": {"type": "MultiLineString", "coordinates": [[[139.578896045723, 35.6304114399631], [139.578751835748, 35.6305314695529], [139.577430660611, 35.6314225346501]], [[139.577460380437, 35.631453754986], [139.577945717721, 35.6311278284876], [139.578635603468, 35.6306791635363], [139.57897608179, 35.6304467946436]]]}}, {"type": "Feature", "properties": {"id": "13_751", "prefCode": "13", "policeStationCode": "", "name": "パーキング・メーター #751", "spaces": null, "timeLimitMinutes": 60, "feeYen": 300, "vehicleType": "standard", "operatingHours": [{"startTime": "09:00", "endTime": "19:00"}], "operatingDays": [1, 2, 3, 4, 5, 6], "exclusions": ["holidays", "sundays"], "overlappingRegulations": [], "lastUpdated": "2025-10-01", "category": "パーキング・メーター", "restriction1": "日曜・休日を除く", "restriction2": "１月１日〜３日を除く", "supportsTruck": false, "supportsMotorcycle": false, "supportsStandard": true, "supportsSenior": false}, "geometry": {"type": "MultiLineString", "coordinates": [[[139.730302283296, 35.7530755757109], [139.733279754846, 35.7538028090539]], [[139.733339937987, 35.7537476000435], [139.732584634388, 35.7535477139345], [139.730346124439, 35.7530159049311]]]}}, {"type": "Feature", "properties": {"id": "13_753", "prefCode": "13", "policeStationCode": "", "name": "パーキング・メーター #753", "spaces": null, "timeLimitMinutes": 60, "feeYen": 300, "vehicleType": "standard", "operatingHours": [{"startTime": "09:00", "endTime": "19:00"}], "operatingDays": [1, 2, 3, 4, 5, 6], "exclusions": ["holidays", "sundays"], "overlappingRegulations": [], "lastUpdated": "2025-10-01", "category": "パーキング・メーター", "restriction1": "日曜・休日を除く", "restriction2": "１月１日〜３日を除く", "supportsTruck": false, "supportsMotorcycle": false, "supportsStandard": true, "supportsSenior": false}, "geometry": {"type": "LineString", "coordinates": [[139.783329252103, 35.6634423688125], [139.781606384277, 35.6650369171278]]}}, {"type": "Feature", "properties": {"id": "13_755", "prefCode": "13", "policeStationCode": "", "name": "パーキング・メーター #755", "spaces": null, "timeLimitMinutes": 60, "feeYen": 300, "vehicleType": "senior", "operatingHours": [{"startTime": "09:00", "endTime": "19:00"}], "operatingDays": [1, 2, 3, 4, 5, 6], "exclusions": ["holidays", "sundays"], "overlappingRegulations": [], "lastUpdated": "2025-10-01", "category": "パーキング・メーター", "restriction1": "日曜・休日を除く", "restriction2": "１月１日〜３日を除く", "supportsTruck": false, "supportsMotorcycle": false, "supportsStandard": true, "supportsSenior": true}, "geometry": {"type": "LineString", "coordinates": [[139.782517772242, 35.6626099564849], [139.78426661355, 35.6609721090837]]}}, {"type": "Feature", "properties": {"id": "13_756", "prefCode": "13", "policeStationCode": "", "name": "パーキング・メーター #756", "spaces": null, "timeLimitMinutes": 60, "feeYen": 300, "vehicleType": "senior", "operatingHours": [{"startTime": "09:00", "endTime": "19:00"}], "operatingDays": [1, 2, 3, 4, 5, 6], "exclusions": ["holidays", "sundays"], "overlappingRegulations": [], "lastUpdated": "2025-10-01", "category": "パーキング・メーター", "restriction1": "日曜・休日を除く", "restriction2": "１月１日〜３日を除く", "supportsTruck": false, "supportsMotorcycle": false, "supportsStandard": true, "supportsSenior": true}, "geometry": {"type": "LineString", "coordinates": [[139.781526131977, 35.6618939202097], [139.782381327529, 35.6611023404957]]}}, {"type": "Feature", "properties": {"id": "13_757", "prefCode": "13", "policeStationCode": "", "name": "パーキング・メーター #757", "spaces": null, "timeLimitMinutes": 60, "feeYen": 300, "vehicleType": "standard", "operatingHours": [{"startTime": "09:00", "endTime": "19:00"}], "operatingDays": [1, 2, 3, 4, 5, 6], "exclusions": ["holidays", "sundays"], "overlappingRegulations": [], "lastUpdated": "2025-10-01", "category": "パーキング・メーター", "restriction1": "日曜・休日を除く", "restriction2": "１月１日〜３日を除く", "supportsTruck": false, "supportsMotorcycle": false, "supportsStandard": true, "supportsSenior": false}, "geometry": {"type": "LineString", "coordinates": [[139.781333003335, 35.6620073320521], [139.779629244848, 35.6636037267944]]}}, {"type": "Feature", "properties": {"id": "13_758", "prefCode": "13", "policeStationCode": "", "name": "パーキング・メーター #758", "spaces": null, "timeLimitMinutes": 60, "feeYen": 300, "vehicleType": "standard", "operatingHours": [{"startTime": "09:00", "endTime": "19:00"}], "operatingDays": [1, 2, 3, 4, 5, 6], "exclusions": ["holidays", "sundays"], "overlappingRegulations": [], "lastUpdated": "2025-10-01", "category": "パーキング・メーター", "restriction1": "日曜・休日を除く", "restriction2": "１月１日〜３日を除く", "supportsTruck": false, "supportsMotorcycle": false, "supportsStandard": true, "supportsSenior": false}, "geometry": {"type": "LineString", "coordinates": [[139.778651567909, 35.6629273794921], [139.780374924161, 35.6613308676182]]}}, {"type": "Feature", "properties": {"id": "13_759", "prefCode": "13", "policeStationCode": "", "name": "パーキング・メーター #759", "spaces": null, "timeLimitMinutes": 60, "feeYen": 300, "vehicleType": "standard", "operatingHours": [{"startTime": "09:00", "endTime": "19:00"}], "operatingDays": [1, 2, 3, 4, 5, 6], "exclusions": ["holidays", "sundays"], "overlappingRegulations": [], "lastUpdated": "2025-10-01", "category": "パーキング・メーター", "restriction1": "日曜・休日を除く", "restriction2": "１月１日〜３日を除く", "supportsTruck": true, "supportsMotorcycle": false, "supportsStandard": true, "supportsSenior": false}, "geometry": {"type": "MultiLineString", "coordinates": [[[139.749315119306, 35.6501079287151], [139.75048137248, 35.650009703146], [139.752195453875, 35.649421711815], [139.752891366487, 35.6492402411177]], [[139.75272976298, 35.6491415145495], [139.752061651241, 35.6493338008512], [139.750521282715, 35.649872963004], [139.750161765608, 35.649928072784], [139.749297162098, 35.6499936265089]]]}}, {"type": "Feature", "properties": {"id": "13_761", "prefCode": "13", "policeStationCode": "", "name": "パーキング・メーター #761", "spaces": null, "timeLimitMinutes": 60, "feeYen": 300, "vehicleType": "standard", "operatingHours": [{"startTime": "09:00", "endTime": "19:00"}], "operatingDays": [1, 2, 3, 4, 5, 6], "exclusions": ["holidays", "sundays"], "overlappingRegulations": [], "lastUpdated": "2025-10-01", "category": "パーキング・メーター", "restriction1": "日曜・休日を除く", "restriction2": "１月１日〜３日を除く", "supportsTruck": true, "supportsMotorcycle": false, "supportsStandard": true, "supportsSenior": false}, "geometry": {"type": "MultiLineString", "coordinates": [[[139.749770647145, 35.6527504052991], [139.750649972107, 35.6531041390886], [139.750886655597, 35.6531716398183], [139.751030934163, 35.6531819157468], [139.752281251822, 35.6531216271022], [139.752379164, 35.6531116148013], [139.752596217439, 35.6530141242497], [139.752881079521, 35.6528950867984], [139.753916242952, 35.6528009333062]], [[139.75389446497, 35.6527206790301], [139.752866394225, 35.6528211808875], [139.752681504694, 35.6528872707278], [139.752529025405, 35.65295051314], [139.752424007778, 35.6530010666948], [139.752299223014, 35.6530391012647], [139.751013924719, 35.6531044807651], [139.750842337585, 35.6530875562099], [139.750145638065, 35.6528109293952], [139.749761001736, 35.6526563861902]]]}}, {"type": "Feature", "properties": {"id": "13_763", "prefCode": "13", "policeStationCode": "", "name": "パーキング・メーター #763", "spaces": null, "timeLimitMinutes": 60, "feeYen": 300, "vehicleType": "standard", "operatingHours": [{"startTime": "09:00", "endTime": "19:00"}], "operatingDays": [1, 2, 3, 4, 5, 6], "exclusions": ["holidays", "sundays"], "overlappingRegulations": [], "lastUpdated": "2025-10-01", "category": "パーキング・メーター", "restriction1": "日曜・休日を除く", "restriction2": "１月１日〜３日を除く", "supportsTruck": true, "supportsMotorcycle": false, "supportsStandard": true, "supportsSenior": false}, "geometry": {"type": "MultiLineString", "coordinates": [[[139.745463345649, 35.6398023526361], [139.748741335687, 35.6391269597877]], [[139.748746831572, 35.6390578108484], [139.745443869128, 35.639738281423]]]}}, {"type": "Feature", "properties": {"id": "13_765", "prefCode": "13", "policeStationCode": "", "name": "パーキング・メーター #765", "spaces": null, "timeLimitMinutes": 60, "feeYen": 300, "vehicleType": "standard", "operatingHours": [{"startTime": "09:00", "endTime": "19:00"}], "operatingDays": [1, 2, 3, 4, 5, 6], "exclusions": ["holidays", "sundays"], "overlappingRegulations": [], "lastUpdated": "2025-10-01", "category": "パーキング・メーター", "restriction1": "日曜・休日を除く", "restriction2": "１月１日〜３日を除く", "supportsTruck": false, "supportsMotorcycle": false, "supportsStandard": true, "supportsSenior": false}, "geometry": {"type": "MultiLineString", "coordinates": [[[139.7332306396, 35.5906108575926], [139.733449559357, 35.5913692958615], [139.734576735788, 35.5951227382477]], [[139.734683838645, 35.5950927017429], [139.734451938257, 35.5943209368952], [139.734184742542, 35.5934827503228], [139.733523552551, 35.5913152955078], [139.73329880662, 35.5905913167995]]]}}, {"type": "Feature", "properties": {"id": "13_767", "prefCode": "13", "policeStationCode": "", "name": "パーキング・メーター #767", "spaces": null, "timeLimitMinutes": 60, "feeYen": 300, "vehicleType": "standard", "operatingHours": [{"startTime": "09:00", "endTime": "19:00"}], "operatingDays": [1, 2, 3, 4, 5, 6], "exclusions": ["holidays", "sundays"], "overlappingRegulations": [], "lastUpdated": "2025-10-01", "category": "パーキング・メーター", "restriction1": "日曜・休日を除く", "restriction2": "１月１日〜３日を除く", "supportsTruck": true, "supportsMotorcycle": false, "supportsStandard": true, "supportsSenior": false}, "geometry": {"type": "MultiLineString", "coordinates": [[[139.731612977115, 35.5934630846842], [139.732311664147, 35.5932917605771], [139.73258897894, 35.5932307655334], [139.732980406659, 35.5931774051467], [139.735220397631, 35.592728242962], [139.73539443621, 35.5926992759301], [139.735830461671, 35.5926439489959], [139.735896959985, 35.5926445570234]], [[139.735857110718, 35.5925585909481], [139.735365507408, 35.5926189622996], [139.735196464499, 35.5926495836], [139.732969135543, 35.5931036294753], [139.732614128374, 35.5931945902367], [139.7323021571, 35.593259495319], [139.731592814303, 35.5934356326813]]]}}, {"type": "Feature", "properties": {"id": "13_769", "prefCode": "13", "policeStationCode": "", "name": "パーキング・メーター #769", "spaces": null, "timeLimitMinutes": 60, "feeYen": 300, "vehicleType": "standard", "operatingHours": [{"startTime": "09:00", "endTime": "19:00"}], "operatingDays": [1, 2, 3, 4, 5, 6], "exclusions": ["holidays", "sundays"], "overlappingRegulations": [], "lastUpdated": "2025-10-01", "category": "パーキング・メーター", "restriction1": "日曜・休日を除く", "restriction2": "１月１日〜３日を除く", "supportsTruck": true, "supportsMotorcycle": false, "supportsStandard": true, "supportsSenior": false}, "geometry": {"type": "MultiLineString", "coordinates": [[[139.59967, 35.72557], [139.6002, 35.72556], [139.60142, 35.7257], [139.60221, 35.72593], [139.60354, 35.7265], [139.60416, 35.72682], [139.605, 35.72708], [139.60749, 35.72769], [139.60833, 35.728]], [[139.60864, 35.72803], [139.60745, 35.7276], [139.60455, 35.72689], [139.60411, 35.72671], [139.60261, 35.72601], [139.60177, 35.72572], [139.60112, 35.72557], [139.60012, 35.7255], [139.59967, 35.7255]]]}}, {"type": "Feature", "properties": {"id": "13_771", "prefCode": "13", "policeStationCode": "", "name": "パーキング・メーター #771", "spaces": null, "timeLimitMinutes": 60, "feeYen": 300, "vehicleType": "standard", "operatingHours": [{"startTime": "09:00", "endTime": "19:00"}], "operatingDays": [0, 1, 2, 3, 4, 5, 6], "exclusions": [], "overlappingRegulations": [], "lastUpdated": "2025-10-01", "category": "パーキング・メーター", "restriction1": "", "restriction2": "１月１日〜３日を除く", "supportsTruck": false, "supportsMotorcycle": false, "supportsStandard": true, "supportsSenior": false}, "geometry": {"type": "LineString", "coordinates": [[139.803880536147, 35.717755473897], [139.804011831281, 35.7187432874687], [139.804136554555, 35.7196988595392], [139.804261283547, 35.7205979373331], [139.804300732062, 35.7208279078155], [139.804464589222, 35.7227710690862], [139.804523743088, 35.7230271403513], [139.804615531683, 35.7240739756853], [139.804858745709, 35.7251138844275], [139.804950580167, 35.7261827360262]]}}, {"type": "Feature", "properties": {"id": "13_772", "prefCode": "13", "policeStationCode": "", "name": "パーキング・メーター #772", "spaces": null, "timeLimitMinutes": 60, "feeYen": 300, "vehicleType": "standard", "operatingHours": [{"startTime": "09:00", "endTime": "19:00"}], "operatingDays": [0, 1, 2, 3, 4, 5, 6], "exclusions": [], "overlappingRegulations": [], "lastUpdated": "2025-10-01", "category": "パーキング・メーター", "restriction1": "", "restriction2": "１月１日〜３日を除く", "supportsTruck": true, "supportsMotorcycle": false, "supportsStandard": true, "supportsSenior": false}, "geometry": {"type": "LineString", "coordinates": [[139.808533107457, 35.7279897381904], [139.808565982966, 35.7277116839738], [139.808474196227, 35.7272029235641], [139.80839541927, 35.7268555578558], [139.807961364804, 35.7255403557213], [139.807757400695, 35.7247684140679], [139.807448496052, 35.7231685674948], [139.806916273465, 35.7211104758114], [139.806706606636, 35.7207591946037], [139.806569193803, 35.7205835327498], [139.805318749877, 35.7194026748522], [139.804120587754, 35.7177915446357], [139.803909900029, 35.7174643158811]]}}, {"type": "Feature", "properties": {"id": "13_775", "prefCode": "13", "policeStationCode": "", "name": "パーキング・メーター #775", "spaces": null, "timeLimitMinutes": 60, "feeYen": 300, "vehicleType": "standard", "operatingHours": [{"startTime": "09:00", "endTime": "19:00"}], "operatingDays": [1, 2, 3, 4, 5, 6], "exclusions": ["holidays", "sundays"], "overlappingRegulations": [], "lastUpdated": "2025-10-01", "category": "パーキング・メーター", "restriction1": "日曜・休日を除く", "restriction2": "１月１日〜３日を除く", "supportsTruck": true, "supportsMotorcycle": false, "supportsStandard": true, "supportsSenior": false}, "geometry": {"type": "MultiLineString", "coordinates": [[[139.705611669004, 35.5733399651683], [139.70542879749, 35.5737529788411], [139.705150644046, 35.5743744467664], [139.704875016257, 35.5748600658394], [139.704830298952, 35.5749793368061], [139.704807349488, 35.5751107999477]], [[139.704890723633, 35.5751296006211], [139.704910337561, 35.5749851219815], [139.704966033673, 35.5748455044056], [139.705172494249, 35.5744940718074], [139.705224653233, 35.5743985949083], [139.705686758261, 35.5733618347473]]]}}, {"type": "Feature", "properties": {"id": "13_777", "prefCode": "13", "policeStationCode": "", "name": "パーキング・メーター #777", "spaces": null, "timeLimitMinutes": 60, "feeYen": 300, "vehicleType": "standard", "operatingHours": [{"startTime": "09:00", "endTime": "19:00"}], "operatingDays": [1, 2, 3, 4, 5, 6], "exclusions": ["holidays", "sundays"], "overlappingRegulations": [], "lastUpdated": "2025-10-01", "category": "パーキング・メーター", "restriction1": "日曜・休日を除く", "restriction2": "１月１日〜３日を除く", "supportsTruck": false, "supportsMotorcycle": false, "supportsStandard": true, "supportsSenior": false}, "geometry": {"type": "LineString", "coordinates": [[139.69137862796, 35.6491944583425], [139.691014960744, 35.6494630650769], [139.690555265786, 35.6498834484534], [139.690356636304, 35.6500699230096], [139.689871599589, 35.6505440813221], [139.689586661653, 35.6508989757993], [139.689539803195, 35.6515799240788], [139.689500271899, 35.6522720864528]]}}, {"type": "Feature", "properties": {"id": "13_778", "prefCode": "13", "policeStationCode": "", "name": "パーキング・メーター #778", "spaces": null, "timeLimitMinutes": 60, "feeYen": 300, "vehicleType": "standard", "operatingHours": [{"startTime": "09:00", "endTime": "19:00"}], "operatingDays": [1, 2, 3, 4, 5, 6], "exclusions": ["holidays", "sundays"], "overlappingRegulations": [], "lastUpdated": "2025-10-01", "category": "パーキング・メーター", "restriction1": "日曜・休日を除く", "restriction2": "１月１日〜３日を除く", "supportsTruck": false, "supportsMotorcycle": false, "supportsStandard": true, "supportsSenior": false}, "geometry": {"type": "LineString", "coordinates": [[139.689736883812, 35.6521360433327], [139.689802837307, 35.6512466061794], [139.689857497107, 35.6510179497214], [139.690036885786, 35.6507067167016], [139.690324475295, 35.6504041318494], [139.690702331413, 35.6500389508275], [139.691181429946, 35.6495982729579], [139.691513158529, 35.6493340770227]]}}, {"type": "Feature", "properties": {"id": "13_781", "prefCode": "13", "policeStationCode": "", "name": "パーキング・メーター #781", "spaces": null, "timeLimitMinutes": 60, "feeYen": 300, "vehicleType": "standard", "operatingHours": [{"startTime": "09:00", "endTime": "19:00"}], "operatingDays": [0, 1, 2, 3, 4, 5, 6], "exclusions": [], "overlappingRegulations": [], "lastUpdated": "2025-10-01", "category": "パーキング・メーター", "restriction1": "", "restriction2": "１月１日〜３日を除く", "supportsTruck": true, "supportsMotorcycle": false, "supportsStandard": true, "supportsSenior": false}, "geometry": {"type": "MultiLineString", "coordinates": [[[139.669308066465, 35.7176610392909], [139.670155093858, 35.7189405406189], [139.670580977614, 35.7199828543437], [139.670685046148, 35.7201682479536], [139.671420551433, 35.7208775181341], [139.67217487589, 35.7219345654793], [139.673613152727, 35.7233848562118]], [[139.673734146537, 35.7234016890048], [139.672275177024, 35.7219068449904], [139.671553060109, 35.7208982257819], [139.670711444075, 35.7200282567325], [139.670286097185, 35.7189532574684], [139.66937438365, 35.7175730830946]]]}}, {"type": "Feature", "properties": {"id": "13_783", "prefCode": "13", "policeStationCode": "", "name": "パーキング・メーター #783", "spaces": null, "timeLimitMinutes": 60, "feeYen": 300, "vehicleType": "standard", "operatingHours": [{"startTime": "09:00", "endTime": "19:00"}], "operatingDays": [1, 2, 3, 4, 5, 6], "exclusions": ["holidays", "sundays"], "overlappingRegulations": [], "lastUpdated": "2025-10-01", "category": "パーキング・メーター", "restriction1": "日曜・休日を除く", "restriction2": "１月１日〜３日を除く", "supportsTruck": false, "supportsMotorcycle": false, "supportsStandard": true, "supportsSenior": false}, "geometry": {"type": "MultiLineString", "coordinates": [[[139.637030813415, 35.6803514648878], [139.640193738886, 35.681145728422]], [[139.640207141525, 35.6810663420992], [139.637096869593, 35.6802667963872]]]}}, {"type": "Feature", "properties": {"id": "13_785", "prefCode": "13", "policeStationCode": "", "name": "パーキング・メーター #785", "spaces": null, "timeLimitMinutes": 60, "feeYen": 300, "vehicleType": "standard", "operatingHours": [{"startTime": "09:00", "endTime": "19:00"}], "operatingDays": [1, 2, 3, 4, 5, 6], "exclusions": ["holidays", "sundays"], "overlappingRegulations": [], "lastUpdated": "2025-10-01", "category": "パーキング・メーター", "restriction1": "日曜・休日を除く", "restriction2": "１月１日〜３日を除く", "supportsTruck": true, "supportsMotorcycle": false, "supportsStandard": true, "supportsSenior": false}, "geometry": {"type": "MultiLineString", "coordinates": [[[139.746426179425, 35.7106642649208], [139.746499000411, 35.7109365737461], [139.746500130351, 35.711059085939], [139.746503583706, 35.7111498540178], [139.746658261682, 35.7118101228584]], [[139.746779438219, 35.7117712806046], [139.746496386537, 35.7106199319644]]]}}, {"type": "Feature", "properties": {"id": "13_789", "prefCode": "13", "policeStationCode": "", "name": "パーキング・メーター #789", "spaces": null, "timeLimitMinutes": 60, "feeYen": 300, "vehicleType": "standard", "operatingHours": [{"startTime": "09:00", "endTime": "19:00"}], "operatingDays": [1, 2, 3, 4, 5, 6], "exclusions": ["holidays", "sundays"], "overlappingRegulations": [], "lastUpdated": "2025-10-01", "category": "パーキング・メーター", "restriction1": "日曜・休日を除く", "restriction2": "１月１日〜３日を除く", "supportsTruck": true, "supportsMotorcycle": false, "supportsStandard": true, "supportsSenior": false}, "geometry": {"type": "MultiLineString", "coordinates": [[[139.734866328572, 35.7192852868493], [139.734702422749, 35.7195849438874], [139.734609845161, 35.7198012669256], [139.734409993777, 35.7204189262812], [139.734163792892, 35.7211626979573], [139.734016602748, 35.7216578437289]], [[139.734110636952, 35.721680659922], [139.734235826823, 35.7212697265887], [139.734362163075, 35.7208802738843], [139.734576131479, 35.7202053804718]]]}}, {"type": "Feature", "properties": {"id": "13_791", "prefCode": "13", "policeStationCode": "", "name": "パーキング・メーター #791", "spaces": null, "timeLimitMinutes": 60, "feeYen": 300, "vehicleType": "standard", "operatingHours": [{"startTime": "09:00", "endTime": "19:00"}], "operatingDays": [1, 2, 3, 4, 5, 6], "exclusions": ["holidays", "sundays"], "overlappingRegulations": [], "lastUpdated": "2025-10-01", "category": "パーキング・メーター", "restriction1": "日曜・休日を除く", "restriction2": "１月１日〜３日を除く", "supportsTruck": false, "supportsMotorcycle": false, "supportsStandard": true, "supportsSenior": false}, "geometry": {"type": "MultiLineString", "coordinates": [[[139.680269148093, 35.733072557025], [139.680480848197, 35.7332673537981], [139.680527831227, 35.7333713686749], [139.681310994166, 35.7339803017874], [139.682376155004, 35.7348514536817], [139.683755962718, 35.7360261155232], [139.684103112805, 35.7362243501725], [139.684438042815, 35.7363694506907]], [[139.684459969284, 35.7362883990552], [139.683834034891, 35.7359596119763], [139.683011390749, 35.7352760717852], [139.681703249224, 35.7341739524473], [139.680690897323, 35.7333459730921], [139.680303021887, 35.7330233547216]]]}}, {"type": "Feature", "properties": {"id": "13_793", "prefCode": "13", "policeStationCode": "", "name": "パーキング・メーター #793", "spaces": null, "timeLimitMinutes": 60, "feeYen": 300, "vehicleType": "standard", "operatingHours": [{"startTime": "09:00", "endTime": "19:00"}], "operatingDays": [1, 2, 3, 4, 5, 6], "exclusions": ["holidays", "sundays"], "overlappingRegulations": [], "lastUpdated": "2025-10-01", "category": "パーキング・メーター", "restriction1": "日曜・休日を除く", "restriction2": "１月１日〜３日を除く", "supportsTruck": false, "supportsMotorcycle": false, "supportsStandard": true, "supportsSenior": false}, "geometry": {"type": "MultiLineString", "coordinates": [[[139.65299, 35.79066], [139.653544694443, 35.7924585264346]], [[139.653735889549, 35.7927244139967], [139.65314, 35.79062]]]}}, {"type": "Feature", "properties": {"id": "13_795", "prefCode": "13", "policeStationCode": "", "name": "パーキング・メーター #795", "spaces": null, "timeLimitMinutes": 60, "feeYen": 300, "vehicleType": "standard", "operatingHours": [{"startTime": "09:00", "endTime": "19:00"}], "operatingDays": [1, 2, 3, 4, 5, 6], "exclusions": ["holidays", "sundays"], "overlappingRegulations": [], "lastUpdated": "2025-10-01", "category": "パーキング・メーター", "restriction1": "日曜・休日を除く", "restriction2": "１月１日〜３日を除く", "supportsTruck": false, "supportsMotorcycle": false, "supportsStandard": true, "supportsSenior": false}, "geometry": {"type": "LineString", "coordinates": [[139.673653057065, 35.7868555559686], [139.672453655321, 35.786972065378], [139.670641433944, 35.787130680761]]}}, {"type": "Feature", "properties": {"id": "13_796", "prefCode": "13", "policeStationCode": "", "name": "パーキング・メーター #796", "spaces": null, "timeLimitMinutes": 60, "feeYen": 300, "vehicleType": "standard", "operatingHours": [{"startTime": "09:00", "endTime": "19:00"}], "operatingDays": [0, 1, 2, 3, 4, 5, 6], "exclusions": [], "overlappingRegulations": [], "lastUpdated": "2025-10-01", "category": "パーキング・メーター", "restriction1": "", "restriction2": "１月１日〜３日を除く", "supportsTruck": false, "supportsMotorcycle": false, "supportsStandard": true, "supportsSenior": false}, "geometry": {"type": "MultiLineString", "coordinates": [[[139.474317737355, 35.5355072640502], [139.474365263672, 35.5356599345761], [139.474403175862, 35.5358839513396], [139.474417577941, 35.5361434150407], [139.47439957263, 35.536343041568], [139.474362723755, 35.5365857159491], [139.47424754428, 35.5369560774173]], [[139.474340808102, 35.5369688420741], [139.47444620801, 35.5366345369408], [139.474496958853, 35.536344130578], [139.474511736759, 35.536146038942], [139.47450201777, 35.5359011385434], [139.474455314802, 35.5356397398882], [139.474406545919, 35.5354893175359]]]}}, {"type": "Feature", "properties": {"id": "13_800", "prefCode": "13", "policeStationCode": "", "name": "パーキング・メーター #800", "spaces": null, "timeLimitMinutes": 60, "feeYen": 300, "vehicleType": "standard", "operatingHours": [{"startTime": "09:00", "endTime": "21:00"}], "operatingDays": [0, 1, 2, 3, 4, 5, 6], "exclusions": [], "overlappingRegulations": [], "lastUpdated": "2025-10-01", "category": "パーキング・メーター", "restriction1": "", "restriction2": "１月１日〜３日を除く", "supportsTruck": true, "supportsMotorcycle": false, "supportsStandard": true, "supportsSenior": false}, "geometry": {"type": "LineString", "coordinates": [[139.768421892056, 35.6685922012115], [139.770551899272, 35.6703614769227], [139.771137085868, 35.670882699343], [139.771472953096, 35.6712071988807], [139.771517334658, 35.6713011072925], [139.771526358625, 35.671364569449]]}}, {"type": "Feature", "properties": {"id": "13_801", "prefCode": "13", "policeStationCode": "", "name": "パーキング・メーター #801", "spaces": null, "timeLimitMinutes": 60, "feeYen": 300, "vehicleType": "standard", "operatingHours": [{"startTime": "09:00", "endTime": "19:00"}], "operatingDays": [1, 2, 3, 4, 5, 6], "exclusions": ["holidays", "sundays"], "overlappingRegulations": [], "lastUpdated": "2025-10-01", "category": "パーキング・メーター", "restriction1": "日曜・休日を除く", "restriction2": "１月１日〜３日を除く", "supportsTruck": true, "supportsMotorcycle": false, "supportsStandard": true, "supportsSenior": false}, "geometry": {"type": "MultiLineString", "coordinates": [[[139.808455149958, 35.7115821941246], [139.811219429595, 35.7131987000314], [139.811424258072, 35.7133280882832], [139.813543850106, 35.7151326378439], [139.814471742312, 35.7158939575598]], [[139.814482271735, 35.7158152876285], [139.811501756022, 35.7132761791396], [139.808560794092, 35.7115705845667]]]}}, {"type": "Feature", "properties": {"id": "13_803", "prefCode": "13", "policeStationCode": "", "name": "パーキング・メーター #803", "spaces": null, "timeLimitMinutes": 60, "feeYen": 300, "vehicleType": "standard", "operatingHours": [{"startTime": "09:00", "endTime": "19:00"}], "operatingDays": [1, 2, 3, 4, 5, 6], "exclusions": ["holidays", "sundays"], "overlappingRegulations": [], "lastUpdated": "2025-10-01", "category": "パーキング・メーター", "restriction1": "日曜・休日を除く", "restriction2": "１月１日〜３日を除く", "supportsTruck": false, "supportsMotorcycle": false, "supportsStandard": true, "supportsSenior": false}, "geometry": {"type": "LineString", "coordinates": [[139.7962110923, 35.7001696028966], [139.796181748482, 35.6998024590518], [139.795342056737, 35.6992565073967], [139.794923817258, 35.6988297182449]]}}, {"type": "Feature", "properties": {"id": "13_804", "prefCode": "13", "policeStationCode": "", "name": "パーキング・メーター #804", "spaces": null, "timeLimitMinutes": 60, "feeYen": 300, "vehicleType": "standard", "operatingHours": [{"startTime": "09:30", "endTime": "19:00"}], "operatingDays": [1, 2, 3, 4, 5, 6], "exclusions": ["holidays", "sundays"], "overlappingRegulations": [], "lastUpdated": "2025-10-01", "category": "パーキング・メーター", "restriction1": "日曜・休日を除く", "restriction2": "１月１日〜３日を除く", "supportsTruck": false, "supportsMotorcycle": false, "supportsStandard": true, "supportsSenior": false}, "geometry": {"type": "MultiLineString", "coordinates": [[[139.798068678534, 35.6894217387209], [139.79772400725, 35.6930962040436], [139.797656504353, 35.6939655022479]], [[139.797783602803, 35.6940007756112], [139.798000878964, 35.6917376702988], [139.798210680015, 35.6894867291978]]]}}, {"type": "Feature", "properties": {"id": "13_806", "prefCode": "13", "policeStationCode": "", "name": "パーキング・メーター #806", "spaces": null, "timeLimitMinutes": 60, "feeYen": 300, "vehicleType": "standard", "operatingHours": [{"startTime": "09:30", "endTime": "19:00"}], "operatingDays": [1, 2, 3, 4, 5, 6], "exclusions": ["holidays", "sundays"], "overlappingRegulations": [], "lastUpdated": "2025-10-01", "category": "パーキング・メーター", "restriction1": "日曜・休日を除く", "restriction2": "１月１日〜３日を除く", "supportsTruck": true, "supportsMotorcycle": false, "supportsStandard": true, "supportsSenior": false}, "geometry": {"type": "MultiLineString", "coordinates": [[[139.797052758322, 35.7003431772595], [139.796820178432, 35.7036114094715], [139.797929666078, 35.7062991272147]], [[139.798072064728, 35.7062805482153], [139.796953796512, 35.7035244420629], [139.797179107381, 35.7003671194382]]]}}, {"type": "Feature", "properties": {"id": "13_808", "prefCode": "13", "policeStationCode": "", "name": "パーキング・メーター #808", "spaces": null, "timeLimitMinutes": 60, "feeYen": 300, "vehicleType": "standard", "operatingHours": [{"startTime": "09:00", "endTime": "19:00"}], "operatingDays": [1, 2, 3, 4, 5, 6], "exclusions": ["holidays", "sundays"], "overlappingRegulations": [], "lastUpdated": "2025-10-01", "category": "パーキング・メーター", "restriction1": "日曜・休日を除く", "restriction2": "１月１日〜３日を除く", "supportsTruck": true, "supportsMotorcycle": false, "supportsStandard": true, "supportsSenior": false}, "geometry": {"type": "LineString", "coordinates": [[139.773302496687, 35.6709527949828], [139.77379406516, 35.6707374748603], [139.774498062288, 35.6704344041717]]}}, {"type": "Feature", "properties": {"id": "13_809", "prefCode": "13", "policeStationCode": "", "name": "パーキング・メーター #809", "spaces": null, "timeLimitMinutes": 60, "feeYen": 300, "vehicleType": "standard", "operatingHours": [{"startTime": "09:00", "endTime": "19:00"}], "operatingDays": [1, 2, 3, 4, 5, 6], "exclusions": ["holidays", "sundays"], "overlappingRegulations": [], "lastUpdated": "2025-10-01", "category": "パーキング・メーター", "restriction1": "日曜・休日を除く", "restriction2": "１月１日〜３日を除く", "supportsTruck": false, "supportsMotorcycle": false, "supportsStandard": true, "supportsSenior": false}, "geometry": {"type": "MultiLineString", "coordinates": [[[139.745075821705, 35.6049409462498], [139.745297535642, 35.6066218391893], [139.745303762434, 35.6069533561213], [139.744957696776, 35.6107699187292]], [[139.745047439138, 35.6107686690624], [139.745406698869, 35.6068083551338], [139.745178745086, 35.6049595482152]]]}}, {"type": "Feature", "properties": {"id": "13_811", "prefCode": "13", "policeStationCode": "", "name": "パーキング・メーター #811", "spaces": null, "timeLimitMinutes": 60, "feeYen": 300, "vehicleType": "standard", "operatingHours": [{"startTime": "09:00", "endTime": "19:00"}], "operatingDays": [1, 2, 3, 4, 5, 6], "exclusions": ["holidays", "sundays"], "overlappingRegulations": [], "lastUpdated": "2025-10-01", "category": "パーキング・メーター", "restriction1": "日曜・休日を除く", "restriction2": "１月１日〜３日を除く", "supportsTruck": false, "supportsMotorcycle": false, "supportsStandard": true, "supportsSenior": false}, "geometry": {"type": "MultiLineString", "coordinates": [[[139.744991145212, 35.6146313790477], [139.745141076743, 35.6150516006313], [139.745615774049, 35.6162451050014], [139.74564205804, 35.6164083004051], [139.745636463581, 35.6165367119828]], [[139.745777391742, 35.6164271420658], [139.745244700984, 35.6150503697123], [139.745140638687, 35.6147702099899]]]}}, {"type": "Feature", "properties": {"id": "13_813", "prefCode": "13", "policeStationCode": "", "name": "パーキング・メーター #813", "spaces": null, "timeLimitMinutes": 60, "feeYen": 300, "vehicleType": "standard", "operatingHours": [{"startTime": "09:00", "endTime": "19:00"}], "operatingDays": [1, 2, 3, 4, 5, 6], "exclusions": ["holidays", "sundays"], "overlappingRegulations": [], "lastUpdated": "2025-10-01", "category": "パーキング・メーター", "restriction1": "日曜・休日を除く", "restriction2": "１月１日〜３日を除く", "supportsTruck": false, "supportsMotorcycle": false, "supportsStandard": true, "supportsSenior": false}, "geometry": {"type": "LineString", "coordinates": [[139.744893935058, 35.6128484447249], [139.745020874218, 35.611001800012]]}}, {"type": "Feature", "properties": {"id": "13_814", "prefCode": "13", "policeStationCode": "", "name": "パーキング・メーター #814", "spaces": null, "timeLimitMinutes": 60, "feeYen": 300, "vehicleType": "standard", "operatingHours": [{"startTime": "09:00", "endTime": "19:00"}], "operatingDays": [1, 2, 3, 4, 5, 6], "exclusions": ["holidays", "sundays"], "overlappingRegulations": [], "lastUpdated": "2025-10-01", "category": "パーキング・メーター", "restriction1": "日曜・休日を除く", "restriction2": "１月１日〜３日を除く", "supportsTruck": false, "supportsMotorcycle": false, "supportsStandard": true, "supportsSenior": false}, "geometry": {"type": "MultiLineString", "coordinates": [[[139.744695951091, 35.6191592699599], [139.744229690955, 35.6194639023382], [139.743719827781, 35.6196845804257], [139.743469597975, 35.6198440935293], [139.743153847055, 35.6200638809413], [139.742873590377, 35.6202768459071], [139.742514164945, 35.6206147261018], [139.741370769575, 35.6217341912889]], [[139.741379949801, 35.6218783342486], [139.742788579342, 35.6205051770247], [139.743039360929, 35.6202845016718], [139.743482404545, 35.6199642140094], [139.74370577338, 35.6198135856553], [139.744379017823, 35.6194624694046], [139.744767265672, 35.6191935717029]]]}}, {"type": "Feature", "properties": {"id": "13_816", "prefCode": "13", "policeStationCode": "", "name": "パーキング・メーター #816", "spaces": null, "timeLimitMinutes": 60, "feeYen": 300, "vehicleType": "standard", "operatingHours": [{"startTime": "09:00", "endTime": "19:00"}], "operatingDays": [1, 2, 3, 4, 5], "exclusions": ["holidays", "saturdays", "sundays"], "overlappingRegulations": [], "lastUpdated": "2025-10-01", "category": "パーキング・メーター", "restriction1": "土・日曜、休日を除く", "restriction2": "１月１日〜３日を除く", "supportsTruck": true, "supportsMotorcycle": false, "supportsStandard": true, "supportsSenior": false}, "geometry": {"type": "MultiLineString", "coordinates": [[[139.888935549341, 35.7249073303006], [139.888098243195, 35.727231291837], [139.887539947879, 35.7286980900189]], [[139.887596513841, 35.728761678207], [139.888166272116, 35.7272673187211], [139.888711429495, 35.7257845027294], [139.88901084115, 35.7249319850864]]]}}, {"type": "Feature", "properties": {"id": "13_818", "prefCode": "13", "policeStationCode": "", "name": "パーキング・チケット #818", "spaces": null, "timeLimitMinutes": 60, "feeYen": 300, "vehicleType": "standard", "operatingHours": [{"startTime": "09:00", "endTime": "20:00"}], "operatingDays": [1, 2, 3, 4, 5, 6], "exclusions": ["holidays", "sundays"], "overlappingRegulations": [], "lastUpdated": "2025-10-01", "category": "パーキング・チケット", "restriction1": "日曜・休日を除く", "restriction2": "１月１日〜３日を除く", "supportsTruck": true, "supportsMotorcycle": false, "supportsStandard": true, "supportsSenior": false}, "geometry": {"type": "MultiLineString", "coordinates": [[[139.691889575991, 35.6679641683054], [139.692665517123, 35.6681613409892], [139.692949045279, 35.6682299740284], [139.693106470423, 35.6682589035766], [139.693336365331, 35.6682866608579], [139.693514240855, 35.668298523261], [139.694373203514, 35.6683393412965], [139.700032840785, 35.668553417097], [139.700243746876, 35.6685814495518], [139.700634000149, 35.6686756430751], [139.700836177652, 35.6687389235906], [139.701899540693, 35.6691930276305]], [[139.701756386563, 35.6689532555803], [139.700879905457, 35.668569943029], [139.700614714269, 35.6684670679532], [139.700292523749, 35.6683898131044], [139.700092267882, 35.6683604408797], [139.69440331893, 35.6681434657518], [139.693696266235, 35.6681319229942], [139.693463040037, 35.6681240770391], [139.693229951285, 35.6680993858214], [139.693014915601, 35.6680590376677], [139.691973461208, 35.6677935353961]]]}}, {"type": "Feature", "properties": {"id": "13_820", "prefCode": "13", "policeStationCode": "", "name": "パーキング・チケット #820", "spaces": null, "timeLimitMinutes": 60, "feeYen": 300, "vehicleType": "standard", "operatingHours": [{"startTime": "09:00", "endTime": "19:00"}], "operatingDays": [1, 2, 3, 4, 5, 6], "exclusions": ["holidays", "sundays"], "overlappingRegulations": [], "lastUpdated": "2025-10-01", "category": "パーキング・チケット", "restriction1": "日曜・休日を除く", "restriction2": "１月１日〜３日を除く", "supportsTruck": false, "supportsMotorcycle": false, "supportsStandard": true, "supportsSenior": false}, "geometry": {"type": "MultiLineString", "coordinates": [[[139.70969655188, 35.7008712841897], [139.710137964544, 35.7009523684738], [139.71162389379, 35.7013670093883], [139.712371803261, 35.7014052585321], [139.712943601611, 35.7014194357283]], [[139.712916543521, 35.7013009670642], [139.71258208154, 35.7012892881003], [139.71210107115, 35.7013049277975], [139.711395054857, 35.7012234692133], [139.709690254411, 35.7007759221615]]]}}, {"type": "Feature", "properties": {"id": "13_822", "prefCode": "13", "policeStationCode": "", "name": "パーキング・チケット #822", "spaces": null, "timeLimitMinutes": 60, "feeYen": 300, "vehicleType": "standard", "operatingHours": [{"startTime": "09:00", "endTime": "19:00"}], "operatingDays": [1, 2, 3, 4, 5, 6], "exclusions": ["holidays", "sundays"], "overlappingRegulations": [], "lastUpdated": "2025-10-01", "category": "パーキング・チケット", "restriction1": "日曜・休日を除く", "restriction2": "１月１日〜３日を除く", "supportsTruck": false, "supportsMotorcycle": false, "supportsStandard": true, "supportsSenior": false}, "geometry": {"type": "LineString", "coordinates": [[139.690243590272, 35.7916823897534], [139.689432905111, 35.7920838080048], [139.688794073042, 35.792475918039], [139.688398669933, 35.7927901570558]]}}, {"type": "Feature", "properties": {"id": "13_823", "prefCode": "13", "policeStationCode": "", "name": "パーキング・メーター #823", "spaces": null, "timeLimitMinutes": 60, "feeYen": 300, "vehicleType": "standard", "operatingHours": [{"startTime": "09:00", "endTime": "19:00"}], "operatingDays": [1, 2, 3, 4, 5, 6], "exclusions": ["holidays", "sundays"], "overlappingRegulations": [], "lastUpdated": "2025-10-01", "category": "パーキング・メーター", "restriction1": "日曜・休日を除く", "restriction2": "１月１日〜３日を除く", "supportsTruck": false, "supportsMotorcycle": false, "supportsStandard": true, "supportsSenior": false}, "geometry": {"type": "LineString", "coordinates": [[139.784860196745, 35.7047456132461], [139.78680829925, 35.7047678545635], [139.787913954168, 35.7047682768574]]}}, {"type": "Feature", "properties": {"id": "13_824", "prefCode": "13", "policeStationCode": "", "name": "パーキング・メーター #824", "spaces": null, "timeLimitMinutes": 60, "feeYen": 300, "vehicleType": "standard", "operatingHours": [{"startTime": "09:00", "endTime": "19:00"}], "operatingDays": [1, 2, 3, 4, 5, 6], "exclusions": ["holidays", "sundays"], "overlappingRegulations": [], "lastUpdated": "2025-10-01", "category": "パーキング・メーター", "restriction1": "日曜・休日を除く", "restriction2": "１月１日〜３日を除く", "supportsTruck": false, "supportsMotorcycle": false, "supportsStandard": true, "supportsSenior": false}, "geometry": {"type": "MultiLineString", "coordinates": [[[139.782017405553, 35.6733022244478], [139.78077964413, 35.6746491513984]], [[139.780873769595, 35.6746759865264], [139.782118119282, 35.673312956305]]]}}, {"type": "Feature", "properties": {"id": "13_826", "prefCode": "13", "policeStationCode": "", "name": "パーキング・メーター #826", "spaces": null, "timeLimitMinutes": 60, "feeYen": 300, "vehicleType": "standard", "operatingHours": [{"startTime": "09:00", "endTime": "19:00"}], "operatingDays": [1, 2, 3, 4, 5, 6], "exclusions": ["holidays", "sundays"], "overlappingRegulations": [], "lastUpdated": "2025-10-01", "category": "パーキング・メーター", "restriction1": "日曜・休日を除く", "restriction2": "１月１日〜３日を除く", "supportsTruck": false, "supportsMotorcycle": false, "supportsStandard": true, "supportsSenior": false}, "geometry": {"type": "LineString", "coordinates": [[139.782991748916, 35.6722617334049], [139.78214246485, 35.6731793667737]]}}, {"type": "Feature", "properties": {"id": "13_827", "prefCode": "13", "policeStationCode": "", "name": "パーキング・メーター #827", "spaces": null, "timeLimitMinutes": 60, "feeYen": 300, "vehicleType": "standard", "operatingHours": [{"startTime": "09:00", "endTime": "19:00"}], "operatingDays": [1, 2, 3, 4, 5, 6], "exclusions": ["holidays", "sundays"], "overlappingRegulations": [], "lastUpdated": "2025-10-01", "category": "パーキング・メーター", "restriction1": "日曜・休日を除く", "restriction2": "１月１日〜３日を除く", "supportsTruck": true, "supportsMotorcycle": false, "supportsStandard": true, "supportsSenior": false}, "geometry": {"type": "MultiLineString", "coordinates": [[[139.776925208158, 35.6652548522672], [139.777156794492, 35.6654394849671], [139.777387875711, 35.6655723797095], [139.777478986052, 35.665643341241], [139.777853399236, 35.6659609927649], [139.777880751942, 35.6660085003589], [139.777890450789, 35.6660392180478], [139.777893487004, 35.6661148296843], [139.777870236198, 35.6661854691983]], [[139.777924122229, 35.6661930936014], [139.777942579797, 35.6661418946858], [139.777947653471, 35.6660652911315], [139.777931789436, 35.6660007041539], [139.777890046199, 35.6659311256101], [139.777555659162, 35.6656476678218], [139.77739931281, 35.6655230363707], [139.777271293797, 35.6654548053384], [139.77720142248, 35.6654062723419], [139.776985830513, 35.6652411449745]]]}}, {"type": "Feature", "properties": {"id": "13_829", "prefCode": "13", "policeStationCode": "", "name": "パーキング・チケット #829", "spaces": null, "timeLimitMinutes": 60, "feeYen": 300, "vehicleType": "standard", "operatingHours": [{"startTime": "09:00", "endTime": "19:00"}], "operatingDays": [1, 2, 3, 4, 5, 6], "exclusions": ["holidays", "sundays"], "overlappingRegulations": [], "lastUpdated": "2025-10-01", "category": "パーキング・チケット", "restriction1": "日曜・休日を除く", "restriction2": "１月１日〜３日を除く", "supportsTruck": true, "supportsMotorcycle": false, "supportsStandard": true, "supportsSenior": false}, "geometry": {"type": "MultiLineString", "coordinates": [[[139.776551853158, 35.6655539393786], [139.7766540619, 35.6655675912993], [139.776744909037, 35.6655932666917], [139.776861021041, 35.6656544345802], [139.777408388193, 35.6661630379284], [139.77761139317, 35.6664282276933]], [[139.777631247524, 35.666302358023], [139.777486723235, 35.6661075721119], [139.776946393137, 35.6656080684262], [139.77689087005, 35.6655715742867], [139.776801830754, 35.6655267526183], [139.776653562826, 35.6654777074189]]]}}, {"type": "Feature", "properties": {"id": "13_831", "prefCode": "13", "policeStationCode": "", "name": "パーキング・メーター #831", "spaces": null, "timeLimitMinutes": 60, "feeYen": 300, "vehicleType": "standard", "operatingHours": [{"startTime": "09:00", "endTime": "19:00"}], "operatingDays": [1, 2, 3, 4, 5, 6], "exclusions": ["holidays", "sundays"], "overlappingRegulations": [], "lastUpdated": "2025-10-01", "category": "パーキング・メーター", "restriction1": "日曜・休日を除く", "restriction2": "１月１日〜３日を除く", "supportsTruck": false, "supportsMotorcycle": false, "supportsStandard": true, "supportsSenior": false}, "geometry": {"type": "LineString", "coordinates": [[139.722771104135, 35.6613011883338], [139.722618984214, 35.6614406684201], [139.722065007467, 35.6618004327235], [139.721295895999, 35.6622606922023], [139.721060769386, 35.6625207103124], [139.72087658906, 35.6629805756728], [139.72065185703, 35.6636838807321], [139.720387709747, 35.6642317108433]]}}, {"type": "Feature", "properties": {"id": "13_832", "prefCode": "13", "policeStationCode": "", "name": "パーキング・メーター #832", "spaces": null, "timeLimitMinutes": 60, "feeYen": 300, "vehicleType": "standard", "operatingHours": [{"startTime": "09:00", "endTime": "19:00"}], "operatingDays": [1, 2, 3, 4, 5, 6], "exclusions": ["holidays", "sundays"], "overlappingRegulations": [], "lastUpdated": "2025-10-01", "category": "パーキング・メーター", "restriction1": "日曜・休日を除く", "restriction2": "１月１日〜３日を除く", "supportsTruck": true, "supportsMotorcycle": false, "supportsStandard": true, "supportsSenior": false}, "geometry": {"type": "MultiLineString", "coordinates": [[[139.730620843822, 35.5860552346998], [139.730015509741, 35.5870362499751], [139.729976209752, 35.5871640893771]], [[139.730008505356, 35.5871628221325], [139.730133474188, 35.5869848810763], [139.730726046655, 35.5860407295427]]]}}, {"type": "Feature", "properties": {"id": "13_834", "prefCode": "13", "policeStationCode": "", "name": "パーキング・メーター #834", "spaces": null, "timeLimitMinutes": 60, "feeYen": 300, "vehicleType": "standard", "operatingHours": [{"startTime": "09:00", "endTime": "19:00"}], "operatingDays": [1, 2, 3, 4, 5, 6], "exclusions": ["holidays", "sundays"], "overlappingRegulations": [], "lastUpdated": "2025-10-01", "category": "パーキング・メーター", "restriction1": "日曜・休日を除く", "restriction2": "１月１日〜３日を除く", "supportsTruck": false, "supportsMotorcycle": false, "supportsStandard": true, "supportsSenior": false}, "geometry": {"type": "MultiLineString", "coordinates": [[[139.713832032715, 35.7013329299489], [139.712916543521, 35.7013009670642]], [[139.712943601611, 35.7014194357283], [139.713951113678, 35.7014444094104]]]}}, {"type": "Feature", "properties": {"id": "13_836", "prefCode": "13", "policeStationCode": "", "name": "パーキング・メーター #836", "spaces": null, "timeLimitMinutes": 60, "feeYen": 300, "vehicleType": "standard", "operatingHours": [{"startTime": "09:00", "endTime": "19:00"}], "operatingDays": [1, 2, 3, 4, 5, 6], "exclusions": ["holidays", "sundays"], "overlappingRegulations": [], "lastUpdated": "2025-10-01", "category": "パーキング・メーター", "restriction1": "日曜・休日を除く", "restriction2": "１月１日〜３日を除く", "supportsTruck": false, "supportsMotorcycle": false, "supportsStandard": true, "supportsSenior": false}, "geometry": {"type": "LineString", "coordinates": [[139.714094605637, 35.7014440147582], [139.714548197998, 35.7014337393835], [139.716555303135, 35.7012263941584]]}}, {"type": "Feature", "properties": {"id": "13_837", "prefCode": "13", "policeStationCode": "", "name": "パーキング・チケット #837", "spaces": null, "timeLimitMinutes": 60, "feeYen": 300, "vehicleType": "standard", "operatingHours": [{"startTime": "09:00", "endTime": "19:00"}], "operatingDays": [1, 2, 3, 4, 5], "exclusions": ["holidays", "saturdays", "sundays"], "overlappingRegulations": [], "lastUpdated": "2025-10-01", "category": "パーキング・チケット", "restriction1": "土・日曜、休日を除く", "restriction2": "１月１日〜３日を除く", "supportsTruck": false, "supportsMotorcycle": false, "supportsStandard": true, "supportsSenior": false}, "geometry": {"type": "MultiLineString", "coordinates": [[[139.758284382776, 35.732305364699], [139.757003071768, 35.7330603856769], [139.756367229956, 35.7334448645695]], [[139.756445593519, 35.73352231686], [139.758354889137, 35.7323934584884]]]}}, {"type": "Feature", "properties": {"id": "13_839", "prefCode": "13", "policeStationCode": "", "name": "パーキング・メーター #839", "spaces": null, "timeLimitMinutes": 60, "feeYen": 300, "vehicleType": "standard", "operatingHours": [{"startTime": "09:00", "endTime": "19:00"}], "operatingDays": [1, 2, 3, 4, 5, 6], "exclusions": ["holidays", "sundays"], "overlappingRegulations": [], "lastUpdated": "2025-10-01", "category": "パーキング・メーター", "restriction1": "日曜・休日を除く", "restriction2": "１月１日〜３日を除く", "supportsTruck": true, "supportsMotorcycle": false, "supportsStandard": true, "supportsSenior": false}, "geometry": {"type": "MultiLineString", "coordinates": [[[139.72385228603, 35.7745389766287], [139.724162643629, 35.7747064882481], [139.724611081555, 35.7748784256735], [139.725059659104, 35.7749826624913], [139.725441813605, 35.7750326621208], [139.725996956125, 35.7750512554937]], [[139.726012882726, 35.7749877532978], [139.725383933311, 35.7749690465872], [139.724881942398, 35.7748867604179], [139.724447398539, 35.7747455661574], [139.72431327369, 35.774695322685], [139.723873960964, 35.7744817912785]]]}}, {"type": "Feature", "properties": {"id": "13_841", "prefCode": "13", "policeStationCode": "", "name": "パーキング・メーター #841", "spaces": null, "timeLimitMinutes": 60, "feeYen": 300, "vehicleType": "standard", "operatingHours": [{"startTime": "09:00", "endTime": "19:00"}], "operatingDays": [1, 2, 3, 4, 5, 6], "exclusions": ["holidays", "sundays"], "overlappingRegulations": [], "lastUpdated": "2025-10-01", "category": "パーキング・メーター", "restriction1": "日曜・休日を除く", "restriction2": "１月１日〜３日を除く", "supportsTruck": true, "supportsMotorcycle": false, "supportsStandard": true, "supportsSenior": false}, "geometry": {"type": "MultiLineString", "coordinates": [[[139.722746204962, 35.773445744829], [139.72287886417, 35.77369425725], [139.723144127889, 35.774019306426], [139.723487150233, 35.774313030003], [139.723736463123, 35.774475940284]], [[139.723767464718, 35.7743950809848], [139.723494552077, 35.7742267525114], [139.723232585403, 35.7739945776589], [139.723015166031, 35.7737577813742], [139.722853891149, 35.7734850775465]]]}}, {"type": "Feature", "properties": {"id": "13_843", "prefCode": "13", "policeStationCode": "", "name": "パーキング・メーター #843", "spaces": null, "timeLimitMinutes": 60, "feeYen": 300, "vehicleType": "standard", "operatingHours": [{"startTime": "09:00", "endTime": "19:00"}], "operatingDays": [1, 2, 3, 4, 5, 6], "exclusions": ["holidays", "sundays"], "overlappingRegulations": [], "lastUpdated": "2025-10-01", "category": "パーキング・メーター", "restriction1": "日曜・休日を除く", "restriction2": "１月１日〜３日を除く", "supportsTruck": true, "supportsMotorcycle": false, "supportsStandard": true, "supportsSenior": false}, "geometry": {"type": "MultiLineString", "coordinates": [[[139.722426475874, 35.7794134780891], [139.722425570308, 35.7800654943498], [139.722447310725, 35.7804233942924], [139.722428963631, 35.7816239684425]], [[139.722601407028, 35.7816149415962], [139.722609251283, 35.7799663452741], [139.722593320632, 35.7794319788467]]]}}, {"type": "Feature", "properties": {"id": "13_845", "prefCode": "13", "policeStationCode": "", "name": "パーキング・メーター #845", "spaces": null, "timeLimitMinutes": 60, "feeYen": 300, "vehicleType": "standard", "operatingHours": [{"startTime": "09:00", "endTime": "19:00"}], "operatingDays": [1, 2, 3, 4, 5, 6], "exclusions": ["holidays", "sundays"], "overlappingRegulations": [], "lastUpdated": "2025-10-01", "category": "パーキング・メーター", "restriction1": "日曜・休日を除く", "restriction2": "１月１日〜３日を除く", "supportsTruck": true, "supportsMotorcycle": false, "supportsStandard": true, "supportsSenior": false}, "geometry": {"type": "LineString", "coordinates": [[139.781483972386, 35.7208853265033], [139.782516795138, 35.7220131158211]]}}, {"type": "Feature", "properties": {"id": "13_846", "prefCode": "13", "policeStationCode": "", "name": "パーキング・メーター #846", "spaces": null, "timeLimitMinutes": 60, "feeYen": 300, "vehicleType": "standard", "operatingHours": [{"startTime": "09:00", "endTime": "19:00"}], "operatingDays": [1, 2, 3, 4, 5, 6], "exclusions": ["holidays", "sundays"], "overlappingRegulations": [], "lastUpdated": "2025-10-01", "category": "パーキング・メーター", "restriction1": "日曜・休日を除く", "restriction2": "１月１日〜３日を除く", "supportsTruck": false, "supportsMotorcycle": false, "supportsStandard": true, "supportsSenior": false}, "geometry": {"type": "LineString", "coordinates": [[139.79839469544, 35.7079727468673], [139.799644062203, 35.709558939298]]}}, {"type": "Feature", "properties": {"id": "13_851", "prefCode": "13", "policeStationCode": "", "name": "パーキング・チケット #851", "spaces": null, "timeLimitMinutes": 60, "feeYen": 300, "vehicleType": "standard", "operatingHours": [{"startTime": "09:00", "endTime": "19:00"}], "operatingDays": [0, 1, 2, 3, 4, 5, 6], "exclusions": [], "overlappingRegulations": [], "lastUpdated": "2025-10-01", "category": "パーキング・チケット", "restriction1": "", "restriction2": "１月１日〜３日を除く", "supportsTruck": true, "supportsMotorcycle": false, "supportsStandard": true, "supportsSenior": false}, "geometry": {"type": "MultiLineString", "coordinates": [[[139.419556027385, 35.6931064726126], [139.420399213184, 35.6928047267654]], [[139.420377202325, 35.6927262510329], [139.419517825152, 35.6930320996679]]]}}, {"type": "Feature", "properties": {"id": "13_853", "prefCode": "13", "policeStationCode": "", "name": "パーキング・メーター #853", "spaces": null, "timeLimitMinutes": 60, "feeYen": 300, "vehicleType": "standard", "operatingHours": [{"startTime": "09:00", "endTime": "19:00"}], "operatingDays": [0, 1, 2, 3, 4, 5, 6], "exclusions": [], "overlappingRegulations": [], "lastUpdated": "2025-10-01", "category": "パーキング・メーター", "restriction1": "", "restriction2": "１月１日〜３日を除く", "supportsTruck": true, "supportsMotorcycle": false, "supportsStandard": true, "supportsSenior": false}, "geometry": {"type": "MultiLineString", "coordinates": [[[139.42545437515, 35.6916558820621], [139.425523444234, 35.6918832671439], [139.425584994415, 35.6922561433722], [139.426001521038, 35.6946457527498], [139.426270112107, 35.696124603841]], [[139.426361103275, 35.6961172628047], [139.426093266145, 35.6946130450809], [139.42567908299, 35.692241219421], [139.425618340171, 35.6918819158794], [139.425547044679, 35.6916534225138]]]}}, {"type": "Feature", "properties": {"id": "13_855", "prefCode": "13", "policeStationCode": "", "name": "パーキング・メーター #855", "spaces": null, "timeLimitMinutes": 60, "feeYen": 300, "vehicleType": "standard", "operatingHours": [{"startTime": "09:00", "endTime": "19:00"}], "operatingDays": [0, 1, 2, 3, 4, 5, 6], "exclusions": [], "overlappingRegulations": [], "lastUpdated": "2025-10-01", "category": "パーキング・メーター", "restriction1": "", "restriction2": "１月１日〜３日を除く", "supportsTruck": true, "supportsMotorcycle": false, "supportsStandard": true, "supportsSenior": false}, "geometry": {"type": "MultiLineString", "coordinates": [[[139.483864423967, 35.701677855151], [139.484112502715, 35.70204137006], [139.484410211415, 35.7025009046252], [139.484759980962, 35.7031224096285], [139.485146768812, 35.7038867106553], [139.485470823198, 35.704520307851]], [[139.485555484805, 35.7044862769455], [139.485239437717, 35.7038806864732], [139.484850430221, 35.7031185146485], [139.484503444874, 35.7024911285611], [139.484197886214, 35.7020191971439], [139.483942996178, 35.7016390558234]]]}}, {"type": "Feature", "properties": {"id": "13_857", "prefCode": "13", "policeStationCode": "", "name": "パーキング・メーター #857", "spaces": null, "timeLimitMinutes": 60, "feeYen": 300, "vehicleType": "standard", "operatingHours": [{"startTime": "09:00", "endTime": "19:00"}], "operatingDays": [0, 1, 2, 3, 4, 5, 6], "exclusions": [], "overlappingRegulations": [], "lastUpdated": "2025-10-01", "category": "パーキング・メーター", "restriction1": "", "restriction2": "１月１日〜３日を除く", "supportsTruck": false, "supportsMotorcycle": false, "supportsStandard": true, "supportsSenior": false}, "geometry": {"type": "MultiLineString", "coordinates": [[[139.474025146323, 35.5370393308809], [139.471898041954, 35.5368639708498], [139.471555506542, 35.5368563983496], [139.471365477919, 35.5368796917221], [139.470708094336, 35.5370332737307], [139.469733980988, 35.5372810104883], [139.468813670623, 35.5375016896669], [139.468525537708, 35.5375515716194]], [[139.46852559093, 35.5376277294097], [139.468880199006, 35.5375629822431], [139.469874047515, 35.5373250157545], [139.470737594783, 35.5371022544031], [139.471375779063, 35.5369583983274], [139.47155052625, 35.5369333417448], [139.471890056809, 35.5369424772882], [139.474049389315, 35.5371177512074]]]}}, {"type": "Feature", "properties": {"id": "13_859", "prefCode": "13", "policeStationCode": "", "name": "パーキング・メーター #859", "spaces": null, "timeLimitMinutes": 60, "feeYen": 300, "vehicleType": "standard", "operatingHours": [{"startTime": "09:00", "endTime": "19:00"}], "operatingDays": [1, 2, 3, 4, 5, 6], "exclusions": ["holidays", "sundays"], "overlappingRegulations": [], "lastUpdated": "2025-10-01", "category": "パーキング・メーター", "restriction1": "日曜・休日を除く", "restriction2": "１月１日〜３日を除く", "supportsTruck": false, "supportsMotorcycle": false, "supportsStandard": true, "supportsSenior": false}, "geometry": {"type": "LineString", "coordinates": [[139.784917354459, 35.7083232600526], [139.782284404482, 35.7085476423647]]}}, {"type": "Feature", "properties": {"id": "13_860", "prefCode": "13", "policeStationCode": "", "name": "パーキング・メーター #860", "spaces": null, "timeLimitMinutes": 60, "feeYen": 300, "vehicleType": "standard", "operatingHours": [{"startTime": "09:00", "endTime": "19:00"}], "operatingDays": [1, 2, 3, 4, 5, 6], "exclusions": ["holidays", "sundays"], "overlappingRegulations": [], "lastUpdated": "2025-10-01", "category": "パーキング・メーター", "restriction1": "日曜・休日を除く", "restriction2": "１月１日〜３日を除く", "supportsTruck": false, "supportsMotorcycle": false, "supportsStandard": true, "supportsSenior": false}, "geometry": {"type": "MultiLineString", "coordinates": [[[139.73050971527, 35.5917618882661], [139.731093952413, 35.5914530972364], [139.731357540777, 35.5912627157331], [139.731639711616, 35.5910983140327], [139.731800184992, 35.5910172477703], [139.732013210592, 35.5909242822809], [139.734227674677, 35.5903354868899], [139.734618562935, 35.5902500161911], [139.735479714322, 35.5901295694416]], [[139.735449682238, 35.5900426152691], [139.734590000591, 35.5901624748446], [139.734365564524, 35.5902079456939], [139.733603317629, 35.5904219398451], [139.732031750828, 35.5908494642453], [139.731691493458, 35.5909953897241], [139.731134087559, 35.591299338031], [139.730492195145, 35.5916239079292]]]}}, {"type": "Feature", "properties": {"id": "13_862", "prefCode": "13", "policeStationCode": "", "name": "パーキング・メーター #862", "spaces": null, "timeLimitMinutes": 60, "feeYen": 300, "vehicleType": "standard", "operatingHours": [{"startTime": "09:00", "endTime": "19:00"}], "operatingDays": [1, 2, 3, 4, 5, 6], "exclusions": ["holidays", "sundays"], "overlappingRegulations": [], "lastUpdated": "2025-10-01", "category": "パーキング・メーター", "restriction1": "日曜・休日を除く", "restriction2": "１月１日〜３日を除く", "supportsTruck": true, "supportsMotorcycle": false, "supportsStandard": true, "supportsSenior": false}, "geometry": {"type": "MultiLineString", "coordinates": [[[139.819901579976, 35.694148060822], [139.819788692931, 35.6957602588804]], [[139.819900874674, 35.6957707751772], [139.820021219308, 35.694147018593]]]}}, {"type": "Feature", "properties": {"id": "13_865", "prefCode": "13", "policeStationCode": "", "name": "パーキング・メーター #865", "spaces": null, "timeLimitMinutes": 60, "feeYen": 300, "vehicleType": "standard", "operatingHours": [{"startTime": "09:00", "endTime": "19:00"}], "operatingDays": [1, 2, 3, 4, 5], "exclusions": ["holidays", "saturdays", "sundays"], "overlappingRegulations": [], "lastUpdated": "2025-10-01", "category": "パーキング・メーター", "restriction1": "土・日曜、休日を除く", "restriction2": "１月１日〜３日を除く", "supportsTruck": true, "supportsMotorcycle": false, "supportsStandard": true, "supportsSenior": false}, "geometry": {"type": "MultiLineString", "coordinates": [[[139.754875697111, 35.7397621921873], [139.755277083563, 35.7393337288764], [139.755487385652, 35.7389754733307], [139.755770961009, 35.7383158195109]], [[139.75569977508, 35.7382142958017], [139.755336500601, 35.739079039126], [139.755223567842, 35.7392520202353], [139.754794587045, 35.7397139880997]]]}}, {"type": "Feature", "properties": {"id": "13_867", "prefCode": "13", "policeStationCode": "", "name": "パーキング・メーター #867", "spaces": null, "timeLimitMinutes": 60, "feeYen": 300, "vehicleType": "standard", "operatingHours": [{"startTime": "09:00", "endTime": "19:00"}], "operatingDays": [1, 2, 3, 4, 5, 6], "exclusions": ["holidays", "sundays"], "overlappingRegulations": [], "lastUpdated": "2025-10-01", "category": "パーキング・メーター", "restriction1": "日曜・休日を除く", "restriction2": "１月１日〜３日を除く", "supportsTruck": false, "supportsMotorcycle": false, "supportsStandard": true, "supportsSenior": false}, "geometry": {"type": "MultiLineString", "coordinates": [[[139.776491324779, 35.7026429454347], [139.777091737171, 35.7025985521467], [139.77724563218, 35.7025831491165], [139.778474452922, 35.7025029155227], [139.778614243538, 35.7024943934709], [139.7808956636, 35.702299793189]], [[139.780852029602, 35.7021673856808], [139.779789175676, 35.7022611775823], [139.77844622053, 35.7023650022097], [139.777766595106, 35.7024072316174], [139.776467513295, 35.7025033004343]]]}}, {"type": "Feature", "properties": {"id": "13_869", "prefCode": "13", "policeStationCode": "", "name": "パーキング・メーター #869", "spaces": null, "timeLimitMinutes": 60, "feeYen": 300, "vehicleType": "standard", "operatingHours": [{"startTime": "09:00", "endTime": "19:00"}], "operatingDays": [1, 2, 3, 4, 5, 6], "exclusions": ["holidays", "sundays"], "overlappingRegulations": [], "lastUpdated": "2025-10-01", "category": "パーキング・メーター", "restriction1": "日曜・休日を除く", "restriction2": "１月１日〜３日を除く", "supportsTruck": true, "supportsMotorcycle": false, "supportsStandard": true, "supportsSenior": false}, "geometry": {"type": "LineString", "coordinates": [[139.730676259056, 35.6897388283334], [139.730782024214, 35.6898094176463], [139.730947030958, 35.6898730650447], [139.731412157205, 35.6900257440209], [139.732320638497, 35.6902682757153], [139.733122434876, 35.6909410783629], [139.733768695373, 35.6914395582378], [139.733835988489, 35.6915288859227]]}}, {"type": "Feature", "properties": {"id": "13_870", "prefCode": "13", "policeStationCode": "", "name": "パーキング・メーター #870", "spaces": null, "timeLimitMinutes": 60, "feeYen": 300, "vehicleType": "standard", "operatingHours": [{"startTime": "09:00", "endTime": "19:00"}], "operatingDays": [1, 2, 3, 4, 5, 6], "exclusions": ["holidays", "sundays"], "overlappingRegulations": [], "lastUpdated": "2025-10-01", "category": "パーキング・メーター", "restriction1": "日曜・休日を除く", "restriction2": "１月１日〜３日を除く", "supportsTruck": true, "supportsMotorcycle": false, "supportsStandard": true, "supportsSenior": false}, "geometry": {"type": "MultiLineString", "coordinates": [[[139.819595106615, 35.6982175040712], [139.819370815977, 35.7013263047171]], [[139.819453177201, 35.7013191343839], [139.819692377055, 35.6982346705136]]]}}, {"type": "Feature", "properties": {"id": "13_874", "prefCode": "13", "policeStationCode": "", "name": "パーキング・メーター #874", "spaces": null, "timeLimitMinutes": 60, "feeYen": 300, "vehicleType": "standard", "operatingHours": [{"startTime": "09:00", "endTime": "19:00"}], "operatingDays": [1, 2, 3, 4, 5, 6], "exclusions": ["holidays", "sundays"], "overlappingRegulations": [], "lastUpdated": "2025-10-01", "category": "パーキング・メーター", "restriction1": "日曜・休日を除く", "restriction2": "１月１日〜３日を除く", "supportsTruck": true, "supportsMotorcycle": false, "supportsStandard": true, "supportsSenior": false}, "geometry": {"type": "MultiLineString", "coordinates": [[[139.776807954989, 35.6747369799385], [139.777223964699, 35.6754232412887], [139.779967243299, 35.6798328779006]], [[139.780136838482, 35.67971498958], [139.777438955935, 35.6753853830045], [139.777044681424, 35.6747402184921]]]}}, {"type": "Feature", "properties": {"id": "13_876", "prefCode": "13", "policeStationCode": "", "name": "パーキング・メーター #876", "spaces": null, "timeLimitMinutes": 60, "feeYen": 300, "vehicleType": "standard", "operatingHours": [{"startTime": "09:00", "endTime": "19:00"}], "operatingDays": [1, 2, 3, 4, 5, 6], "exclusions": ["holidays", "sundays"], "overlappingRegulations": [], "lastUpdated": "2025-10-01", "category": "パーキング・メーター", "restriction1": "日曜・休日を除く", "restriction2": "１月１日〜３日を除く", "supportsTruck": false, "supportsMotorcycle": false, "supportsStandard": true, "supportsSenior": false}, "geometry": {"type": "LineString", "coordinates": [[139.81491258932, 35.6708114563229], [139.816239700439, 35.6708603227383]]}}, {"type": "Feature", "properties": {"id": "13_877", "prefCode": "13", "policeStationCode": "", "name": "パーキング・メーター #877", "spaces": null, "timeLimitMinutes": 60, "feeYen": 300, "vehicleType": "standard", "operatingHours": [{"startTime": "09:00", "endTime": "19:00"}], "operatingDays": [1, 2, 3, 4, 5, 6], "exclusions": ["holidays", "sundays"], "overlappingRegulations": [], "lastUpdated": "2025-10-01", "category": "パーキング・メーター", "restriction1": "日曜・休日を除く", "restriction2": "１月１日〜３日を除く", "supportsTruck": true, "supportsMotorcycle": false, "supportsStandard": true, "supportsSenior": false}, "geometry": {"type": "LineString", "coordinates": [[139.816500688536, 35.6708725286935], [139.819572434395, 35.670994595683]]}}, {"type": "Feature", "properties": {"id": "13_879", "prefCode": "13", "policeStationCode": "", "name": "パーキング・メーター #879", "spaces": null, "timeLimitMinutes": 60, "feeYen": 300, "vehicleType": "standard", "operatingHours": [{"startTime": "09:00", "endTime": "19:00"}], "operatingDays": [1, 2, 3, 4, 5, 6], "exclusions": ["holidays", "sundays"], "overlappingRegulations": [], "lastUpdated": "2025-10-01", "category": "パーキング・メーター", "restriction1": "日曜・休日を除く", "restriction2": "１月１日〜３日を除く", "supportsTruck": false, "supportsMotorcycle": false, "supportsStandard": true, "supportsSenior": false}, "geometry": {"type": "MultiLineString", "coordinates": [[[139.677890223625, 35.6473598415091], [139.677753364036, 35.6476460146523], [139.677678223008, 35.6479384606465], [139.677668694689, 35.6481709617862], [139.677682520945, 35.6484127315456]], [[139.677783258414, 35.6484037731194], [139.677770318322, 35.6481706011993], [139.677771422156, 35.6479572481727], [139.67784360478, 35.6476697695794], [139.677962480037, 35.6474125729482]]]}}, {"type": "Feature", "properties": {"id": "13_881", "prefCode": "13", "policeStationCode": "", "name": "パーキング・メーター #881", "spaces": null, "timeLimitMinutes": 60, "feeYen": 300, "vehicleType": "standard", "operatingHours": [{"startTime": "09:00", "endTime": "19:00"}], "operatingDays": [1, 2, 3, 4, 5, 6], "exclusions": ["holidays", "sundays"], "overlappingRegulations": [], "lastUpdated": "2025-10-01", "category": "パーキング・メーター", "restriction1": "日曜・休日を除く", "restriction2": "１月１日〜３日を除く", "supportsTruck": false, "supportsMotorcycle": false, "supportsStandard": true, "supportsSenior": false}, "geometry": {"type": "MultiLineString", "coordinates": [[[139.745268087241, 35.6146777637512], [139.747653001964, 35.6154688132167]], [[139.747638256035, 35.6153835202244], [139.7451230611, 35.6145557820613]]]}}, {"type": "Feature", "properties": {"id": "13_883", "prefCode": "13", "policeStationCode": "", "name": "パーキング・メーター #883", "spaces": null, "timeLimitMinutes": 60, "feeYen": 300, "vehicleType": "standard", "operatingHours": [{"startTime": "09:00", "endTime": "19:00"}], "operatingDays": [1, 2, 3, 4, 5, 6], "exclusions": ["holidays", "sundays"], "overlappingRegulations": [], "lastUpdated": "2025-10-01", "category": "パーキング・メーター", "restriction1": "日曜・休日を除く", "restriction2": "１月１日〜３日を除く", "supportsTruck": false, "supportsMotorcycle": false, "supportsStandard": true, "supportsSenior": false}, "geometry": {"type": "MultiLineString", "coordinates": [[[139.745955802967, 35.6165650691009], [139.747572280859, 35.6169754156613]], [[139.747598686447, 35.6168960184263], [139.745784624436, 35.6164330298667]]]}}, {"type": "Feature", "properties": {"id": "13_885", "prefCode": "13", "policeStationCode": "", "name": "パーキング・メーター #885", "spaces": null, "timeLimitMinutes": 60, "feeYen": 300, "vehicleType": "standard", "operatingHours": [{"startTime": "09:00", "endTime": "19:00"}], "operatingDays": [1, 2, 3, 4, 5, 6], "exclusions": ["holidays", "sundays"], "overlappingRegulations": [], "lastUpdated": "2025-10-01", "category": "パーキング・メーター", "restriction1": "日曜・休日を除く", "restriction2": "１月１日〜３日を除く", "supportsTruck": false, "supportsMotorcycle": false, "supportsStandard": true, "supportsSenior": false}, "geometry": {"type": "MultiLineString", "coordinates": [[[139.715801255317, 35.6877780478526], [139.715603398419, 35.6883511193963], [139.71558867603, 35.6894140126961], [139.715475644308, 35.689748737945], [139.714815395216, 35.690812037014], [139.71451725279, 35.6912367508061]], [[139.714676644013, 35.6912602211912], [139.715382297181, 35.690219163779], [139.715665416381, 35.6896998261165], [139.715764057609, 35.6893636327946], [139.715751787882, 35.6887685426559], [139.715778760258, 35.688380844412], [139.715990587359, 35.6877037918035]]]}}, {"type": "Feature", "properties": {"id": "13_887", "prefCode": "13", "policeStationCode": "", "name": "パーキング・メーター #887", "spaces": null, "timeLimitMinutes": 60, "feeYen": 300, "vehicleType": "standard", "operatingHours": [{"startTime": "09:00", "endTime": "19:00"}], "operatingDays": [1, 2, 3, 4, 5, 6], "exclusions": ["holidays", "sundays"], "overlappingRegulations": [], "lastUpdated": "2025-10-01", "category": "パーキング・メーター", "restriction1": "日曜・休日を除く", "restriction2": "１月１日〜３日を除く", "supportsTruck": false, "supportsMotorcycle": false, "supportsStandard": true, "supportsSenior": false}, "geometry": {"type": "MultiLineString", "coordinates": [[[139.633624097574, 35.7355199069295], [139.634993014056, 35.735731522745], [139.638244431292, 35.7361931330337]], [[139.638287164848, 35.7360982557209], [139.63593713891, 35.7357937744399], [139.633501738605, 35.7354085758038]]]}}, {"type": "Feature", "properties": {"id": "13_890", "prefCode": "13", "policeStationCode": "", "name": "パーキング・メーター #890", "spaces": null, "timeLimitMinutes": 60, "feeYen": 300, "vehicleType": "standard", "operatingHours": [{"startTime": "09:00", "endTime": "19:00"}], "operatingDays": [1, 2, 3, 4, 5, 6], "exclusions": ["holidays", "sundays"], "overlappingRegulations": [], "lastUpdated": "2025-10-01", "category": "パーキング・メーター", "restriction1": "日曜・休日を除く", "restriction2": "１月１日〜３日を除く", "supportsTruck": true, "supportsMotorcycle": false, "supportsStandard": true, "supportsSenior": false}, "geometry": {"type": "MultiLineString", "coordinates": [[[139.772051207359, 35.6677557977079], [139.774228111316, 35.6695182449887], [139.775063822333, 35.6704695415274], [139.776029796478, 35.6729188401026]], [[139.776264585242, 35.6729282816632], [139.775733307168, 35.671581535226], [139.775274195786, 35.6704027940814], [139.77443480108, 35.6694928659679], [139.774159852016, 35.6692366020413], [139.772172322791, 35.6676184976314]]]}}, {"type": "Feature", "properties": {"id": "13_892", "prefCode": "13", "policeStationCode": "", "name": "パーキング・メーター #892", "spaces": null, "timeLimitMinutes": 60, "feeYen": 300, "vehicleType": "standard", "operatingHours": [{"startTime": "09:00", "endTime": "19:00"}], "operatingDays": [1, 2, 3, 4, 5, 6], "exclusions": ["holidays", "sundays"], "overlappingRegulations": [], "lastUpdated": "2025-10-01", "category": "パーキング・メーター", "restriction1": "日曜・休日を除く", "restriction2": "１月１日〜３日を除く", "supportsTruck": false, "supportsMotorcycle": false, "supportsStandard": true, "supportsSenior": false}, "geometry": {"type": "MultiLineString", "coordinates": [[[139.86882442809, 35.6682519700717], [139.868683853466, 35.667817655078], [139.868144499941, 35.6660535186322]], [[139.868052475354, 35.6660466415941], [139.868614165351, 35.6678832657329], [139.868695114825, 35.6682701490559]]]}}, {"type": "Feature", "properties": {"id": "13_894", "prefCode": "13", "policeStationCode": "", "name": "パーキング・メーター #894", "spaces": null, "timeLimitMinutes": 60, "feeYen": 300, "vehicleType": "standard", "operatingHours": [{"startTime": "09:00", "endTime": "19:00"}], "operatingDays": [1, 2, 3, 4, 5, 6], "exclusions": ["holidays", "sundays"], "overlappingRegulations": [], "lastUpdated": "2025-10-01", "category": "パーキング・メーター", "restriction1": "日曜・休日を除く", "restriction2": "１月１日〜３日を除く", "supportsTruck": true, "supportsMotorcycle": false, "supportsStandard": true, "supportsSenior": false}, "geometry": {"type": "MultiLineString", "coordinates": [[[139.867391380602, 35.6634735606602], [139.867671275192, 35.6646491918921], [139.867815805098, 35.6652682352677], [139.86803056145, 35.6659653906722]], [[139.868124932032, 35.6659764193944], [139.867922925097, 35.6653160561773], [139.867757995853, 35.6646666518133], [139.867626864941, 35.6641251989997], [139.867455579607, 35.6633475154507]]]}}, {"type": "Feature", "properties": {"id": "13_896", "prefCode": "13", "policeStationCode": "", "name": "パーキング・メーター #896", "spaces": null, "timeLimitMinutes": 60, "feeYen": 300, "vehicleType": "standard", "operatingHours": [{"startTime": "09:00", "endTime": "19:00"}], "operatingDays": [1, 2, 3, 4, 5, 6], "exclusions": ["holidays", "sundays"], "overlappingRegulations": [], "lastUpdated": "2025-10-01", "category": "パーキング・メーター", "restriction1": "日曜・休日を除く", "restriction2": "１月１日〜３日を除く", "supportsTruck": true, "supportsMotorcycle": false, "supportsStandard": true, "supportsSenior": false}, "geometry": {"type": "MultiLineString", "coordinates": [[[139.86693325293, 35.6613848569734], [139.867350465186, 35.6632744739586]], [[139.867433985545, 35.6632480833175], [139.867014443888, 35.6613861477345]]]}}, {"type": "Feature", "properties": {"id": "13_898", "prefCode": "13", "policeStationCode": "", "name": "パーキング・メーター #898", "spaces": null, "timeLimitMinutes": 60, "feeYen": 300, "vehicleType": "standard", "operatingHours": [{"startTime": "09:00", "endTime": "19:00"}], "operatingDays": [1, 2, 3, 4, 5, 6], "exclusions": ["holidays", "sundays"], "overlappingRegulations": [], "lastUpdated": "2025-10-01", "category": "パーキング・メーター", "restriction1": "日曜・休日を除く", "restriction2": "１月１日〜３日を除く", "supportsTruck": false, "supportsMotorcycle": false, "supportsStandard": true, "supportsSenior": false}, "geometry": {"type": "MultiLineString", "coordinates": [[[139.747952381548, 35.6155521677696], [139.748740533559, 35.6157676841044], [139.750340547167, 35.6162613471282]], [[139.750312615738, 35.6161608894474], [139.748765745304, 35.6156953977198], [139.747997249576, 35.6154785777215]]]}}, {"type": "Feature", "properties": {"id": "13_900", "prefCode": "13", "policeStationCode": "", "name": "パーキング・メーター #900", "spaces": null, "timeLimitMinutes": 60, "feeYen": 300, "vehicleType": "standard", "operatingHours": [{"startTime": "09:00", "endTime": "19:00"}], "operatingDays": [1, 2, 3, 4, 5, 6], "exclusions": ["holidays", "sundays"], "overlappingRegulations": [], "lastUpdated": "2025-10-01", "category": "パーキング・メーター", "restriction1": "日曜・休日を除く", "restriction2": "１月１日〜３日を除く", "supportsTruck": true, "supportsMotorcycle": false, "supportsStandard": true, "supportsSenior": false}, "geometry": {"type": "MultiLineString", "coordinates": [[[139.747337925962, 35.6177606522183], [139.746746960182, 35.619359651705], [139.746298185138, 35.6202710492345]], [[139.746423024261, 35.6204054407948], [139.747019534155, 35.6191667983994], [139.747500111115, 35.6178376256811]]]}}, {"type": "Feature", "properties": {"id": "13_902", "prefCode": "13", "policeStationCode": "", "name": "パーキング・チケット #902", "spaces": null, "timeLimitMinutes": 60, "feeYen": 300, "vehicleType": "standard", "operatingHours": [{"startTime": "09:00", "endTime": "19:00"}], "operatingDays": [1, 2, 3, 4, 5, 6], "exclusions": ["holidays", "sundays"], "overlappingRegulations": [], "lastUpdated": "2025-10-01", "category": "パーキング・チケット", "restriction1": "日曜・休日を除く", "restriction2": "１月１日〜３日を除く", "supportsTruck": false, "supportsMotorcycle": false, "supportsStandard": true, "supportsSenior": false}, "geometry": {"type": "MultiLineString", "coordinates": [[[139.703504676708, 35.6392327271099], [139.702585392847, 35.6402859781637], [139.700846618827, 35.6423630839544]], [[139.700870787039, 35.6427504493049], [139.702027888039, 35.6413606463771], [139.703497188594, 35.639513568691]]]}}, {"type": "Feature", "properties": {"id": "13_906", "prefCode": "13", "policeStationCode": "", "name": "パーキング・メーター #906", "spaces": null, "timeLimitMinutes": 60, "feeYen": 300, "vehicleType": "standard", "operatingHours": [{"startTime": "09:00", "endTime": "19:00"}], "operatingDays": [1, 2, 3, 4, 5, 6], "exclusions": ["holidays", "sundays"], "overlappingRegulations": [], "lastUpdated": "2025-10-01", "category": "パーキング・メーター", "restriction1": "日曜・休日を除く", "restriction2": "１月１日〜３日を除く", "supportsTruck": true, "supportsMotorcycle": false, "supportsStandard": true, "supportsSenior": false}, "geometry": {"type": "MultiLineString", "coordinates": [[[139.789443694819, 35.7265028393256], [139.789470991612, 35.7247432364638], [139.789439042447, 35.7229841707379], [139.789400417508, 35.7213924701302]], [[139.789343517916, 35.7214028762652], [139.789375390623, 35.7233022347043], [139.789393852778, 35.725650574634], [139.789354523941, 35.726519886812]]]}}, {"type": "Feature", "properties": {"id": "13_908", "prefCode": "13", "policeStationCode": "", "name": "パーキング・メーター #908", "spaces": null, "timeLimitMinutes": 60, "feeYen": 300, "vehicleType": "standard", "operatingHours": [{"startTime": "09:00", "endTime": "19:00"}], "operatingDays": [1, 2, 3, 4, 5, 6], "exclusions": ["holidays", "sundays"], "overlappingRegulations": [], "lastUpdated": "2025-10-01", "category": "パーキング・メーター", "restriction1": "日曜・休日を除く", "restriction2": "１月１日〜３日を除く", "supportsTruck": false, "supportsMotorcycle": false, "supportsStandard": true, "supportsSenior": false}, "geometry": {"type": "LineString", "coordinates": [[139.789560466835, 35.7190293826249], [139.789429230023, 35.7182616636137]]}}, {"type": "Feature", "properties": {"id": "13_909", "prefCode": "13", "policeStationCode": "", "name": "パーキング・メーター #909", "spaces": null, "timeLimitMinutes": 60, "feeYen": 300, "vehicleType": "standard", "operatingHours": [{"startTime": "09:00", "endTime": "19:00"}], "operatingDays": [1, 2, 3, 4, 5, 6], "exclusions": ["holidays", "sundays"], "overlappingRegulations": [], "lastUpdated": "2025-10-01", "category": "パーキング・メーター", "restriction1": "日曜・休日を除く", "restriction2": "１月１日〜３日を除く", "supportsTruck": false, "supportsMotorcycle": false, "supportsStandard": true, "supportsSenior": false}, "geometry": {"type": "MultiLineString", "coordinates": [[[139.780079921286, 35.6978557514321], [139.780201023338, 35.6985991626544], [139.780294241161, 35.6990822881602], [139.780470332079, 35.7000638486531], [139.780654098258, 35.7010572552664], [139.780748783873, 35.701546957802], [139.780874900719, 35.7021569310628]], [[139.781001961991, 35.7020630482965], [139.780780141527, 35.7010360831163], [139.780631437807, 35.70016461029], [139.780482812515, 35.6992366268804], [139.78024558154, 35.6978994379265]]]}}, {"type": "Feature", "properties": {"id": "13_911", "prefCode": "13", "policeStationCode": "", "name": "パーキング・メーター #911", "spaces": null, "timeLimitMinutes": 60, "feeYen": 300, "vehicleType": "standard", "operatingHours": [{"startTime": "09:00", "endTime": "19:00"}], "operatingDays": [1, 2, 3, 4, 5, 6], "exclusions": ["holidays", "sundays"], "overlappingRegulations": [], "lastUpdated": "2025-10-01", "category": "パーキング・メーター", "restriction1": "日曜・休日を除く", "restriction2": "１月１日〜３日を除く", "supportsTruck": false, "supportsMotorcycle": false, "supportsStandard": true, "supportsSenior": false}, "geometry": {"type": "LineString", "coordinates": [[139.786859580826, 35.7106952366979], [139.786900562456, 35.7110834538398], [139.787005157518, 35.7123343526545], [139.787234156629, 35.714728674008]]}}, {"type": "Feature", "properties": {"id": "13_912", "prefCode": "13", "policeStationCode": "", "name": "パーキング・メーター #912", "spaces": null, "timeLimitMinutes": 60, "feeYen": 300, "vehicleType": "standard", "operatingHours": [{"startTime": "09:00", "endTime": "19:00"}], "operatingDays": [0, 1, 2, 3, 4, 5, 6], "exclusions": [], "overlappingRegulations": [], "lastUpdated": "2025-10-01", "category": "パーキング・メーター", "restriction1": "", "restriction2": "１月１日〜３日を除く", "supportsTruck": false, "supportsMotorcycle": false, "supportsStandard": true, "supportsSenior": false}, "geometry": {"type": "MultiLineString", "coordinates": [[[139.532655282817, 35.6576952550596], [139.53319512045, 35.6576444801143], [139.537104983148, 35.6573391015263]], [[139.537080369458, 35.6572701229929], [139.534337951014, 35.657487964584], [139.533164200566, 35.6575732769158], [139.532786182266, 35.6575995703488]]]}}, {"type": "Feature", "properties": {"id": "13_914", "prefCode": "13", "policeStationCode": "", "name": "パーキング・メーター #914", "spaces": null, "timeLimitMinutes": 60, "feeYen": 300, "vehicleType": "standard", "operatingHours": [{"startTime": "09:00", "endTime": "19:00"}], "operatingDays": [0, 1, 2, 3, 4, 5, 6], "exclusions": [], "overlappingRegulations": [], "lastUpdated": "2025-10-01", "category": "パーキング・メーター", "restriction1": "", "restriction2": "１月１日〜３日を除く", "supportsTruck": true, "supportsMotorcycle": false, "supportsStandard": true, "supportsSenior": false}, "geometry": {"type": "MultiLineString", "coordinates": [[[139.769741566077, 35.7030531521897], [139.771587113592, 35.7030338099721]], [[139.771552253589, 35.7028731956778], [139.769735009242, 35.7029116477532]]]}}, {"type": "Feature", "properties": {"id": "13_916", "prefCode": "13", "policeStationCode": "", "name": "パーキング・メーター #916", "spaces": null, "timeLimitMinutes": 60, "feeYen": 300, "vehicleType": "standard", "operatingHours": [{"startTime": "09:00", "endTime": "19:00"}], "operatingDays": [0, 1, 2, 3, 4, 5, 6], "exclusions": [], "overlappingRegulations": [], "lastUpdated": "2025-10-01", "category": "パーキング・メーター", "restriction1": "", "restriction2": "１月１日〜３日を除く", "supportsTruck": true, "supportsMotorcycle": false, "supportsStandard": true, "supportsSenior": false}, "geometry": {"type": "MultiLineString", "coordinates": [[[139.77189415057, 35.7030233913758], [139.772219431424, 35.7029900455962], [139.773662421031, 35.7028673550776], [139.775152513046, 35.7027578620152]], [[139.775126232779, 35.7026162734412], [139.773621984493, 35.7027344552435], [139.772196133516, 35.7028451947401], [139.772135933898, 35.7028641167093], [139.771935907573, 35.7028728566302]]]}}, {"type": "Feature", "properties": {"id": "13_920", "prefCode": "13", "policeStationCode": "", "name": "パーキング・メーター #920", "spaces": null, "timeLimitMinutes": 60, "feeYen": 300, "vehicleType": "standard", "operatingHours": [{"startTime": "09:00", "endTime": "19:00"}], "operatingDays": [1, 2, 3, 4, 5, 6], "exclusions": ["holidays", "sundays"], "overlappingRegulations": [], "lastUpdated": "2025-10-01", "category": "パーキング・メーター", "restriction1": "日曜・休日を除く", "restriction2": "１月１日〜３日を除く", "supportsTruck": true, "supportsMotorcycle": false, "supportsStandard": true, "supportsSenior": false}, "geometry": {"type": "LineString", "coordinates": [[139.780984732407, 35.6716755518425], [139.779919217969, 35.6716858177046], [139.779315650497, 35.671717667005], [139.778158898771, 35.6720335012871], [139.776221455888, 35.6725661879263]]}}, {"type": "Feature", "properties": {"id": "13_921", "prefCode": "13", "policeStationCode": "", "name": "パーキング・チケット #921", "spaces": null, "timeLimitMinutes": 60, "feeYen": 300, "vehicleType": "standard", "operatingHours": [{"startTime": "09:00", "endTime": "19:00"}], "operatingDays": [1, 2, 3, 4, 5, 6], "exclusions": ["holidays", "sundays"], "overlappingRegulations": [], "lastUpdated": "2025-10-01", "category": "パーキング・チケット", "restriction1": "日曜・休日を除く", "restriction2": "１月１日〜３日を除く", "supportsTruck": true, "supportsMotorcycle": false, "supportsStandard": true, "supportsSenior": false}, "geometry": {"type": "LineString", "coordinates": [[139.747314909941, 35.6317303922559], [139.750241302602, 35.6315445520377]]}}, {"type": "Feature", "properties": {"id": "13_922", "prefCode": "13", "policeStationCode": "", "name": "パーキング・チケット #922", "spaces": null, "timeLimitMinutes": 60, "feeYen": 300, "vehicleType": "standard", "operatingHours": [{"startTime": "09:00", "endTime": "19:00"}], "operatingDays": [1, 2, 3, 4, 5, 6], "exclusions": ["holidays", "sundays"], "overlappingRegulations": [], "lastUpdated": "2025-10-01", "category": "パーキング・チケット", "restriction1": "日曜・休日を除く", "restriction2": "１月１日〜３日を除く", "supportsTruck": true, "supportsMotorcycle": false, "supportsStandard": true, "supportsSenior": false}, "geometry": {"type": "LineString", "coordinates": [[139.750217059179, 35.6313101865188], [139.748783052158, 35.6314104097607]]}}, {"type": "Feature", "properties": {"id": "13_923", "prefCode": "13", "policeStationCode": "", "name": "パーキング・メーター #923", "spaces": null, "timeLimitMinutes": 60, "feeYen": 300, "vehicleType": "standard", "operatingHours": [{"startTime": "09:00", "endTime": "20:00"}], "operatingDays": [1, 2, 3, 4, 5, 6], "exclusions": ["holidays", "sundays"], "overlappingRegulations": [], "lastUpdated": "2025-10-01", "category": "パーキング・メーター", "restriction1": "日曜・休日を除く", "restriction2": "１月１日〜３日を除く", "supportsTruck": true, "supportsMotorcycle": false, "supportsStandard": true, "supportsSenior": false}, "geometry": {"type": "LineString", "coordinates": [[139.694290991174, 35.6651284238541], [139.694274157671, 35.6648934430852], [139.694304014221, 35.6647880688756], [139.694337302592, 35.6647168849478], [139.694376076464, 35.6646624089303], [139.694460490674, 35.6645822704479], [139.694534395924, 35.6645493536682], [139.694764389639, 35.6644502457757]]}}, {"type": "Feature", "properties": {"id": "13_924", "prefCode": "13", "policeStationCode": "", "name": "パーキング・メーター #924", "spaces": null, "timeLimitMinutes": 60, "feeYen": 300, "vehicleType": "standard", "operatingHours": [{"startTime": "09:00", "endTime": "20:00"}], "operatingDays": [1, 2, 3, 4, 5, 6], "exclusions": ["holidays", "sundays"], "overlappingRegulations": [], "lastUpdated": "2025-10-01", "category": "パーキング・メーター", "restriction1": "日曜・休日を除く", "restriction2": "１月１日〜３日を除く", "supportsTruck": true, "supportsMotorcycle": false, "supportsStandard": true, "supportsSenior": false}, "geometry": {"type": "LineString", "coordinates": [[139.69196731667, 35.6677802492284], [139.692388835146, 35.6672144717231], [139.692799324892, 35.6667101593899], [139.692947325518, 35.6665955848181], [139.693043609926, 35.6665401118237], [139.693442424781, 35.6663460962469], [139.693563800136, 35.6662701814192], [139.693651394424, 35.666200895692], [139.693778632705, 35.666077032117], [139.693998138697, 35.6657810965199], [139.695417691861, 35.6638024511517]]}}, {"type": "Feature", "properties": {"id": "13_926", "prefCode": "13", "policeStationCode": "", "name": "パーキング・メーター #926", "spaces": null, "timeLimitMinutes": 60, "feeYen": 300, "vehicleType": "standard", "operatingHours": [{"startTime": "09:00", "endTime": "19:00"}], "operatingDays": [1, 2, 3, 4, 5, 6], "exclusions": ["holidays", "sundays"], "overlappingRegulations": [], "lastUpdated": "2025-10-01", "category": "パーキング・メーター", "restriction1": "日曜・休日を除く", "restriction2": "１月１日〜３日を除く", "supportsTruck": false, "supportsMotorcycle": false, "supportsStandard": true, "supportsSenior": false}, "geometry": {"type": "LineString", "coordinates": [[139.625246209281, 35.7583708398215], [139.622579694301, 35.75835009755], [139.621969197095, 35.758418564179], [139.62133208031, 35.7586316211345], [139.620679032581, 35.7588933789726]]}}, {"type": "Feature", "properties": {"id": "13_927", "prefCode": "13", "policeStationCode": "", "name": "パーキング・メーター #927", "spaces": null, "timeLimitMinutes": 60, "feeYen": 300, "vehicleType": "standard", "operatingHours": [{"startTime": "09:00", "endTime": "19:00"}], "operatingDays": [1, 2, 3, 4, 5, 6], "exclusions": ["holidays", "sundays"], "overlappingRegulations": [], "lastUpdated": "2025-10-01", "category": "パーキング・メーター", "restriction1": "日曜・休日を除く", "restriction2": "１月１日〜３日を除く", "supportsTruck": true, "supportsMotorcycle": false, "supportsStandard": true, "supportsSenior": false}, "geometry": {"type": "LineString", "coordinates": [[139.620689655573, 35.7590593725408], [139.62193643153, 35.7586908570932], [139.622610400901, 35.7586058967551], [139.625265465921, 35.7586266289284]]}}, {"type": "Feature", "properties": {"id": "13_929", "prefCode": "13", "policeStationCode": "", "name": "パーキング・メーター #929", "spaces": null, "timeLimitMinutes": 60, "feeYen": 300, "vehicleType": "standard", "operatingHours": [{"startTime": "09:00", "endTime": "19:00"}], "operatingDays": [1, 2, 3, 4, 5, 6], "exclusions": ["holidays", "sundays"], "overlappingRegulations": [], "lastUpdated": "2025-10-01", "category": "パーキング・メーター", "restriction1": "日曜・休日を除く", "restriction2": "１月１日〜３日を除く", "supportsTruck": true, "supportsMotorcycle": false, "supportsStandard": true, "supportsSenior": false}, "geometry": {"type": "MultiLineString", "coordinates": [[[139.789509822162, 35.7192799957712], [139.789384354476, 35.7200527907881], [139.789318258895, 35.7206694362274], [139.78933114341, 35.7211574684794]], [[139.789407791077, 35.7211525264614], [139.789394875741, 35.7206688305913], [139.789500754353, 35.7197932456978], [139.789566860286, 35.7192993367544]]]}}, {"type": "Feature", "properties": {"id": "13_931", "prefCode": "13", "policeStationCode": "", "name": "パーキング・メーター #931", "spaces": null, "timeLimitMinutes": 60, "feeYen": 300, "vehicleType": "standard", "operatingHours": [{"startTime": "09:00", "endTime": "19:00"}], "operatingDays": [1, 2, 3, 4, 5, 6], "exclusions": ["holidays", "sundays"], "overlappingRegulations": [], "lastUpdated": "2025-10-01", "category": "パーキング・メーター", "restriction1": "日曜・休日を除く", "restriction2": "１月１日〜３日を除く", "supportsTruck": true, "supportsMotorcycle": false, "supportsStandard": true, "supportsSenior": false}, "geometry": {"type": "LineString", "coordinates": [[139.802974188692, 35.6761482638753], [139.803421128646, 35.6776880684461], [139.803793220529, 35.6801545314338], [139.803702953937, 35.6821993906353]]}}, {"type": "Feature", "properties": {"id": "13_932", "prefCode": "13", "policeStationCode": "", "name": "パーキング・メーター #932", "spaces": null, "timeLimitMinutes": 60, "feeYen": 300, "vehicleType": "standard", "operatingHours": [{"startTime": "09:00", "endTime": "19:00"}], "operatingDays": [1, 2, 3, 4, 5, 6], "exclusions": ["holidays", "sundays"], "overlappingRegulations": [], "lastUpdated": "2025-10-01", "category": "パーキング・メーター", "restriction1": "日曜・休日を除く", "restriction2": "１月１日〜３日を除く", "supportsTruck": true, "supportsMotorcycle": false, "supportsStandard": true, "supportsSenior": false}, "geometry": {"type": "LineString", "coordinates": [[139.803695420652, 35.6824110619807], [139.803574932827, 35.6855687014154], [139.803372665087, 35.6880084276375]]}}, {"type": "Feature", "properties": {"id": "13_933", "prefCode": "13", "policeStationCode": "", "name": "パーキング・メーター #933", "spaces": null, "timeLimitMinutes": 60, "feeYen": 300, "vehicleType": "standard", "operatingHours": [{"startTime": "09:00", "endTime": "19:00"}], "operatingDays": [1, 2, 3, 4, 5, 6], "exclusions": ["holidays", "sundays"], "overlappingRegulations": [], "lastUpdated": "2025-10-01", "category": "パーキング・メーター", "restriction1": "日曜・休日を除く", "restriction2": "１月１日〜３日を除く", "supportsTruck": false, "supportsMotorcycle": false, "supportsStandard": true, "supportsSenior": false}, "geometry": {"type": "LineString", "coordinates": [[139.806249650576, 35.7008135563524], [139.805867750905, 35.7052236448837], [139.805560790672, 35.7085143271519]]}}, {"type": "Feature", "properties": {"id": "13_934", "prefCode": "13", "policeStationCode": "", "name": "パーキング・メーター #934", "spaces": null, "timeLimitMinutes": 60, "feeYen": 300, "vehicleType": "standard", "operatingHours": [{"startTime": "09:00", "endTime": "19:00"}], "operatingDays": [1, 2, 3, 4, 5, 6], "exclusions": ["holidays", "sundays"], "overlappingRegulations": [], "lastUpdated": "2025-10-01", "category": "パーキング・メーター", "restriction1": "日曜・休日を除く", "restriction2": "１月１日〜３日を除く", "supportsTruck": false, "supportsMotorcycle": false, "supportsStandard": true, "supportsSenior": false}, "geometry": {"type": "LineString", "coordinates": [[139.806489449585, 35.6974723060958], [139.80624972299, 35.7006175820029]]}}, {"type": "Feature", "properties": {"id": "13_935", "prefCode": "13", "policeStationCode": "", "name": "パーキング・チケット #935", "spaces": null, "timeLimitMinutes": 60, "feeYen": 300, "vehicleType": "standard", "operatingHours": [{"startTime": "09:00", "endTime": "19:00"}], "operatingDays": [0, 1, 2, 3, 4, 5, 6], "exclusions": [], "overlappingRegulations": [], "lastUpdated": "2025-10-01", "category": "パーキング・チケット", "restriction1": "", "restriction2": "１月１日〜３日を除く", "supportsTruck": false, "supportsMotorcycle": false, "supportsStandard": true, "supportsSenior": false}, "geometry": {"type": "LineString", "coordinates": [[139.472691854485, 35.536054015158], [139.472715576901, 35.5362268556932], [139.47270844796, 35.5363603057054], [139.472680744733, 35.5365759831405]]}}, {"type": "Feature", "properties": {"id": "13_936", "prefCode": "13", "policeStationCode": "", "name": "パーキング・メーター #936", "spaces": null, "timeLimitMinutes": 60, "feeYen": 300, "vehicleType": "standard", "operatingHours": [{"startTime": "09:00", "endTime": "19:00"}], "operatingDays": [1, 2, 3, 4, 5, 6], "exclusions": ["holidays", "sundays"], "overlappingRegulations": [], "lastUpdated": "2025-10-01", "category": "パーキング・メーター", "restriction1": "日曜・休日を除く", "restriction2": "１月１日〜３日を除く", "supportsTruck": false, "supportsMotorcycle": false, "supportsStandard": true, "supportsSenior": false}, "geometry": {"type": "MultiLineString", "coordinates": [[[139.806115875111, 35.686822756269], [139.805718298744, 35.6914488390739], [139.805651682408, 35.6921424157295]], [[139.805800430732, 35.6921289527851], [139.806010078928, 35.6896893899582], [139.806257149075, 35.6868105822573]]]}}, {"type": "Feature", "properties": {"id": "13_938", "prefCode": "13", "policeStationCode": "", "name": "パーキング・チケット #938", "spaces": null, "timeLimitMinutes": 60, "feeYen": 300, "vehicleType": "standard", "operatingHours": [{"startTime": "09:00", "endTime": "19:00"}], "operatingDays": [0, 1, 2, 3, 4, 5, 6], "exclusions": [], "overlappingRegulations": [], "lastUpdated": "2025-10-01", "category": "パーキング・チケット", "restriction1": "", "restriction2": "１月１日〜３日を除く", "supportsTruck": false, "supportsMotorcycle": false, "supportsStandard": true, "supportsSenior": false}, "geometry": {"type": "LineString", "coordinates": [[139.4728333116, 35.5363513180022], [139.472879646572, 35.5362735935541], [139.47294979796, 35.5362058358421], [139.473630397342, 35.5358072817567]]}}, {"type": "Feature", "properties": {"id": "13_939", "prefCode": "13", "policeStationCode": "", "name": "パーキング・チケット #939", "spaces": null, "timeLimitMinutes": 60, "feeYen": 300, "vehicleType": "standard", "operatingHours": [{"startTime": "09:00", "endTime": "19:00"}], "operatingDays": [1, 2, 3, 4, 5, 6], "exclusions": ["holidays", "sundays"], "overlappingRegulations": [], "lastUpdated": "2025-10-01", "category": "パーキング・チケット", "restriction1": "日曜・休日を除く", "restriction2": "１月１日〜３日を除く", "supportsTruck": false, "supportsMotorcycle": false, "supportsStandard": true, "supportsSenior": false}, "geometry": {"type": "LineString", "coordinates": [[139.680965408311, 35.6419670575901], [139.680044386608, 35.6432246715465], [139.679567276497, 35.6441286510796]]}}, {"type": "Feature", "properties": {"id": "13_940", "prefCode": "13", "policeStationCode": "", "name": "パーキング・チケット #940", "spaces": null, "timeLimitMinutes": 60, "feeYen": 300, "vehicleType": "standard", "operatingHours": [{"startTime": "09:00", "endTime": "19:00"}], "operatingDays": [1, 2, 3, 4, 5, 6], "exclusions": ["holidays", "sundays"], "overlappingRegulations": [], "lastUpdated": "2025-10-01", "category": "パーキング・チケット", "restriction1": "日曜・休日を除く", "restriction2": "１月１日〜３日を除く", "supportsTruck": false, "supportsMotorcycle": false, "supportsStandard": true, "supportsSenior": false}, "geometry": {"type": "LineString", "coordinates": [[139.679671701784, 35.6441506286835], [139.680139566129, 35.6432635161792], [139.681171257222, 35.6418627347562], [139.681537778821, 35.6413351659096]]}}, {"type": "Feature", "properties": {"id": "13_942", "prefCode": "13", "policeStationCode": "", "name": "パーキング・メーター #942", "spaces": null, "timeLimitMinutes": 60, "feeYen": 300, "vehicleType": "standard", "operatingHours": [{"startTime": "09:00", "endTime": "19:00"}], "operatingDays": [1, 2, 3, 4, 5, 6], "exclusions": ["holidays", "sundays"], "overlappingRegulations": [], "lastUpdated": "2025-10-01", "category": "パーキング・メーター", "restriction1": "日曜・休日を除く", "restriction2": "１月１日〜３日を除く", "supportsTruck": true, "supportsMotorcycle": false, "supportsStandard": true, "supportsSenior": false}, "geometry": {"type": "LineString", "coordinates": [[139.777775070257, 35.6710753931962], [139.776499565066, 35.671394855481]]}}, {"type": "Feature", "properties": {"id": "13_943", "prefCode": "13", "policeStationCode": "", "name": "パーキング・メーター #943", "spaces": null, "timeLimitMinutes": 60, "feeYen": 300, "vehicleType": "standard", "operatingHours": [{"startTime": "09:00", "endTime": "19:00"}], "operatingDays": [1, 2, 3, 4, 5, 6], "exclusions": ["holidays", "sundays"], "overlappingRegulations": [], "lastUpdated": "2025-10-01", "category": "パーキング・メーター", "restriction1": "日曜・休日を除く", "restriction2": "１月１日〜３日を除く", "supportsTruck": true, "supportsMotorcycle": false, "supportsStandard": true, "supportsSenior": false}, "geometry": {"type": "LineString", "coordinates": [[139.776031351809, 35.6720696963163], [139.776533858431, 35.6719516750418], [139.778639431227, 35.6714319354259]]}}, {"type": "Feature", "properties": {"id": "13_946", "prefCode": "13", "policeStationCode": "", "name": "パーキング・メーター #946", "spaces": null, "timeLimitMinutes": 60, "feeYen": 300, "vehicleType": "standard", "operatingHours": [{"startTime": "09:00", "endTime": "19:00"}], "operatingDays": [1, 2, 3, 4, 5, 6], "exclusions": ["holidays", "sundays"], "overlappingRegulations": [], "lastUpdated": "2025-10-01", "category": "パーキング・メーター", "restriction1": "日曜・休日を除く", "restriction2": "１月１日〜３日を除く", "supportsTruck": false, "supportsMotorcycle": false, "supportsStandard": true, "supportsSenior": false}, "geometry": {"type": "LineString", "coordinates": [[139.752192907189, 35.6591761186722], [139.7511779839, 35.6593233706793]]}}, {"type": "Feature", "properties": {"id": "13_947", "prefCode": "13", "policeStationCode": "", "name": "パーキング・メーター #947", "spaces": null, "timeLimitMinutes": 60, "feeYen": 300, "vehicleType": "standard", "operatingHours": [{"startTime": "09:00", "endTime": "19:00"}], "operatingDays": [1, 2, 3, 4, 5, 6], "exclusions": ["holidays", "sundays"], "overlappingRegulations": [], "lastUpdated": "2025-10-01", "category": "パーキング・メーター", "restriction1": "日曜・休日を除く", "restriction2": "１月１日〜３日を除く", "supportsTruck": false, "supportsMotorcycle": false, "supportsStandard": true, "supportsSenior": false}, "geometry": {"type": "LineString", "coordinates": [[139.750932531664, 35.6549588975459], [139.75008867244, 35.6549913745627]]}}, {"type": "Feature", "properties": {"id": "13_948", "prefCode": "13", "policeStationCode": "", "name": "パーキング・メーター #948", "spaces": null, "timeLimitMinutes": 60, "feeYen": 300, "vehicleType": "standard", "operatingHours": [{"startTime": "09:00", "endTime": "20:00"}], "operatingDays": [1, 2, 3, 4, 5, 6], "exclusions": ["holidays", "sundays"], "overlappingRegulations": [], "lastUpdated": "2025-10-01", "category": "パーキング・メーター", "restriction1": "日曜・休日を除く", "restriction2": "１月１日〜３日を除く", "supportsTruck": true, "supportsMotorcycle": false, "supportsStandard": true, "supportsSenior": false}, "geometry": {"type": "MultiLineString", "coordinates": [[[139.701730379605, 35.6668023716651], [139.701880672942, 35.6684318060153], [139.701913523118, 35.6686331381533], [139.701941045706, 35.6688342297488]], [[139.702060442301, 35.6688614711278], [139.702024156725, 35.6686606897352], [139.701991397497, 35.6684046780782], [139.701844998565, 35.6667943584361]]]}}, {"type": "Feature", "properties": {"id": "13_950", "prefCode": "13", "policeStationCode": "", "name": "パーキング・メーター #950", "spaces": null, "timeLimitMinutes": 60, "feeYen": 300, "vehicleType": "standard", "operatingHours": [{"startTime": "09:00", "endTime": "19:00"}], "operatingDays": [1, 2, 3, 4, 5, 6], "exclusions": ["holidays", "sundays"], "overlappingRegulations": [], "lastUpdated": "2025-10-01", "category": "パーキング・メーター", "restriction1": "日曜・休日を除く", "restriction2": "１月１日〜３日を除く", "supportsTruck": true, "supportsMotorcycle": false, "supportsStandard": true, "supportsSenior": false}, "geometry": {"type": "LineString", "coordinates": [[139.709418064264, 35.7148659105647], [139.70453845879, 35.71606866156]]}}, {"type": "Feature", "properties": {"id": "13_951", "prefCode": "13", "policeStationCode": "", "name": "パーキング・メーター #951", "spaces": null, "timeLimitMinutes": 60, "feeYen": 300, "vehicleType": "standard", "operatingHours": [{"startTime": "09:00", "endTime": "19:00"}], "operatingDays": [1, 2, 3, 4, 5, 6], "exclusions": ["holidays", "sundays"], "overlappingRegulations": [], "lastUpdated": "2025-10-01", "category": "パーキング・メーター", "restriction1": "日曜・休日を除く", "restriction2": "１月１日〜３日を除く", "supportsTruck": false, "supportsMotorcycle": false, "supportsStandard": true, "supportsSenior": false}, "geometry": {"type": "MultiLineString", "coordinates": [[[139.666021785439, 35.7832307625295], [139.666300993529, 35.784133019217]], [[139.666393607007, 35.7841731865417], [139.666123301866, 35.783213680954]]]}}, {"type": "Feature", "properties": {"id": "13_953", "prefCode": "13", "policeStationCode": "", "name": "パーキング・メーター #953", "spaces": null, "timeLimitMinutes": 60, "feeYen": 300, "vehicleType": "standard", "operatingHours": [{"startTime": "09:00", "endTime": "19:00"}], "operatingDays": [1, 2, 3, 4, 5, 6], "exclusions": ["holidays", "sundays"], "overlappingRegulations": [], "lastUpdated": "2025-10-01", "category": "パーキング・メーター", "restriction1": "日曜・休日を除く", "restriction2": "１月１日〜３日を除く", "supportsTruck": true, "supportsMotorcycle": false, "supportsStandard": true, "supportsSenior": false}, "geometry": {"type": "MultiLineString", "coordinates": [[[139.673474606115, 35.7811324721347], [139.673519214753, 35.7818784893609], [139.673648838593, 35.7829305746228], [139.674018824931, 35.7857037375134]], [[139.67418792187, 35.7856898110421], [139.67402570265, 35.7844441955441], [139.673798348227, 35.7828248225792], [139.673649080449, 35.781672248787], [139.673623831078, 35.7811136075789]]]}}, {"type": "Feature", "properties": {"id": "13_955", "prefCode": "13", "policeStationCode": "", "name": "パーキング・メーター #955", "spaces": null, "timeLimitMinutes": 60, "feeYen": 300, "vehicleType": "standard", "operatingHours": [{"startTime": "09:00", "endTime": "19:00"}], "operatingDays": [1, 2, 3, 4, 5, 6], "exclusions": ["holidays", "sundays"], "overlappingRegulations": [], "lastUpdated": "2025-10-01", "category": "パーキング・メーター", "restriction1": "日曜・休日を除く", "restriction2": "１月１日〜３日を除く", "supportsTruck": false, "supportsMotorcycle": false, "supportsStandard": true, "supportsSenior": false}, "geometry": {"type": "MultiLineString", "coordinates": [[[139.638345534107, 35.7362147383515], [139.639228072451, 35.7363235930351], [139.641399809084, 35.736761902915], [139.641582830623, 35.7367835178946], [139.643950403299, 35.7367979918539], [139.645202056926, 35.7364242497136], [139.645520304533, 35.7364139363638], [139.647403717894, 35.7364759267611]], [[139.647376975935, 35.7363758016245], [139.645323645384, 35.736340414822], [139.645049274569, 35.7363719341952], [139.644020552743, 35.7367141453542], [139.641541428904, 35.7367048433823], [139.640565884914, 35.7365204799808], [139.639677716252, 35.7363097381565], [139.638427684132, 35.7361145396661]]]}}, {"type": "Feature", "properties": {"id": "13_957", "prefCode": "13", "policeStationCode": "", "name": "パーキング・メーター #957", "spaces": null, "timeLimitMinutes": 60, "feeYen": 300, "vehicleType": "standard", "operatingHours": [{"startTime": "09:00", "endTime": "19:00"}], "operatingDays": [1, 2, 3, 4, 5, 6], "exclusions": ["holidays", "sundays"], "overlappingRegulations": [], "lastUpdated": "2025-10-01", "category": "パーキング・メーター", "restriction1": "日曜・休日を除く", "restriction2": "１月１日〜３日を除く", "supportsTruck": false, "supportsMotorcycle": false, "supportsStandard": true, "supportsSenior": false}, "geometry": {"type": "LineString", "coordinates": [[139.812601347876, 35.708525707459], [139.812728642021, 35.7066336671671]]}}, {"type": "Feature", "properties": {"id": "13_960", "prefCode": "13", "policeStationCode": "", "name": "パーキング・メーター #960", "spaces": null, "timeLimitMinutes": 60, "feeYen": 300, "vehicleType": "standard", "operatingHours": [{"startTime": "09:00", "endTime": "19:00"}], "operatingDays": [1, 2, 3, 4, 5, 6], "exclusions": ["holidays", "sundays"], "overlappingRegulations": [], "lastUpdated": "2025-10-01", "category": "パーキング・メーター", "restriction1": "日曜・休日を除く", "restriction2": "１月１日〜３日を除く", "supportsTruck": false, "supportsMotorcycle": false, "supportsStandard": true, "supportsSenior": false}, "geometry": {"type": "LineString", "coordinates": [[139.74159149968, 35.6220888019642], [139.74241584478, 35.622533071887], [139.745285276194, 35.6221546092437]]}}, {"type": "Feature", "properties": {"id": "13_963", "prefCode": "13", "policeStationCode": "", "name": "パーキング・メーター #963", "spaces": null, "timeLimitMinutes": 60, "feeYen": 300, "vehicleType": "standard", "operatingHours": [{"startTime": "09:00", "endTime": "19:00"}], "operatingDays": [1, 2, 3, 4, 5, 6], "exclusions": ["holidays", "sundays"], "overlappingRegulations": [], "lastUpdated": "2025-10-01", "category": "パーキング・メーター", "restriction1": "日曜・休日を除く", "restriction2": "１月１日〜３日を除く", "supportsTruck": false, "supportsMotorcycle": false, "supportsStandard": true, "supportsSenior": false}, "geometry": {"type": "LineString", "coordinates": [[139.621828530367, 35.6281287478757], [139.623501382044, 35.6278662424758], [139.62463930993, 35.6277205785742]]}}, {"type": "Feature", "properties": {"id": "13_964", "prefCode": "13", "policeStationCode": "", "name": "パーキング・メーター #964", "spaces": null, "timeLimitMinutes": 60, "feeYen": 300, "vehicleType": "standard", "operatingHours": [{"startTime": "09:00", "endTime": "19:00"}], "operatingDays": [1, 2, 3, 4, 5, 6], "exclusions": ["holidays", "sundays"], "overlappingRegulations": [], "lastUpdated": "2025-10-01", "category": "パーキング・メーター", "restriction1": "日曜・休日を除く", "restriction2": "１月１日〜３日を除く", "supportsTruck": true, "supportsMotorcycle": false, "supportsStandard": true, "supportsSenior": false}, "geometry": {"type": "LineString", "coordinates": [[139.833906837204, 35.6897886535816], [139.833847182196, 35.6905727905063]]}}, {"type": "Feature", "properties": {"id": "13_966", "prefCode": "13", "policeStationCode": "", "name": "パーキング・メーター #966", "spaces": null, "timeLimitMinutes": 60, "feeYen": 300, "vehicleType": "standard", "operatingHours": [{"startTime": "09:00", "endTime": "19:00"}], "operatingDays": [1, 2, 3, 4, 5, 6], "exclusions": ["holidays", "sundays"], "overlappingRegulations": [], "lastUpdated": "2025-10-01", "category": "パーキング・メーター", "restriction1": "日曜・休日を除く", "restriction2": "１月１日〜３日を除く", "supportsTruck": false, "supportsMotorcycle": false, "supportsStandard": true, "supportsSenior": false}, "geometry": {"type": "LineString", "coordinates": [[139.795935275812, 35.6755203007424], [139.795694009185, 35.6752227920687]]}}, {"type": "Feature", "properties": {"id": "13_967", "prefCode": "13", "policeStationCode": "", "name": "パーキング・メーター #967", "spaces": null, "timeLimitMinutes": 60, "feeYen": 300, "vehicleType": "standard", "operatingHours": [{"startTime": "08:00", "endTime": "20:00"}], "operatingDays": [0, 1, 2, 3, 4, 5, 6], "exclusions": [], "overlappingRegulations": [], "lastUpdated": "2025-10-01", "category": "パーキング・メーター", "restriction1": "", "restriction2": "１月１日〜３日を除く", "supportsTruck": false, "supportsMotorcycle": false, "supportsStandard": true, "supportsSenior": false}, "geometry": {"type": "MultiLineString", "coordinates": [[[139.768626068762, 35.6892048309384], [139.76869817711, 35.6890894881749], [139.768828770499, 35.6889746268958], [139.76920939487, 35.6885364720158], [139.76996835644, 35.6876938165037]], [[139.769869661186, 35.6875866999257], [139.769252138623, 35.6882278094189], [139.768931574328, 35.6885934926928], [139.76845117576, 35.6891850290456]]]}}, {"type": "Feature", "properties": {"id": "13_969", "prefCode": "13", "policeStationCode": "", "name": "パーキング・メーター #969", "spaces": null, "timeLimitMinutes": 60, "feeYen": 300, "vehicleType": "standard", "operatingHours": [{"startTime": "07:00", "endTime": "20:00"}], "operatingDays": [0, 1, 2, 3, 4, 5, 6], "exclusions": [], "overlappingRegulations": [], "lastUpdated": "2025-10-01", "category": "パーキング・メーター", "restriction1": "", "restriction2": "１月１日〜３日を除く", "supportsTruck": false, "supportsMotorcycle": false, "supportsStandard": true, "supportsSenior": false}, "geometry": {"type": "LineString", "coordinates": [[139.769991719163, 35.6877009284438], [139.770522621352, 35.6878981368881], [139.772847608494, 35.6886570083918]]}}, {"type": "Feature", "properties": {"id": "13_970", "prefCode": "13", "policeStationCode": "", "name": "パーキング・メーター #970", "spaces": null, "timeLimitMinutes": 60, "feeYen": 300, "vehicleType": "standard", "operatingHours": [{"startTime": "09:00", "endTime": "19:00"}], "operatingDays": [1, 2, 3, 4, 5, 6], "exclusions": ["holidays", "sundays"], "overlappingRegulations": [], "lastUpdated": "2025-10-01", "category": "パーキング・メーター", "restriction1": "日曜・休日を除く", "restriction2": "１月１日〜３日を除く", "supportsTruck": false, "supportsMotorcycle": false, "supportsStandard": true, "supportsSenior": false}, "geometry": {"type": "LineString", "coordinates": [[139.787070183762, 35.6917611599225], [139.787691395426, 35.6921983627128]]}}, {"type": "Feature", "properties": {"id": "13_971", "prefCode": "13", "policeStationCode": "", "name": "パーキング・チケット #971", "spaces": null, "timeLimitMinutes": 60, "feeYen": 300, "vehicleType": "standard", "operatingHours": [{"startTime": "09:00", "endTime": "19:00"}], "operatingDays": [1, 2, 3, 4, 5, 6], "exclusions": ["holidays", "sundays"], "overlappingRegulations": [], "lastUpdated": "2025-10-01", "category": "パーキング・チケット", "restriction1": "日曜・休日を除く", "restriction2": "１月１日〜３日を除く", "supportsTruck": false, "supportsMotorcycle": false, "supportsStandard": true, "supportsSenior": false}, "geometry": {"type": "MultiLineString", "coordinates": [[[139.750438281233, 35.6339139769602], [139.749414147761, 35.6342651264564], [139.748458880722, 35.6345697800929], [139.748160767138, 35.6346823597875]], [[139.748194060157, 35.6347275960397], [139.748469693771, 35.6346581603262], [139.749430295725, 35.6343369452836], [139.750489217314, 35.63401536379]]]}}, {"type": "Feature", "properties": {"id": "13_973", "prefCode": "13", "policeStationCode": "", "name": "パーキング・メーター #973", "spaces": null, "timeLimitMinutes": 60, "feeYen": 300, "vehicleType": "standard", "operatingHours": [{"startTime": "09:00", "endTime": "19:00"}], "operatingDays": [1, 2, 3, 4, 5, 6], "exclusions": ["holidays", "sundays"], "overlappingRegulations": [], "lastUpdated": "2025-10-01", "category": "パーキング・メーター", "restriction1": "日曜・休日を除く", "restriction2": "１月１日〜３日を除く", "supportsTruck": false, "supportsMotorcycle": false, "supportsStandard": true, "supportsSenior": false}, "geometry": {"type": "MultiLineString", "coordinates": [[[139.677617907304, 35.6505214773434], [139.677342331945, 35.6514411767372]], [[139.677429482952, 35.6515187667937], [139.677766864831, 35.6504586183591]]]}}, {"type": "Feature", "properties": {"id": "13_975", "prefCode": "13", "policeStationCode": "", "name": "パーキング・チケット #975", "spaces": null, "timeLimitMinutes": 60, "feeYen": 300, "vehicleType": "standard", "operatingHours": [{"startTime": "09:00", "endTime": "19:00"}], "operatingDays": [1, 2, 3, 4, 5, 6], "exclusions": ["holidays", "sundays"], "overlappingRegulations": [], "lastUpdated": "2025-10-01", "category": "パーキング・チケット", "restriction1": "日曜・休日を除く", "restriction2": "１月１日〜３日を除く", "supportsTruck": true, "supportsMotorcycle": false, "supportsStandard": true, "supportsSenior": false}, "geometry": {"type": "MultiLineString", "coordinates": [[[139.722679239724, 35.7083589147501], [139.724430498187, 35.7079310794435], [139.725689325351, 35.7075936797467], [139.726750513146, 35.7075408686798]], [[139.726798487108, 35.7073924643934], [139.725660835319, 35.7074772596489], [139.723969741753, 35.7078995720842], [139.722508004753, 35.7082525571357]]]}}, {"type": "Feature", "properties": {"id": "13_977", "prefCode": "13", "policeStationCode": "", "name": "パーキング・メーター #977", "spaces": null, "timeLimitMinutes": 60, "feeYen": 300, "vehicleType": "standard", "operatingHours": [{"startTime": "09:00", "endTime": "19:00"}], "operatingDays": [1, 2, 3, 4, 5, 6], "exclusions": ["holidays", "sundays"], "overlappingRegulations": [], "lastUpdated": "2025-10-01", "category": "パーキング・メーター", "restriction1": "日曜・休日を除く", "restriction2": "１月１日〜３日を除く", "supportsTruck": false, "supportsMotorcycle": false, "supportsStandard": true, "supportsSenior": false}, "geometry": {"type": "LineString", "coordinates": [[139.779512863735, 35.7128770507865], [139.78073731166, 35.7126897003845]]}}, {"type": "Feature", "properties": {"id": "13_979", "prefCode": "13", "policeStationCode": "", "name": "パーキング・メーター #979", "spaces": null, "timeLimitMinutes": 60, "feeYen": 300, "vehicleType": "standard", "operatingHours": [{"startTime": "09:00", "endTime": "21:00"}], "operatingDays": [0, 1, 2, 3, 4, 5, 6], "exclusions": [], "overlappingRegulations": [], "lastUpdated": "2025-10-01", "category": "パーキング・メーター", "restriction1": "", "restriction2": "１月１日〜３日を除く", "supportsTruck": true, "supportsMotorcycle": false, "supportsStandard": true, "supportsSenior": false}, "geometry": {"type": "LineString", "coordinates": [[139.767017866383, 35.6712944678753], [139.767872289475, 35.6707245739849]]}}, {"type": "Feature", "properties": {"id": "13_980", "prefCode": "13", "policeStationCode": "", "name": "パーキング・メーター #980", "spaces": null, "timeLimitMinutes": 60, "feeYen": 300, "vehicleType": "standard", "operatingHours": [{"startTime": "09:00", "endTime": "19:00"}], "operatingDays": [1, 2, 3, 4, 5, 6], "exclusions": ["holidays", "sundays"], "overlappingRegulations": [], "lastUpdated": "2025-10-01", "category": "パーキング・メーター", "restriction1": "日曜・休日を除く", "restriction2": "１月１日〜３日を除く", "supportsTruck": true, "supportsMotorcycle": false, "supportsStandard": true, "supportsSenior": false}, "geometry": {"type": "LineString", "coordinates": [[139.77547583709, 35.6708906839316], [139.778211875432, 35.6701858590168]]}}, {"type": "Feature", "properties": {"id": "13_981", "prefCode": "13", "policeStationCode": "", "name": "パーキング・メーター #981", "spaces": null, "timeLimitMinutes": 60, "feeYen": 300, "vehicleType": "standard", "operatingHours": [{"startTime": "09:00", "endTime": "19:00"}], "operatingDays": [1, 2, 3, 4, 5, 6], "exclusions": ["holidays", "sundays"], "overlappingRegulations": [], "lastUpdated": "2025-10-01", "category": "パーキング・メーター", "restriction1": "日曜・休日を除く", "restriction2": "１月１日〜３日を除く", "supportsTruck": true, "supportsMotorcycle": false, "supportsStandard": true, "supportsSenior": false}, "geometry": {"type": "LineString", "coordinates": [[139.773199255699, 35.6741562637624], [139.773177396882, 35.6735916256342], [139.773134848633, 35.67349949935], [139.773101313805, 35.6732334929413]]}}, {"type": "Feature", "properties": {"id": "13_982", "prefCode": "13", "policeStationCode": "", "name": "パーキング・メーター #982", "spaces": null, "timeLimitMinutes": 60, "feeYen": 300, "vehicleType": "standard", "operatingHours": [{"startTime": "09:00", "endTime": "19:00"}], "operatingDays": [1, 2, 3, 4, 5, 6], "exclusions": ["holidays", "sundays"], "overlappingRegulations": [], "lastUpdated": "2025-10-01", "category": "パーキング・メーター", "restriction1": "日曜・休日を除く", "restriction2": "１月１日〜３日を除く", "supportsTruck": true, "supportsMotorcycle": false, "supportsStandard": true, "supportsSenior": false}, "geometry": {"type": "LineString", "coordinates": [[139.706932477394, 35.6585522816903], [139.706840108465, 35.6592274785082], [139.706718900431, 35.6594715162036], [139.706506586097, 35.6596816992035], [139.70611282738, 35.6600393751104]]}}, {"type": "Feature", "properties": {"id": "13_983", "prefCode": "13", "policeStationCode": "", "name": "パーキング・メーター #983", "spaces": null, "timeLimitMinutes": 60, "feeYen": 300, "vehicleType": "standard", "operatingHours": [{"startTime": "09:00", "endTime": "19:00"}], "operatingDays": [1, 2, 3, 4, 5, 6], "exclusions": ["holidays", "sundays"], "overlappingRegulations": [], "lastUpdated": "2025-10-01", "category": "パーキング・メーター", "restriction1": "日曜・休日を除く", "restriction2": "１月１日〜３日を除く", "supportsTruck": false, "supportsMotorcycle": false, "supportsStandard": true, "supportsSenior": false}, "geometry": {"type": "LineString", "coordinates": [[139.754338449099, 35.640584986686], [139.756008873246, 35.6405807021743]]}}, {"type": "Feature", "properties": {"id": "13_984", "prefCode": "13", "policeStationCode": "", "name": "パーキング・メーター #984", "spaces": null, "timeLimitMinutes": 60, "feeYen": 300, "vehicleType": "standard", "operatingHours": [{"startTime": "09:00", "endTime": "19:00"}], "operatingDays": [1, 2, 3, 4, 5, 6], "exclusions": ["holidays", "sundays"], "overlappingRegulations": [], "lastUpdated": "2025-10-01", "category": "パーキング・メーター", "restriction1": "日曜・休日を除く", "restriction2": "１月１日〜３日を除く", "supportsTruck": false, "supportsMotorcycle": false, "supportsStandard": true, "supportsSenior": false}, "geometry": {"type": "MultiLineString", "coordinates": [[[139.756065942789, 35.640632827231], [139.756041469681, 35.6419702850721]], [[139.756156670483, 35.6419850799944], [139.756175389535, 35.6406326750856]]]}}, {"type": "Feature", "properties": {"id": "13_986", "prefCode": "13", "policeStationCode": "", "name": "パーキング・メーター #986", "spaces": null, "timeLimitMinutes": 60, "feeYen": 300, "vehicleType": "standard", "operatingHours": [{"startTime": "09:00", "endTime": "19:00"}], "operatingDays": [1, 2, 3, 4, 5, 6], "exclusions": ["holidays", "sundays"], "overlappingRegulations": [], "lastUpdated": "2025-10-01", "category": "パーキング・メーター", "restriction1": "日曜・休日を除く", "restriction2": "１月１日〜３日を除く", "supportsTruck": true, "supportsMotorcycle": false, "supportsStandard": true, "supportsSenior": false}, "geometry": {"type": "MultiLineString", "coordinates": [[[139.747218694432, 35.7352538474877], [139.747290287681, 35.7351343938136], [139.747756157202, 35.7344772850624], [139.748318699536, 35.7336936089429]], [[139.748156944456, 35.7336138780975], [139.74705007446, 35.735159163749]]]}}, {"type": "Feature", "properties": {"id": "13_988", "prefCode": "13", "policeStationCode": "", "name": "パーキング・メーター #988", "spaces": null, "timeLimitMinutes": 60, "feeYen": 300, "vehicleType": "standard", "operatingHours": [{"startTime": "09:00", "endTime": "19:00"}], "operatingDays": [1, 2, 3, 4, 5, 6], "exclusions": ["holidays", "sundays"], "overlappingRegulations": [], "lastUpdated": "2025-10-01", "category": "パーキング・メーター", "restriction1": "日曜・休日を除く", "restriction2": "１月１日〜３日を除く", "supportsTruck": false, "supportsMotorcycle": false, "supportsStandard": true, "supportsSenior": false}, "geometry": {"type": "LineString", "coordinates": [[139.723893093058, 35.7203281832849], [139.723211303138, 35.7215370160106], [139.722978522358, 35.7220118183813], [139.722894865534, 35.7223509297949]]}}, {"type": "Feature", "properties": {"id": "13_989", "prefCode": "13", "policeStationCode": "", "name": "パーキング・メーター #989", "spaces": null, "timeLimitMinutes": 60, "feeYen": 300, "vehicleType": "standard", "operatingHours": [{"startTime": "09:00", "endTime": "19:00"}], "operatingDays": [1, 2, 3, 4, 5, 6], "exclusions": ["holidays", "sundays"], "overlappingRegulations": [], "lastUpdated": "2025-10-01", "category": "パーキング・メーター", "restriction1": "日曜・休日を除く", "restriction2": "１月１日〜３日を除く", "supportsTruck": false, "supportsMotorcycle": false, "supportsStandard": true, "supportsSenior": false}, "geometry": {"type": "LineString", "coordinates": [[139.787959767516, 35.7073754609108], [139.78627462362, 35.7074446075229], [139.785089730741, 35.7074709829968]]}}, {"type": "Feature", "properties": {"id": "13_990", "prefCode": "13", "policeStationCode": "", "name": "パーキング・チケット #990", "spaces": null, "timeLimitMinutes": 60, "feeYen": 300, "vehicleType": "standard", "operatingHours": [{"startTime": "09:00", "endTime": "19:00"}], "operatingDays": [1, 2, 3, 4, 5, 6], "exclusions": ["holidays", "sundays"], "overlappingRegulations": [], "lastUpdated": "2025-10-01", "category": "パーキング・チケット", "restriction1": "日曜・休日を除く", "restriction2": "１月１日〜３日を除く", "supportsTruck": true, "supportsMotorcycle": false, "supportsStandard": true, "supportsSenior": false}, "geometry": {"type": "MultiLineString", "coordinates": [[[139.773879865014, 35.6636178162687], [139.77524490886, 35.664650642883]], [[139.775295560191, 35.6645986002997], [139.77387569658, 35.6635136517]]]}}, {"type": "Feature", "properties": {"id": "13_992", "prefCode": "13", "policeStationCode": "", "name": "パーキング・メーター #992", "spaces": null, "timeLimitMinutes": 60, "feeYen": 300, "vehicleType": "standard", "operatingHours": [{"startTime": "09:00", "endTime": "21:00"}], "operatingDays": [0, 1, 2, 3, 4, 5, 6], "exclusions": [], "overlappingRegulations": [], "lastUpdated": "2025-10-01", "category": "パーキング・メーター", "restriction1": "", "restriction2": "１月１日〜３日を除く", "supportsTruck": true, "supportsMotorcycle": false, "supportsStandard": true, "supportsSenior": false}, "geometry": {"type": "LineString", "coordinates": [[139.771922212959, 35.672627604425], [139.772159585921, 35.6733895983258]]}}, {"type": "Feature", "properties": {"id": "13_993", "prefCode": "13", "policeStationCode": "", "name": "パーキング・メーター #993", "spaces": null, "timeLimitMinutes": 60, "feeYen": 300, "vehicleType": "standard", "operatingHours": [{"startTime": "09:00", "endTime": "19:00"}], "operatingDays": [1, 2, 3, 4, 5, 6], "exclusions": ["holidays", "sundays"], "overlappingRegulations": [], "lastUpdated": "2025-10-01", "category": "パーキング・メーター", "restriction1": "日曜・休日を除く", "restriction2": "１月１日〜３日を除く", "supportsTruck": true, "supportsMotorcycle": false, "supportsStandard": true, "supportsSenior": false}, "geometry": {"type": "LineString", "coordinates": [[139.7801183355, 35.6732529739029], [139.780121281612, 35.6740291620045]]}}, {"type": "Feature", "properties": {"id": "13_994", "prefCode": "13", "policeStationCode": "", "name": "パーキング・メーター #994", "spaces": null, "timeLimitMinutes": 60, "feeYen": 300, "vehicleType": "standard", "operatingHours": [{"startTime": "09:00", "endTime": "19:00"}], "operatingDays": [1, 2, 3, 4, 5, 6], "exclusions": ["holidays", "sundays"], "overlappingRegulations": [], "lastUpdated": "2025-10-01", "category": "パーキング・メーター", "restriction1": "日曜・休日を除く", "restriction2": "１月１日〜３日を除く", "supportsTruck": false, "supportsMotorcycle": false, "supportsStandard": true, "supportsSenior": false}, "geometry": {"type": "LineString", "coordinates": [[139.748594218365, 35.6616732989491], [139.74834576773, 35.661435822705], [139.748217274019, 35.6612338306759], [139.748179272155, 35.6612038733427], [139.748118189519, 35.661197108115], [139.747952270005, 35.6612276765511], [139.74780142213, 35.6612720443078], [139.747107458925, 35.6614553334252]]}}, {"type": "Feature", "properties": {"id": "13_995", "prefCode": "13", "policeStationCode": "", "name": "パーキング・メーター #995", "spaces": null, "timeLimitMinutes": 60, "feeYen": 300, "vehicleType": "standard", "operatingHours": [{"startTime": "09:00", "endTime": "19:00"}], "operatingDays": [0, 1, 2, 3, 4, 5, 6], "exclusions": [], "overlappingRegulations": [], "lastUpdated": "2025-10-01", "category": "パーキング・メーター", "restriction1": "", "restriction2": "１月１日〜３日を除く", "supportsTruck": true, "supportsMotorcycle": false, "supportsStandard": true, "supportsSenior": false}, "geometry": {"type": "LineString", "coordinates": [[139.691611863107, 35.6859722729482], [139.691406347249, 35.6868363358579]]}}, {"type": "Feature", "properties": {"id": "13_996", "prefCode": "13", "policeStationCode": "", "name": "パーキング・メーター #996", "spaces": null, "timeLimitMinutes": 60, "feeYen": 300, "vehicleType": "standard", "operatingHours": [{"startTime": "09:00", "endTime": "19:00"}], "operatingDays": [0, 1, 2, 3, 4, 5, 6], "exclusions": [], "overlappingRegulations": [], "lastUpdated": "2025-10-01", "category": "パーキング・メーター", "restriction1": "", "restriction2": "１月１日〜３日を除く", "supportsTruck": true, "supportsMotorcycle": false, "supportsStandard": true, "supportsSenior": false}, "geometry": {"type": "LineString", "coordinates": [[139.767967774948, 35.708285696993], [139.768221710366, 35.7083794413882], [139.768353639311, 35.7084162964219], [139.768551575269, 35.7084348847423], [139.768988650933, 35.7084464855155]]}}, {"type": "Feature", "properties": {"id": "13_998", "prefCode": "13", "policeStationCode": "", "name": "パーキング・メーター #998", "spaces": null, "timeLimitMinutes": 60, "feeYen": 300, "vehicleType": "standard", "operatingHours": [{"startTime": "09:00", "endTime": "19:00"}], "operatingDays": [1, 2, 3, 4, 5, 6], "exclusions": ["holidays", "sundays"], "overlappingRegulations": [], "lastUpdated": "2025-10-01", "category": "パーキング・メーター", "restriction1": "日曜・休日を除く", "restriction2": "１月１日〜３日を除く", "supportsTruck": true, "supportsMotorcycle": false, "supportsStandard": true, "supportsSenior": false}, "geometry": {"type": "MultiLineString", "coordinates": [[[139.782851802939, 35.7167167242928], [139.78325265268, 35.7178281363209]], [[139.783389436417, 35.7177956557043], [139.783001743593, 35.7166949862916]]]}}, {"type": "Feature", "properties": {"id": "13_1001", "prefCode": "13", "policeStationCode": "", "name": "パーキング・メーター #1001", "spaces": null, "timeLimitMinutes": 60, "feeYen": 300, "vehicleType": "standard", "operatingHours": [{"startTime": "09:00", "endTime": "19:00"}], "operatingDays": [1, 2, 3, 4, 5, 6], "exclusions": ["holidays", "sundays"], "overlappingRegulations": [], "lastUpdated": "2025-10-01", "category": "パーキング・メーター", "restriction1": "日曜・休日を除く", "restriction2": "１月１日〜３日を除く", "supportsTruck": false, "supportsMotorcycle": false, "supportsStandard": true, "supportsSenior": false}, "geometry": {"type": "LineString", "coordinates": [[139.71332312962, 35.6342830188799], [139.712986829462, 35.634368782389], [139.712643988707, 35.6344114905311]]}}, {"type": "Feature", "properties": {"id": "13_1003", "prefCode": "13", "policeStationCode": "", "name": "パーキング・メーター #1003", "spaces": null, "timeLimitMinutes": 60, "feeYen": 300, "vehicleType": "standard", "operatingHours": [{"startTime": "09:00", "endTime": "19:00"}], "operatingDays": [1, 2, 3, 4, 5, 6], "exclusions": ["holidays", "sundays"], "overlappingRegulations": [], "lastUpdated": "2025-10-01", "category": "パーキング・メーター", "restriction1": "日曜・休日を除く", "restriction2": "１月１日〜３日を除く", "supportsTruck": true, "supportsMotorcycle": false, "supportsStandard": true, "supportsSenior": false}, "geometry": {"type": "MultiLineString", "coordinates": [[[139.774858796316, 35.6846085189491], [139.776605740105, 35.684876184487]], [[139.776695748356, 35.6847788948831], [139.774844691964, 35.6844941811228]]]}}, {"type": "Feature", "properties": {"id": "13_1005", "prefCode": "13", "policeStationCode": "", "name": "パーキング・メーター #1005", "spaces": null, "timeLimitMinutes": 60, "feeYen": 300, "vehicleType": "standard", "operatingHours": [{"startTime": "09:00", "endTime": "19:00"}], "operatingDays": [1, 2, 3, 4, 5, 6], "exclusions": ["holidays", "sundays"], "overlappingRegulations": [], "lastUpdated": "2025-10-01", "category": "パーキング・メーター", "restriction1": "日曜・休日を除く", "restriction2": "１月１日〜３日を除く", "supportsTruck": false, "supportsMotorcycle": false, "supportsStandard": true, "supportsSenior": false}, "geometry": {"type": "MultiLineString", "coordinates": [[[139.77460950645, 35.6571948377409], [139.775497070468, 35.6578072630739]], [[139.775594905219, 35.6577675564525], [139.774681017863, 35.6571712241732]]]}}, {"type": "Feature", "properties": {"id": "13_1007", "prefCode": "13", "policeStationCode": "", "name": "パーキング・メーター #1007", "spaces": null, "timeLimitMinutes": 60, "feeYen": 300, "vehicleType": "standard", "operatingHours": [{"startTime": "09:00", "endTime": "19:00"}], "operatingDays": [1, 2, 3, 4, 5, 6], "exclusions": ["holidays", "sundays"], "overlappingRegulations": [], "lastUpdated": "2025-10-01", "category": "パーキング・メーター", "restriction1": "日曜・休日を除く", "restriction2": "１月１日〜３日を除く", "supportsTruck": false, "supportsMotorcycle": false, "supportsStandard": true, "supportsSenior": false}, "geometry": {"type": "LineString", "coordinates": [[139.665921319171, 35.7827046543584], [139.665886542806, 35.7825328214254]]}}, {"type": "Feature", "properties": {"id": "13_1008", "prefCode": "13", "policeStationCode": "", "name": "パーキング・メーター #1008", "spaces": null, "timeLimitMinutes": 60, "feeYen": 300, "vehicleType": "standard", "operatingHours": [{"startTime": "09:00", "endTime": "19:00"}], "operatingDays": [1, 2, 3, 4, 5, 6], "exclusions": ["holidays", "sundays"], "overlappingRegulations": [], "lastUpdated": "2025-10-01", "category": "パーキング・メーター", "restriction1": "日曜・休日を除く", "restriction2": "１月１日〜３日を除く", "supportsTruck": false, "supportsMotorcycle": false, "supportsStandard": true, "supportsSenior": false}, "geometry": {"type": "LineString", "coordinates": [[139.75789869324, 35.6687742021822], [139.757067105188, 35.6690395309187]]}}, {"type": "Feature", "properties": {"id": "13_1009", "prefCode": "13", "policeStationCode": "", "name": "パーキング・メーター #1009", "spaces": null, "timeLimitMinutes": 60, "feeYen": 300, "vehicleType": "standard", "operatingHours": [{"startTime": "09:00", "endTime": "19:00"}], "operatingDays": [1, 2, 3, 4, 5, 6], "exclusions": ["holidays", "sundays"], "overlappingRegulations": [], "lastUpdated": "2025-10-01", "category": "パーキング・メーター", "restriction1": "日曜・休日を除く", "restriction2": "１月１日〜３日を除く", "supportsTruck": false, "supportsMotorcycle": false, "supportsStandard": true, "supportsSenior": false}, "geometry": {"type": "LineString", "coordinates": [[139.756159087259, 35.642784683127], [139.756157616567, 35.6420582537483]]}}, {"type": "Feature", "properties": {"id": "13_1010", "prefCode": "13", "policeStationCode": "", "name": "パーキング・メーター #1010", "spaces": null, "timeLimitMinutes": 60, "feeYen": 300, "vehicleType": "standard", "operatingHours": [{"startTime": "09:00", "endTime": "19:00"}], "operatingDays": [1, 2, 3, 4, 5, 6], "exclusions": ["holidays", "sundays"], "overlappingRegulations": [], "lastUpdated": "2025-10-01", "category": "パーキング・メーター", "restriction1": "日曜・休日を除く", "restriction2": "１月１日〜３日を除く", "supportsTruck": true, "supportsMotorcycle": false, "supportsStandard": true, "supportsSenior": false}, "geometry": {"type": "LineString", "coordinates": [[139.749876214473, 35.6485350246088], [139.749956602777, 35.6489086935297], [139.750104333021, 35.6491888727728], [139.750166074287, 35.6493104977651], [139.750257837241, 35.6499047272268]]}}, {"type": "Feature", "properties": {"id": "13_1011", "prefCode": "13", "policeStationCode": "", "name": "パーキング・メーター #1011", "spaces": null, "timeLimitMinutes": 60, "feeYen": 300, "vehicleType": "standard", "operatingHours": [{"startTime": "09:30", "endTime": "19:00"}], "operatingDays": [0, 1, 2, 3, 4, 5, 6], "exclusions": [], "overlappingRegulations": [], "lastUpdated": "2025-10-01", "category": "パーキング・メーター", "restriction1": "", "restriction2": "１月１日〜３日を除く", "supportsTruck": false, "supportsMotorcycle": false, "supportsStandard": true, "supportsSenior": false}, "geometry": {"type": "LineString", "coordinates": [[139.668846477437, 35.6431970902187], [139.66806145861, 35.6430462017916], [139.667433873101, 35.6430099333025], [139.666348067056, 35.6429802301389]]}}, {"type": "Feature", "properties": {"id": "13_1012", "prefCode": "13", "policeStationCode": "", "name": "パーキング・チケット #1012", "spaces": null, "timeLimitMinutes": 60, "feeYen": 300, "vehicleType": "standard", "operatingHours": [{"startTime": "09:00", "endTime": "19:00"}], "operatingDays": [1, 2, 3, 4, 5, 6], "exclusions": ["holidays", "sundays"], "overlappingRegulations": [], "lastUpdated": "2025-10-01", "category": "パーキング・チケット", "restriction1": "日曜・休日を除く", "restriction2": "１月１日〜３日を除く", "supportsTruck": false, "supportsMotorcycle": false, "supportsStandard": true, "supportsSenior": false}, "geometry": {"type": "LineString", "coordinates": [[139.768399052907, 35.6863325881112], [139.768610372883, 35.6868896548781]]}}, {"type": "Feature", "properties": {"id": "13_1014", "prefCode": "13", "policeStationCode": "", "name": "パーキング・メーター #1014", "spaces": null, "timeLimitMinutes": 60, "feeYen": 300, "vehicleType": "standard", "operatingHours": [{"startTime": "09:00", "endTime": "19:00"}], "operatingDays": [1, 2, 3, 4, 5, 6], "exclusions": ["holidays", "sundays"], "overlappingRegulations": [], "lastUpdated": "2025-10-01", "category": "パーキング・メーター", "restriction1": "日曜・休日を除く", "restriction2": "１月１日〜３日を除く", "supportsTruck": true, "supportsMotorcycle": false, "supportsStandard": true, "supportsSenior": false}, "geometry": {"type": "LineString", "coordinates": [[139.783816546253, 35.7190143918394], [139.783448570007, 35.7179459421793]]}}, {"type": "Feature", "properties": {"id": "13_1015", "prefCode": "13", "policeStationCode": "", "name": "パーキング・メーター #1015", "spaces": null, "timeLimitMinutes": 60, "feeYen": 300, "vehicleType": "standard", "operatingHours": [{"startTime": "09:00", "endTime": "21:00"}], "operatingDays": [0, 1, 2, 3, 4, 5, 6], "exclusions": [], "overlappingRegulations": [], "lastUpdated": "2025-10-01", "category": "パーキング・メーター", "restriction1": "", "restriction2": "１月１日〜３日を除く", "supportsTruck": true, "supportsMotorcycle": false, "supportsStandard": true, "supportsSenior": false}, "geometry": {"type": "LineString", "coordinates": [[139.770551077695, 35.6703745222493], [139.770128839606, 35.6706701656232], [139.768971105285, 35.6714627194458]]}}, {"type": "Feature", "properties": {"id": "13_1016", "prefCode": "13", "policeStationCode": "", "name": "パーキング・メーター #1016", "spaces": null, "timeLimitMinutes": 60, "feeYen": 300, "vehicleType": "standard", "operatingHours": [{"startTime": "09:00", "endTime": "21:00"}], "operatingDays": [0, 1, 2, 3, 4, 5, 6], "exclusions": [], "overlappingRegulations": [], "lastUpdated": "2025-10-01", "category": "パーキング・メーター", "restriction1": "", "restriction2": "１月１日〜３日を除く", "supportsTruck": true, "supportsMotorcycle": false, "supportsStandard": true, "supportsSenior": false}, "geometry": {"type": "LineString", "coordinates": [[139.771663335401, 35.6736684706427], [139.77218903871, 35.6734774349122], [139.773036813532, 35.6732353496937]]}}, {"type": "Feature", "properties": {"id": "13_1017", "prefCode": "13", "policeStationCode": "", "name": "パーキング・メーター #1017", "spaces": null, "timeLimitMinutes": 60, "feeYen": 300, "vehicleType": "standard", "operatingHours": [{"startTime": "09:00", "endTime": "19:00"}], "operatingDays": [0, 1, 2, 3, 4, 5, 6], "exclusions": [], "overlappingRegulations": [], "lastUpdated": "2025-10-01", "category": "パーキング・メーター", "restriction1": "", "restriction2": "１月１日〜３日を除く", "supportsTruck": true, "supportsMotorcycle": false, "supportsStandard": true, "supportsSenior": false}, "geometry": {"type": "LineString", "coordinates": [[139.665546671986, 35.7118911873688], [139.665949728991, 35.7133879403746], [139.666125188992, 35.7142394098028], [139.668481404983, 35.7163980782475], [139.66856078919, 35.7165281029305]]}}, {"type": "Feature", "properties": {"id": "13_1018", "prefCode": "13", "policeStationCode": "", "name": "パーキング・メーター #1018", "spaces": null, "timeLimitMinutes": 60, "feeYen": 300, "vehicleType": "standard", "operatingHours": [{"startTime": "09:00", "endTime": "21:00"}], "operatingDays": [0, 1, 2, 3, 4, 5, 6], "exclusions": [], "overlappingRegulations": [], "lastUpdated": "2025-10-01", "category": "パーキング・メーター", "restriction1": "", "restriction2": "１月１日〜３日を除く", "supportsTruck": true, "supportsMotorcycle": false, "supportsStandard": true, "supportsSenior": false}, "geometry": {"type": "LineString", "coordinates": [[139.771001130432, 35.6729818685963], [139.771528497045, 35.6736025795838]]}}, {"type": "Feature", "properties": {"id": "13_1019", "prefCode": "13", "policeStationCode": "", "name": "パーキング・メーター #1019", "spaces": null, "timeLimitMinutes": 60, "feeYen": 300, "vehicleType": "standard", "operatingHours": [{"startTime": "09:00", "endTime": "19:00"}], "operatingDays": [1, 2, 3, 4, 5, 6], "exclusions": ["holidays", "sundays"], "overlappingRegulations": [], "lastUpdated": "2025-10-01", "category": "パーキング・メーター", "restriction1": "日曜・休日を除く", "restriction2": "１月１日〜３日を除く", "supportsTruck": true, "supportsMotorcycle": false, "supportsStandard": true, "supportsSenior": false}, "geometry": {"type": "MultiLineString", "coordinates": [[[139.766074219374, 35.6656326443493], [139.766680719663, 35.6651266433144], [139.767686552282, 35.6643677672288]], [[139.767573416137, 35.6642747010498], [139.766932993797, 35.6647530316806], [139.766554915131, 35.6650455818439], [139.765943033218, 35.6655371094469]]]}}, {"type": "Feature", "properties": {"id": "13_1021", "prefCode": "13", "policeStationCode": "", "name": "パーキング・メーター #1021", "spaces": null, "timeLimitMinutes": 60, "feeYen": 300, "vehicleType": "standard", "operatingHours": [{"startTime": "09:30", "endTime": "19:00"}], "operatingDays": [1, 2, 3, 4, 5, 6], "exclusions": ["holidays", "sundays"], "overlappingRegulations": [], "lastUpdated": "2025-10-01", "category": "パーキング・メーター", "restriction1": "日曜・休日を除く", "restriction2": "１月１日〜３日を除く", "supportsTruck": false, "supportsMotorcycle": false, "supportsStandard": true, "supportsSenior": false}, "geometry": {"type": "LineString", "coordinates": [[139.79890765507, 35.6806608879494], [139.798750519305, 35.6819262790411]]}}, {"type": "Feature", "properties": {"id": "13_1026", "prefCode": "13", "policeStationCode": "", "name": "パーキング・メーター #1026", "spaces": null, "timeLimitMinutes": 60, "feeYen": 300, "vehicleType": "standard", "operatingHours": [{"startTime": "09:00", "endTime": "19:00"}], "operatingDays": [1, 2, 3, 4, 5, 6], "exclusions": ["holidays", "sundays"], "overlappingRegulations": [], "lastUpdated": "2025-10-01", "category": "パーキング・メーター", "restriction1": "日曜・休日を除く", "restriction2": "１月１日〜３日を除く", "supportsTruck": true, "supportsMotorcycle": false, "supportsStandard": true, "supportsSenior": false}, "geometry": {"type": "LineString", "coordinates": [[139.816187137154, 35.6720220899665], [139.814867459881, 35.6719853917932]]}}, {"type": "Feature", "properties": {"id": "13_1027", "prefCode": "13", "policeStationCode": "", "name": "パーキング・メーター #1027", "spaces": null, "timeLimitMinutes": 60, "feeYen": 300, "vehicleType": "standard", "operatingHours": [{"startTime": "09:00", "endTime": "19:00"}], "operatingDays": [1, 2, 3, 4, 5, 6], "exclusions": ["holidays", "sundays"], "overlappingRegulations": [], "lastUpdated": "2025-10-01", "category": "パーキング・メーター", "restriction1": "日曜・休日を除く", "restriction2": "１月１日〜３日を除く", "supportsTruck": true, "supportsMotorcycle": false, "supportsStandard": true, "supportsSenior": false}, "geometry": {"type": "MultiLineString", "coordinates": [[[139.752321055418, 35.6430687678328], [139.752815429753, 35.6440241079566], [139.75342798956, 35.6452405075228], [139.753715817619, 35.6457681138487], [139.75381823494, 35.6459761197545], [139.7540751036, 35.646568942824], [139.75417958953, 35.6467917117666], [139.754776842124, 35.6480751596982]], [[139.755025771562, 35.6481676321507], [139.754329193715, 35.6466714443337], [139.753959261653, 35.6459158942109], [139.75298548644, 35.6439871166427], [139.752791279669, 35.6435828753092], [139.752538714149, 35.6431010592162]]]}}, {"type": "Feature", "properties": {"id": "13_1029", "prefCode": "13", "policeStationCode": "", "name": "パーキング・メーター #1029", "spaces": null, "timeLimitMinutes": 60, "feeYen": 300, "vehicleType": "standard", "operatingHours": [{"startTime": "08:00", "endTime": "20:00"}], "operatingDays": [0, 1, 2, 3, 4, 5, 6], "exclusions": [], "overlappingRegulations": [], "lastUpdated": "2025-10-01", "category": "パーキング・メーター", "restriction1": "", "restriction2": "１月１日〜３日を除く", "supportsTruck": true, "supportsMotorcycle": false, "supportsStandard": true, "supportsSenior": false}, "geometry": {"type": "LineString", "coordinates": [[139.752500247111, 35.7012984261255], [139.753331779347, 35.6997685449037], [139.753753836711, 35.6989890297606], [139.754472023619, 35.6976745750405], [139.755200156392, 35.6963277211908], [139.755392300571, 35.695983084594]]}}, {"type": "Feature", "properties": {"id": "13_1030", "prefCode": "13", "policeStationCode": "", "name": "パーキング・メーター #1030", "spaces": null, "timeLimitMinutes": 60, "feeYen": 300, "vehicleType": "standard", "operatingHours": [{"startTime": "08:00", "endTime": "20:00"}], "operatingDays": [0, 1, 2, 3, 4, 5, 6], "exclusions": [], "overlappingRegulations": [], "lastUpdated": "2025-10-01", "category": "パーキング・メーター", "restriction1": "", "restriction2": "１月１日〜３日を除く", "supportsTruck": true, "supportsMotorcycle": false, "supportsStandard": true, "supportsSenior": false}, "geometry": {"type": "LineString", "coordinates": [[139.755522533623, 35.6957475714318], [139.755681141056, 35.6954683261657], [139.755793225594, 35.6952478577803], [139.755827968816, 35.6951503029539], [139.755848781178, 35.6949087719937], [139.7559285798, 35.6942176087755], [139.756010325759, 35.6939597134413]]}}, {"type": "Feature", "properties": {"id": "13_1031", "prefCode": "13", "policeStationCode": "", "name": "パーキング・メーター #1031", "spaces": null, "timeLimitMinutes": 60, "feeYen": 300, "vehicleType": "standard", "operatingHours": [{"startTime": "08:00", "endTime": "20:00"}], "operatingDays": [0, 1, 2, 3, 4, 5, 6], "exclusions": [], "overlappingRegulations": [], "lastUpdated": "2025-10-01", "category": "パーキング・メーター", "restriction1": "", "restriction2": "１月１日〜３日を除く", "supportsTruck": true, "supportsMotorcycle": false, "supportsStandard": true, "supportsSenior": false}, "geometry": {"type": "LineString", "coordinates": [[139.755769526641, 35.6941882747184], [139.75574077286, 35.6943888999203], [139.755667150129, 35.6951234454898], [139.755605301298, 35.6952879229891], [139.755354149007, 35.6957074773018]]}}, {"type": "Feature", "properties": {"id": "13_1033", "prefCode": "13", "policeStationCode": "", "name": "パーキング・メーター #1033", "spaces": null, "timeLimitMinutes": 60, "feeYen": 300, "vehicleType": "standard", "operatingHours": [{"startTime": "09:00", "endTime": "19:00"}], "operatingDays": [1, 2, 3, 4, 5, 6], "exclusions": ["holidays", "sundays"], "overlappingRegulations": [], "lastUpdated": "2025-10-01", "category": "パーキング・メーター", "restriction1": "日曜・休日を除く", "restriction2": "１月１日〜３日を除く", "supportsTruck": false, "supportsMotorcycle": false, "supportsStandard": true, "supportsSenior": false}, "geometry": {"type": "MultiLineString", "coordinates": [[[139.748826573625, 35.6600098068307], [139.74890827511, 35.6601211519172], [139.748964626598, 35.6603354324373], [139.749235164463, 35.6614912137245], [139.749342682759, 35.6619595584125], [139.749392136912, 35.6637069261802], [139.749425546776, 35.6638329824534], [139.749481681362, 35.664313653168], [139.749545087512, 35.6647742318516], [139.749602451196, 35.6651422732658], [139.749674125042, 35.6654152202489], [139.749760266049, 35.6656321410473]], [[139.749866800196, 35.6655582391241], [139.749804257772, 35.6654093544907], [139.749727620131, 35.6651209531115], [139.749672559817, 35.6647438048788], [139.749589377334, 35.6641374362905], [139.749544259032, 35.663656085303], [139.749484671825, 35.662077276454], [139.749442911633, 35.6618240301848], [139.74903340642, 35.660079928654], [139.749008206691, 35.6599190018795]]]}}, {"type": "Feature", "properties": {"id": "13_1035", "prefCode": "13", "policeStationCode": "", "name": "パーキング・メーター #1035", "spaces": null, "timeLimitMinutes": 40, "feeYen": 200, "vehicleType": "standard", "operatingHours": [{"startTime": "07:00", "endTime": "20:00"}], "operatingDays": [0, 1, 2, 3, 4, 5, 6], "exclusions": [], "overlappingRegulations": [], "lastUpdated": "2025-10-01", "category": "パーキング・メーター", "restriction1": "", "restriction2": "１月１日〜３日を除く", "supportsTruck": true, "supportsMotorcycle": false, "supportsStandard": true, "supportsSenior": false}, "geometry": {"type": "LineString", "coordinates": [[139.701817777755, 35.6898346819223], [139.701472408149, 35.6906423254903]]}}, {"type": "Feature", "properties": {"id": "13_1036", "prefCode": "13", "policeStationCode": "", "name": "パーキング・メーター #1036", "spaces": null, "timeLimitMinutes": 40, "feeYen": 200, "vehicleType": "standard", "operatingHours": [{"startTime": "07:00", "endTime": "14:00"}], "operatingDays": [1, 2, 3, 4, 5, 6], "exclusions": ["holidays", "sundays"], "overlappingRegulations": [], "lastUpdated": "2025-10-01", "category": "パーキング・メーター", "restriction1": "日曜・休日を除く", "restriction2": "１月１日〜３日を除く", "supportsTruck": true, "supportsMotorcycle": false, "supportsStandard": true, "supportsSenior": false}, "geometry": {"type": "LineString", "coordinates": [[139.702100148997, 35.6897176965774], [139.702176505026, 35.6902479065125], [139.702269447714, 35.6907534054024], [139.702410842669, 35.6912888281061], [139.702597411242, 35.691785945519]]}}, {"type": "Feature", "properties": {"id": "13_1037", "prefCode": "13", "policeStationCode": "", "name": "パーキング・メーター #1037", "spaces": null, "timeLimitMinutes": 40, "feeYen": 200, "vehicleType": "standard", "operatingHours": [{"startTime": "07:00", "endTime": "20:00"}], "operatingDays": [0, 1, 2, 3, 4, 5, 6], "exclusions": [], "overlappingRegulations": [], "lastUpdated": "2025-10-01", "category": "パーキング・メーター", "restriction1": "", "restriction2": "１月１日〜３日を除く", "supportsTruck": true, "supportsMotorcycle": false, "supportsStandard": true, "supportsSenior": false}, "geometry": {"type": "LineString", "coordinates": [[139.704322641587, 35.6904252335223], [139.703490468572, 35.6905983228758], [139.703255173698, 35.6906423897029], [139.702331312587, 35.690705033729]]}}, {"type": "Feature", "properties": {"id": "13_1038", "prefCode": "13", "policeStationCode": "", "name": "パーキング・チケット #1038", "spaces": null, "timeLimitMinutes": 40, "feeYen": 200, "vehicleType": "standard", "operatingHours": [{"startTime": "07:00", "endTime": "20:00"}], "operatingDays": [0, 1, 2, 3, 4, 5, 6], "exclusions": [], "overlappingRegulations": [], "lastUpdated": "2025-10-01", "category": "パーキング・チケット", "restriction1": "", "restriction2": "１月１日〜３日を除く", "supportsTruck": true, "supportsMotorcycle": false, "supportsStandard": true, "supportsSenior": false}, "geometry": {"type": "MultiLineString", "coordinates": [[[139.701552531471, 35.6936536313136], [139.703415286594, 35.6932155280003], [139.704521054564, 35.6928947078314]], [[139.704436683975, 35.6926753947361], [139.703080089378, 35.6930659194086], [139.701460270243, 35.6934400184163]]]}}, {"type": "Feature", "properties": {"id": "13_1041", "prefCode": "13", "policeStationCode": "", "name": "パーキング・メーター #1041", "spaces": null, "timeLimitMinutes": 40, "feeYen": 200, "vehicleType": "standard", "operatingHours": [{"startTime": "07:00", "endTime": "20:00"}], "operatingDays": [1, 2, 3, 4, 5, 6], "exclusions": ["holidays", "sundays"], "overlappingRegulations": [], "lastUpdated": "2025-10-01", "category": "パーキング・メーター", "restriction1": "日曜・休日を除く", "restriction2": "１月１日〜３日を除く", "supportsTruck": true, "supportsMotorcycle": false, "supportsStandard": true, "supportsSenior": false}, "geometry": {"type": "MultiLineString", "coordinates": [[[139.702593553291, 35.6919274415257], [139.703666623417, 35.6914508809388]], [[139.703598756895, 35.6913967466973], [139.70206388221, 35.6920905071347]]]}}, {"type": "Feature", "properties": {"id": "13_1043", "prefCode": "13", "policeStationCode": "", "name": "パーキング・チケット #1043", "spaces": null, "timeLimitMinutes": 40, "feeYen": 200, "vehicleType": "standard", "operatingHours": [{"startTime": "07:00", "endTime": "20:00"}], "operatingDays": [0, 1, 2, 3, 4, 5, 6], "exclusions": [], "overlappingRegulations": [], "lastUpdated": "2025-10-01", "category": "パーキング・チケット", "restriction1": "", "restriction2": "１月１日〜３日を除く", "supportsTruck": true, "supportsMotorcycle": false, "supportsStandard": true, "supportsSenior": false}, "geometry": {"type": "MultiLineString", "coordinates": [[[139.70163901808, 35.6908410446355], [139.701532148194, 35.6918018624099]], [[139.701589141942, 35.6917894474317], [139.701709110516, 35.6908662223826]]]}}, {"type": "Feature", "properties": {"id": "13_1045", "prefCode": "13", "policeStationCode": "", "name": "パーキング・メーター #1045", "spaces": null, "timeLimitMinutes": 60, "feeYen": 300, "vehicleType": "standard", "operatingHours": [{"startTime": "09:00", "endTime": "19:00"}], "operatingDays": [1, 2, 3, 4, 5, 6], "exclusions": ["holidays", "sundays"], "overlappingRegulations": [], "lastUpdated": "2025-10-01", "category": "パーキング・メーター", "restriction1": "日曜・休日を除く", "restriction2": "１月１日〜３日を除く", "supportsTruck": false, "supportsMotorcycle": false, "supportsStandard": true, "supportsSenior": false}, "geometry": {"type": "MultiLineString", "coordinates": [[[139.686646022222, 35.6323345348755], [139.686641358828, 35.6334651336404], [139.686630879347, 35.6340309172146], [139.686601910294, 35.6341849834704], [139.686525185709, 35.6344353462748]], [[139.686670723825, 35.6342960646217], [139.686727564245, 35.6340024258091], [139.686742229734, 35.6323598794611]]]}}, {"type": "Feature", "properties": {"id": "13_1047", "prefCode": "13", "policeStationCode": "", "name": "パーキング・メーター #1047", "spaces": null, "timeLimitMinutes": 60, "feeYen": 300, "vehicleType": "standard", "operatingHours": [{"startTime": "09:00", "endTime": "19:00"}], "operatingDays": [0, 1, 2, 3, 4, 5, 6], "exclusions": [], "overlappingRegulations": [], "lastUpdated": "2025-10-01", "category": "パーキング・メーター", "restriction1": "", "restriction2": "１月１日〜３日を除く", "supportsTruck": false, "supportsMotorcycle": false, "supportsStandard": true, "supportsSenior": false}, "geometry": {"type": "LineString", "coordinates": [[139.796113296736, 35.7108471842031], [139.794717850048, 35.7110185230299], [139.793631776432, 35.7111631057531]]}}, {"type": "Feature", "properties": {"id": "13_1048", "prefCode": "13", "policeStationCode": "", "name": "パーキング・メーター #1048", "spaces": null, "timeLimitMinutes": 40, "feeYen": 200, "vehicleType": "standard", "operatingHours": [{"startTime": "09:00", "endTime": "19:00"}], "operatingDays": [1, 2, 3, 4, 5, 6], "exclusions": ["holidays", "sundays"], "overlappingRegulations": [], "lastUpdated": "2025-10-01", "category": "パーキング・メーター", "restriction1": "日曜・休日を除く", "restriction2": "１月１日〜３日を除く", "supportsTruck": true, "supportsMotorcycle": false, "supportsStandard": true, "supportsSenior": false}, "geometry": {"type": "LineString", "coordinates": [[139.79179583314, 35.7056695187626], [139.791400852156, 35.7058089586905]]}}, {"type": "Feature", "properties": {"id": "13_1049", "prefCode": "13", "policeStationCode": "", "name": "パーキング・メーター #1049", "spaces": null, "timeLimitMinutes": 40, "feeYen": 200, "vehicleType": "standard", "operatingHours": [{"startTime": "09:00", "endTime": "19:00"}], "operatingDays": [1, 2, 3, 4, 5, 6], "exclusions": ["holidays", "sundays"], "overlappingRegulations": [], "lastUpdated": "2025-10-01", "category": "パーキング・メーター", "restriction1": "日曜・休日を除く", "restriction2": "１月１日〜３日を除く", "supportsTruck": true, "supportsMotorcycle": false, "supportsStandard": true, "supportsSenior": false}, "geometry": {"type": "LineString", "coordinates": [[139.791905544752, 35.7057549889441], [139.792695500334, 35.7054814728126]]}}, {"type": "Feature", "properties": {"id": "13_1050", "prefCode": "13", "policeStationCode": "", "name": "パーキング・メーター #1050", "spaces": null, "timeLimitMinutes": 40, "feeYen": 200, "vehicleType": "standard", "operatingHours": [{"startTime": "07:00", "endTime": "20:00"}], "operatingDays": [0, 1, 2, 3, 4, 5, 6], "exclusions": [], "overlappingRegulations": [], "lastUpdated": "2025-10-01", "category": "パーキング・メーター", "restriction1": "", "restriction2": "１月１日〜３日を除く", "supportsTruck": true, "supportsMotorcycle": false, "supportsStandard": true, "supportsSenior": false}, "geometry": {"type": "LineString", "coordinates": [[139.700751274119, 35.662361540846], [139.700745331916, 35.6627811518328], [139.700757350746, 35.6628604875908], [139.700779797643, 35.6629391232373], [139.70086418127, 35.6630571501829], [139.700982166397, 35.6632013716588], [139.701126470614, 35.6633634398949]]}}, {"type": "Feature", "properties": {"id": "13_1051", "prefCode": "13", "policeStationCode": "", "name": "パーキング・メーター #1051", "spaces": null, "timeLimitMinutes": 40, "feeYen": 200, "vehicleType": "standard", "operatingHours": [{"startTime": "07:00", "endTime": "20:00"}], "operatingDays": [0, 1, 2, 3, 4, 5, 6], "exclusions": [], "overlappingRegulations": [], "lastUpdated": "2025-10-01", "category": "パーキング・メーター", "restriction1": "", "restriction2": "１月１日〜３日を除く", "supportsTruck": true, "supportsMotorcycle": false, "supportsStandard": true, "supportsSenior": false}, "geometry": {"type": "LineString", "coordinates": [[139.701248205496, 35.6632469402805], [139.701106971037, 35.6631460680691], [139.701009027651, 35.6630325111813], [139.700958696094, 35.6629558464634], [139.700927145256, 35.66287344649], [139.700907428957, 35.6627857097258], [139.700895552739, 35.6626467420936], [139.700893071447, 35.6623608313112]]}}, {"type": "Feature", "properties": {"id": "13_1052", "prefCode": "13", "policeStationCode": "", "name": "パーキング・メーター #1052", "spaces": null, "timeLimitMinutes": 20, "feeYen": 100, "vehicleType": "standard", "operatingHours": [{"startTime": "07:00", "endTime": "20:00"}], "operatingDays": [0, 1, 2, 3, 4, 5, 6], "exclusions": [], "overlappingRegulations": [], "lastUpdated": "2025-10-01", "category": "パーキング・メーター", "restriction1": "", "restriction2": "１月１日〜３日を除く", "supportsTruck": false, "supportsMotorcycle": false, "supportsStandard": true, "supportsSenior": false}, "geometry": {"type": "LineString", "coordinates": [[139.700753624735, 35.6613141016882], [139.700751963454, 35.6621034544242]]}}, {"type": "Feature", "properties": {"id": "13_1053", "prefCode": "13", "policeStationCode": "", "name": "パーキング・メーター #1053", "spaces": null, "timeLimitMinutes": 40, "feeYen": 200, "vehicleType": "standard", "operatingHours": [{"startTime": "07:00", "endTime": "20:00"}], "operatingDays": [0, 1, 2, 3, 4, 5, 6], "exclusions": [], "overlappingRegulations": [], "lastUpdated": "2025-10-01", "category": "パーキング・メーター", "restriction1": "", "restriction2": "１月１日〜３日を除く", "supportsTruck": true, "supportsMotorcycle": false, "supportsStandard": true, "supportsSenior": false}, "geometry": {"type": "LineString", "coordinates": [[139.700891483643, 35.6621162009447], [139.700889110211, 35.6613158159074]]}}, {"type": "Feature", "properties": {"id": "13_1056", "prefCode": "13", "policeStationCode": "", "name": "パーキング・メーター #1056", "spaces": null, "timeLimitMinutes": 40, "feeYen": 200, "vehicleType": "standard", "operatingHours": [{"startTime": "09:00", "endTime": "19:00"}], "operatingDays": [1, 2, 3, 4, 5, 6], "exclusions": ["holidays", "sundays"], "overlappingRegulations": [], "lastUpdated": "2025-10-01", "category": "パーキング・メーター", "restriction1": "日曜・休日を除く", "restriction2": "１月１日〜３日を除く", "supportsTruck": false, "supportsMotorcycle": false, "supportsStandard": true, "supportsSenior": false}, "geometry": {"type": "LineString", "coordinates": [[139.782053898633, 35.7070798091799], [139.782862800811, 35.706981112164]]}}, {"type": "Feature", "properties": {"id": "13_1057", "prefCode": "13", "policeStationCode": "", "name": "パーキング・メーター #1057", "spaces": null, "timeLimitMinutes": 40, "feeYen": 200, "vehicleType": "standard", "operatingHours": [{"startTime": "09:00", "endTime": "19:00"}], "operatingDays": [1, 2, 3, 4, 5, 6], "exclusions": ["holidays", "sundays"], "overlappingRegulations": [], "lastUpdated": "2025-10-01", "category": "パーキング・メーター", "restriction1": "日曜・休日を除く", "restriction2": "１月１日〜３日を除く", "supportsTruck": true, "supportsMotorcycle": false, "supportsStandard": true, "supportsSenior": false}, "geometry": {"type": "LineString", "coordinates": [[139.783564250195, 35.7068170015669], [139.782453444908, 35.7069441480947]]}}, {"type": "Feature", "properties": {"id": "13_1059", "prefCode": "13", "policeStationCode": "", "name": "パーキング・メーター #1059", "spaces": null, "timeLimitMinutes": 60, "feeYen": 300, "vehicleType": "standard", "operatingHours": [{"startTime": "09:00", "endTime": "19:00"}], "operatingDays": [1, 2, 3, 4, 5, 6], "exclusions": ["holidays", "sundays"], "overlappingRegulations": [], "lastUpdated": "2025-10-01", "category": "パーキング・メーター", "restriction1": "日曜・休日を除く", "restriction2": "１月１日〜３日を除く", "supportsTruck": true, "supportsMotorcycle": false, "supportsStandard": true, "supportsSenior": false}, "geometry": {"type": "MultiLineString", "coordinates": [[[139.778593634822, 35.6906956873711], [139.779530566984, 35.6896196624444], [139.780431769384, 35.6885614506419], [139.781378813951, 35.6874238287859], [139.782273918563, 35.686397768587]], [[139.782162854413, 35.686345523912], [139.781337593344, 35.6872874838254], [139.780542158792, 35.6882285575196], [139.779462587291, 35.6895068092099], [139.778491123746, 35.6906201749083]]]}}, {"type": "Feature", "properties": {"id": "13_1061", "prefCode": "13", "policeStationCode": "", "name": "パーキング・メーター #1061", "spaces": null, "timeLimitMinutes": 60, "feeYen": 300, "vehicleType": "standard", "operatingHours": [{"startTime": "07:00", "endTime": "20:00"}], "operatingDays": [0, 1, 2, 3, 4, 5, 6], "exclusions": [], "overlappingRegulations": [], "lastUpdated": "2025-10-01", "category": "パーキング・メーター", "restriction1": "", "restriction2": "１月１日〜３日を除く", "supportsTruck": true, "supportsMotorcycle": false, "supportsStandard": true, "supportsSenior": false}, "geometry": {"type": "LineString", "coordinates": [[139.702223175404, 35.6635031603752], [139.70231235307, 35.6619911629892]]}}, {"type": "Feature", "properties": {"id": "13_1062", "prefCode": "13", "policeStationCode": "", "name": "パーキング・メーター #1062", "spaces": null, "timeLimitMinutes": 60, "feeYen": 300, "vehicleType": "standard", "operatingHours": [{"startTime": "09:00", "endTime": "19:00"}], "operatingDays": [1, 2, 3, 4, 5, 6], "exclusions": ["holidays", "sundays"], "overlappingRegulations": [], "lastUpdated": "2025-10-01", "category": "パーキング・メーター", "restriction1": "日曜・休日を除く", "restriction2": "１月１日〜３日を除く", "supportsTruck": false, "supportsMotorcycle": false, "supportsStandard": true, "supportsSenior": false}, "geometry": {"type": "LineString", "coordinates": [[139.715270791528, 35.6338194919382], [139.715270521054, 35.6340034212099], [139.714965193323, 35.6347810045741]]}}, {"type": "Feature", "properties": {"id": "13_1063", "prefCode": "13", "policeStationCode": "", "name": "パーキング・メーター #1063", "spaces": null, "timeLimitMinutes": 60, "feeYen": 300, "vehicleType": "standard", "operatingHours": [{"startTime": "09:00", "endTime": "19:00"}], "operatingDays": [1, 2, 3, 4, 5, 6], "exclusions": ["holidays", "sundays"], "overlappingRegulations": [], "lastUpdated": "2025-10-01", "category": "パーキング・メーター", "restriction1": "日曜・休日を除く", "restriction2": "１月１日〜３日を除く", "supportsTruck": false, "supportsMotorcycle": false, "supportsStandard": true, "supportsSenior": false}, "geometry": {"type": "MultiLineString", "coordinates": [[[139.726452297047, 35.7340067723348], [139.726832489291, 35.7349691616036], [139.726921039659, 35.7350871550801]], [[139.726930874248, 35.7349346666289], [139.726713916396, 35.734352908442], [139.726647950325, 35.7341956997521], [139.726556355691, 35.7339391572038]]]}}, {"type": "Feature", "properties": {"id": "13_1065", "prefCode": "13", "policeStationCode": "", "name": "パーキング・メーター #1065", "spaces": null, "timeLimitMinutes": 60, "feeYen": 300, "vehicleType": "standard", "operatingHours": [{"startTime": "09:00", "endTime": "19:00"}], "operatingDays": [0, 1, 2, 3, 4, 5, 6], "exclusions": [], "overlappingRegulations": [], "lastUpdated": "2025-10-01", "category": "パーキング・メーター", "restriction1": "", "restriction2": "１月１日〜３日を除く", "supportsTruck": false, "supportsMotorcycle": false, "supportsStandard": true, "supportsSenior": false}, "geometry": {"type": "MultiLineString", "coordinates": [[[139.706307246358, 35.7277005810285], [139.706588128842, 35.7282351825542]], [[139.706734115148, 35.7281689120657], [139.706701397052, 35.7281362292263], [139.706468839138, 35.7277095175688], [139.706443311358, 35.7276455053814]]]}}, {"type": "Feature", "properties": {"id": "13_1067", "prefCode": "13", "policeStationCode": "", "name": "パーキング・メーター #1067", "spaces": null, "timeLimitMinutes": 60, "feeYen": 300, "vehicleType": "standard", "operatingHours": [{"startTime": "09:00", "endTime": "19:00"}], "operatingDays": [1, 2, 3, 4, 5, 6], "exclusions": ["holidays", "sundays"], "overlappingRegulations": [], "lastUpdated": "2025-10-01", "category": "パーキング・メーター", "restriction1": "日曜・休日を除く", "restriction2": "１月１日〜３日を除く", "supportsTruck": false, "supportsMotorcycle": false, "supportsStandard": true, "supportsSenior": false}, "geometry": {"type": "LineString", "coordinates": [[139.783814567554, 35.700794161199], [139.785175698464, 35.7006499069882], [139.787761415103, 35.6998406784898]]}}, {"type": "Feature", "properties": {"id": "13_1068", "prefCode": "13", "policeStationCode": "", "name": "パーキング・メーター #1068", "spaces": null, "timeLimitMinutes": 60, "feeYen": 300, "vehicleType": "standard", "operatingHours": [{"startTime": "09:00", "endTime": "21:00"}], "operatingDays": [0, 1, 2, 3, 4, 5, 6], "exclusions": [], "overlappingRegulations": [], "lastUpdated": "2025-10-01", "category": "パーキング・メーター", "restriction1": "", "restriction2": "１月１日〜３日を除く", "supportsTruck": true, "supportsMotorcycle": false, "supportsStandard": true, "supportsSenior": false}, "geometry": {"type": "LineString", "coordinates": [[139.760647803221, 35.6720462513985], [139.76077811884, 35.672043649324], [139.761761955662, 35.6719415806756], [139.761882309829, 35.6718740779905], [139.762382556935, 35.6715306626399], [139.763303888688, 35.6708741187588], [139.764022939899, 35.6703648741099]]}}, {"type": "Feature", "properties": {"id": "13_1069", "prefCode": "13", "policeStationCode": "", "name": "パーキング・メーター #1069", "spaces": null, "timeLimitMinutes": 60, "feeYen": 300, "vehicleType": "standard", "operatingHours": [{"startTime": "09:00", "endTime": "19:00"}], "operatingDays": [1, 2, 3, 4, 5, 6], "exclusions": ["holidays", "sundays"], "overlappingRegulations": [], "lastUpdated": "2025-10-01", "category": "パーキング・メーター", "restriction1": "日曜・休日を除く", "restriction2": "１月１日〜３日を除く", "supportsTruck": true, "supportsMotorcycle": false, "supportsStandard": true, "supportsSenior": false}, "geometry": {"type": "LineString", "coordinates": [[139.770376695625, 35.6680112829509], [139.769702518337, 35.6685373178695]]}}, {"type": "Feature", "properties": {"id": "13_1070", "prefCode": "13", "policeStationCode": "", "name": "パーキング・メーター #1070", "spaces": null, "timeLimitMinutes": 40, "feeYen": 200, "vehicleType": "standard", "operatingHours": [{"startTime": "09:00", "endTime": "19:00"}], "operatingDays": [1, 2, 3, 4, 5, 6], "exclusions": ["holidays", "sundays"], "overlappingRegulations": [], "lastUpdated": "2025-10-01", "category": "パーキング・メーター", "restriction1": "日曜・休日を除く", "restriction2": "１月１日〜３日を除く", "supportsTruck": true, "supportsMotorcycle": false, "supportsStandard": true, "supportsSenior": false}, "geometry": {"type": "LineString", "coordinates": [[139.781280539693, 35.7070698855981], [139.780943594137, 35.7070928148272]]}}, {"type": "Feature", "properties": {"id": "13_1071", "prefCode": "13", "policeStationCode": "", "name": "パーキング・メーター #1071", "spaces": null, "timeLimitMinutes": 40, "feeYen": 200, "vehicleType": "standard", "operatingHours": [{"startTime": "09:00", "endTime": "19:00"}], "operatingDays": [1, 2, 3, 4, 5, 6], "exclusions": ["holidays", "sundays"], "overlappingRegulations": [], "lastUpdated": "2025-10-01", "category": "パーキング・メーター", "restriction1": "日曜・休日を除く", "restriction2": "１月１日〜３日を除く", "supportsTruck": true, "supportsMotorcycle": false, "supportsStandard": true, "supportsSenior": false}, "geometry": {"type": "LineString", "coordinates": [[139.780877138128, 35.7071011414598], [139.78045787618, 35.7071429133139]]}}, {"type": "Feature", "properties": {"id": "13_1073", "prefCode": "13", "policeStationCode": "", "name": "パーキング・メーター #1073", "spaces": null, "timeLimitMinutes": 40, "feeYen": 200, "vehicleType": "standard", "operatingHours": [{"startTime": "08:00", "endTime": "20:00"}], "operatingDays": [0, 1, 2, 3, 4, 5, 6], "exclusions": [], "overlappingRegulations": [], "lastUpdated": "2025-10-01", "category": "パーキング・メーター", "restriction1": "", "restriction2": "１月１日〜３日を除く", "supportsTruck": true, "supportsMotorcycle": false, "supportsStandard": true, "supportsSenior": false}, "geometry": {"type": "LineString", "coordinates": [[139.773316869995, 35.6955567037346], [139.773002729314, 35.6955704921875]]}}, {"type": "Feature", "properties": {"id": "13_1074", "prefCode": "13", "policeStationCode": "", "name": "パーキング・メーター #1074", "spaces": null, "timeLimitMinutes": 40, "feeYen": 200, "vehicleType": "standard", "operatingHours": [{"startTime": "08:00", "endTime": "20:00"}], "operatingDays": [0, 1, 2, 3, 4, 5, 6], "exclusions": [], "overlappingRegulations": [], "lastUpdated": "2025-10-01", "category": "パーキング・メーター", "restriction1": "", "restriction2": "１月１日〜３日を除く", "supportsTruck": true, "supportsMotorcycle": false, "supportsStandard": true, "supportsSenior": false}, "geometry": {"type": "LineString", "coordinates": [[139.777240561782, 35.6953975359933], [139.776750491965, 35.6954121913661]]}}, {"type": "Feature", "properties": {"id": "13_1075", "prefCode": "13", "policeStationCode": "", "name": "パーキング・メーター #1075", "spaces": null, "timeLimitMinutes": 40, "feeYen": 200, "vehicleType": "standard", "operatingHours": [{"startTime": "08:00", "endTime": "20:00"}], "operatingDays": [0, 1, 2, 3, 4, 5, 6], "exclusions": [], "overlappingRegulations": [], "lastUpdated": "2025-10-01", "category": "パーキング・メーター", "restriction1": "", "restriction2": "１月１日〜３日を除く", "supportsTruck": true, "supportsMotorcycle": false, "supportsStandard": true, "supportsSenior": false}, "geometry": {"type": "LineString", "coordinates": [[139.776652645642, 35.6956087246352], [139.777194853755, 35.6955898412083]]}}, {"type": "Feature", "properties": {"id": "13_1076", "prefCode": "13", "policeStationCode": "", "name": "パーキング・メーター #1076", "spaces": null, "timeLimitMinutes": 40, "feeYen": 200, "vehicleType": "standard", "operatingHours": [{"startTime": "08:00", "endTime": "20:00"}], "operatingDays": [0, 1, 2, 3, 4, 5, 6], "exclusions": [], "overlappingRegulations": [], "lastUpdated": "2025-10-01", "category": "パーキング・メーター", "restriction1": "", "restriction2": "１月１日〜３日を除く", "supportsTruck": true, "supportsMotorcycle": false, "supportsStandard": true, "supportsSenior": false}, "geometry": {"type": "LineString", "coordinates": [[139.777732003049, 35.695564569361], [139.778083913942, 35.6955562258315]]}}, {"type": "Feature", "properties": {"id": "13_1077", "prefCode": "13", "policeStationCode": "", "name": "パーキング・メーター #1077", "spaces": null, "timeLimitMinutes": 40, "feeYen": 200, "vehicleType": "standard", "operatingHours": [{"startTime": "08:00", "endTime": "20:00"}], "operatingDays": [0, 1, 2, 3, 4, 5, 6], "exclusions": [], "overlappingRegulations": [], "lastUpdated": "2025-10-01", "category": "パーキング・メーター", "restriction1": "", "restriction2": "１月１日〜３日を除く", "supportsTruck": true, "supportsMotorcycle": false, "supportsStandard": true, "supportsSenior": false}, "geometry": {"type": "LineString", "coordinates": [[139.757426710143, 35.696044043619], [139.757723303607, 35.6960557517204]]}}, {"type": "Feature", "properties": {"id": "13_1078", "prefCode": "13", "policeStationCode": "", "name": "パーキング・メーター #1078", "spaces": null, "timeLimitMinutes": 40, "feeYen": 200, "vehicleType": "standard", "operatingHours": [{"startTime": "08:00", "endTime": "20:00"}], "operatingDays": [0, 1, 2, 3, 4, 5, 6], "exclusions": [], "overlappingRegulations": [], "lastUpdated": "2025-10-01", "category": "パーキング・メーター", "restriction1": "", "restriction2": "１月１日〜３日を除く", "supportsTruck": true, "supportsMotorcycle": false, "supportsStandard": true, "supportsSenior": false}, "geometry": {"type": "LineString", "coordinates": [[139.757848318625, 35.6958530844569], [139.75732103057, 35.6958450716937]]}}, {"type": "Feature", "properties": {"id": "13_1079", "prefCode": "13", "policeStationCode": "", "name": "パーキング・メーター #1079", "spaces": null, "timeLimitMinutes": 40, "feeYen": 200, "vehicleType": "standard", "operatingHours": [{"startTime": "08:00", "endTime": "20:00"}], "operatingDays": [0, 1, 2, 3, 4, 5, 6], "exclusions": [], "overlappingRegulations": [], "lastUpdated": "2025-10-01", "category": "パーキング・メーター", "restriction1": "", "restriction2": "１月１日〜３日を除く", "supportsTruck": true, "supportsMotorcycle": false, "supportsStandard": true, "supportsSenior": false}, "geometry": {"type": "LineString", "coordinates": [[139.76204239295, 35.6948439205231], [139.761723782927, 35.6950858511565]]}}, {"type": "Feature", "properties": {"id": "13_1080", "prefCode": "13", "policeStationCode": "", "name": "パーキング・メーター #1080", "spaces": null, "timeLimitMinutes": 40, "feeYen": 200, "vehicleType": "standard", "operatingHours": [{"startTime": "08:00", "endTime": "20:00"}], "operatingDays": [0, 1, 2, 3, 4, 5, 6], "exclusions": [], "overlappingRegulations": [], "lastUpdated": "2025-10-01", "category": "パーキング・メーター", "restriction1": "", "restriction2": "１月１日〜３日を除く", "supportsTruck": true, "supportsMotorcycle": false, "supportsStandard": true, "supportsSenior": false}, "geometry": {"type": "LineString", "coordinates": [[139.764426403672, 35.6943096648051], [139.764345499966, 35.6942843774027], [139.764241851511, 35.6942631763742], [139.764113594397, 35.6942611651483]]}}, {"type": "Feature", "properties": {"id": "13_1081", "prefCode": "13", "policeStationCode": "", "name": "パーキング・メーター #1081", "spaces": null, "timeLimitMinutes": 60, "feeYen": 300, "vehicleType": "standard", "operatingHours": [{"startTime": "08:00", "endTime": "20:00"}], "operatingDays": [0, 1, 2, 3, 4, 5, 6], "exclusions": [], "overlappingRegulations": [], "lastUpdated": "2025-10-01", "category": "パーキング・メーター", "restriction1": "", "restriction2": "１月１日〜３日を除く", "supportsTruck": true, "supportsMotorcycle": false, "supportsStandard": true, "supportsSenior": false}, "geometry": {"type": "LineString", "coordinates": [[139.769642277318, 35.6929947633902], [139.769407666681, 35.6935732074764]]}}, {"type": "Feature", "properties": {"id": "13_1082", "prefCode": "13", "policeStationCode": "", "name": "パーキング・チケット #1082", "spaces": null, "timeLimitMinutes": 60, "feeYen": 300, "vehicleType": "standard", "operatingHours": [{"startTime": "09:00", "endTime": "19:00"}], "operatingDays": [0, 1, 2, 3, 4, 5, 6], "exclusions": [], "overlappingRegulations": [], "lastUpdated": "2025-10-01", "category": "パーキング・チケット", "restriction1": "", "restriction2": "１月１日〜３日を除く", "supportsTruck": true, "supportsMotorcycle": false, "supportsStandard": true, "supportsSenior": false}, "geometry": {"type": "LineString", "coordinates": [[139.798792492414, 35.7158390279898], [139.801610111241, 35.7152063403653]]}}, {"type": "Feature", "properties": {"id": "13_1083", "prefCode": "13", "policeStationCode": "", "name": "パーキング・チケット #1083", "spaces": null, "timeLimitMinutes": 60, "feeYen": 300, "vehicleType": "standard", "operatingHours": [{"startTime": "09:00", "endTime": "19:00"}], "operatingDays": [0, 1, 2, 3, 4, 5, 6], "exclusions": [], "overlappingRegulations": [], "lastUpdated": "2025-10-01", "category": "パーキング・チケット", "restriction1": "", "restriction2": "１月１日〜３日を除く", "supportsTruck": true, "supportsMotorcycle": false, "supportsStandard": true, "supportsSenior": false}, "geometry": {"type": "LineString", "coordinates": [[139.801583138724, 35.7150841317308], [139.799660875041, 35.7155184373534], [139.79941561519, 35.7155750835371]]}}, {"type": "Feature", "properties": {"id": "13_1084", "prefCode": "13", "policeStationCode": "", "name": "パーキング・メーター #1084", "spaces": null, "timeLimitMinutes": 60, "feeYen": 300, "vehicleType": "standard", "operatingHours": [{"startTime": "09:00", "endTime": "19:00"}], "operatingDays": [1, 2, 3, 4, 5, 6], "exclusions": ["holidays", "sundays"], "overlappingRegulations": [], "lastUpdated": "2025-10-01", "category": "パーキング・メーター", "restriction1": "日曜・休日を除く", "restriction2": "１月１日〜３日を除く", "supportsTruck": false, "supportsMotorcycle": false, "supportsStandard": true, "supportsSenior": false}, "geometry": {"type": "LineString", "coordinates": [[139.719328972246, 35.7783342423675], [139.719101361421, 35.7781644977618], [139.718656822806, 35.777724728814]]}}, {"type": "Feature", "properties": {"id": "13_1085", "prefCode": "13", "policeStationCode": "", "name": "パーキング・チケット #1085", "spaces": null, "timeLimitMinutes": 60, "feeYen": 300, "vehicleType": "standard", "operatingHours": [{"startTime": "09:00", "endTime": "19:00"}], "operatingDays": [1, 2, 3, 4, 5, 6], "exclusions": ["holidays", "sundays"], "overlappingRegulations": [], "lastUpdated": "2025-10-01", "category": "パーキング・チケット", "restriction1": "日曜・休日を除く", "restriction2": "１月１日〜３日を除く", "supportsTruck": true, "supportsMotorcycle": false, "supportsStandard": true, "supportsSenior": false}, "geometry": {"type": "MultiLineString", "coordinates": [[[139.657796259662, 35.7830275078187], [139.654335392681, 35.7839564841754]], [[139.654426769768, 35.7841918057883], [139.657953539293, 35.7832575547161]]]}}, {"type": "Feature", "properties": {"id": "13_1087", "prefCode": "13", "policeStationCode": "", "name": "パーキング・チケット #1087", "spaces": null, "timeLimitMinutes": 60, "feeYen": 100, "vehicleType": "motorcycle", "operatingHours": [{"startTime": "09:00", "endTime": "20:00"}], "operatingDays": [0, 1, 2, 3, 4, 5, 6], "exclusions": [], "overlappingRegulations": [], "lastUpdated": "2025-10-01", "category": "パーキング・チケット", "restriction1": "", "restriction2": "１月１日〜３日を除く", "supportsTruck": false, "supportsMotorcycle": true, "supportsStandard": false, "supportsSenior": false}, "geometry": {"type": "MultiLineString", "coordinates": [[[139.710685000209, 35.6661292193176], [139.712462451635, 35.6653042869519]], [[139.712328994447, 35.6651801696407], [139.711446794353, 35.6656034016015], [139.710558014435, 35.6660212516783]]]}}, {"type": "Feature", "properties": {"id": "13_1090", "prefCode": "13", "policeStationCode": "", "name": "パーキング・チケット #1090", "spaces": null, "timeLimitMinutes": 60, "feeYen": 300, "vehicleType": "standard", "operatingHours": [{"startTime": "09:00", "endTime": "20:00"}], "operatingDays": [0, 1, 2, 3, 4, 5, 6], "exclusions": [], "overlappingRegulations": [], "lastUpdated": "2025-10-01", "category": "パーキング・チケット", "restriction1": "", "restriction2": "１月１日〜３日を除く", "supportsTruck": false, "supportsMotorcycle": false, "supportsStandard": true, "supportsSenior": false}, "geometry": {"type": "LineString", "coordinates": [[139.702793870665, 35.6699920937785], [139.702826624845, 35.670154333806], [139.702844360543, 35.6702993406914], [139.702852137617, 35.6704262781611], [139.702834500285, 35.6706489797646], [139.70280824471, 35.6707148176216], [139.7028124588, 35.670902939389], [139.70284853965, 35.6710801131677], [139.702962884997, 35.6714457005843], [139.703004845699, 35.6716068020846], [139.703063671504, 35.67187185896], [139.703158952266, 35.6721033368667], [139.703333753108, 35.6724522591899], [139.703434308439, 35.6727155922676]]}}, {"type": "Feature", "properties": {"id": "13_1091", "prefCode": "13", "policeStationCode": "", "name": "パーキング・メーター #1091", "spaces": null, "timeLimitMinutes": 20, "feeYen": 100, "vehicleType": "standard", "operatingHours": [{"startTime": "07:00", "endTime": "20:00"}], "operatingDays": [0, 1, 2, 3, 4, 5, 6], "exclusions": [], "overlappingRegulations": [], "lastUpdated": "2025-10-01", "category": "パーキング・メーター", "restriction1": "", "restriction2": "１月１日〜３日を除く", "supportsTruck": false, "supportsMotorcycle": false, "supportsStandard": true, "supportsSenior": false}, "geometry": {"type": "LineString", "coordinates": [[139.705959726564, 35.6557228426593], [139.705462367297, 35.6561043435053]]}}, {"type": "Feature", "properties": {"id": "13_1092", "prefCode": "13", "policeStationCode": "", "name": "パーキング・メーター #1092", "spaces": null, "timeLimitMinutes": 20, "feeYen": 100, "vehicleType": "standard", "operatingHours": [{"startTime": "09:00", "endTime": "19:00"}], "operatingDays": [0, 1, 2, 3, 4, 5, 6], "exclusions": [], "overlappingRegulations": [], "lastUpdated": "2025-10-01", "category": "パーキング・メーター", "restriction1": "", "restriction2": "１月１日〜３日を除く", "supportsTruck": false, "supportsMotorcycle": false, "supportsStandard": true, "supportsSenior": false}, "geometry": {"type": "LineString", "coordinates": [[139.696433848739, 35.6900043303589], [139.696481750261, 35.6893813655205]]}}, {"type": "Feature", "properties": {"id": "13_1094", "prefCode": "13", "policeStationCode": "", "name": "パーキング・メーター #1094", "spaces": null, "timeLimitMinutes": 20, "feeYen": 100, "vehicleType": "standard", "operatingHours": [{"startTime": "09:00", "endTime": "19:00"}], "operatingDays": [0, 1, 2, 3, 4, 5, 6], "exclusions": [], "overlappingRegulations": [], "lastUpdated": "2025-10-01", "category": "パーキング・メーター", "restriction1": "", "restriction2": "１月１日〜３日を除く", "supportsTruck": false, "supportsMotorcycle": false, "supportsStandard": true, "supportsSenior": false}, "geometry": {"type": "LineString", "coordinates": [[139.761174369991, 35.6752898297862], [139.76045969534, 35.6754477719786]]}}, {"type": "Feature", "properties": {"id": "13_1095", "prefCode": "13", "policeStationCode": "", "name": "パーキング・メーター #1095", "spaces": null, "timeLimitMinutes": 20, "feeYen": 100, "vehicleType": "standard", "operatingHours": [{"startTime": "08:00", "endTime": "20:00"}], "operatingDays": [0, 1, 2, 3, 4, 5, 6], "exclusions": [], "overlappingRegulations": [], "lastUpdated": "2025-10-01", "category": "パーキング・メーター", "restriction1": "", "restriction2": "１月１日〜３日を除く", "supportsTruck": false, "supportsMotorcycle": false, "supportsStandard": true, "supportsSenior": false}, "geometry": {"type": "LineString", "coordinates": [[139.757153314395, 35.6960400215687], [139.757426375052, 35.6960440345448]]}}, {"type": "Feature", "properties": {"id": "13_1096", "prefCode": "13", "policeStationCode": "", "name": "パーキング・メーター #1096", "spaces": null, "timeLimitMinutes": 20, "feeYen": 100, "vehicleType": "standard", "operatingHours": [{"startTime": "08:00", "endTime": "20:00"}], "operatingDays": [0, 1, 2, 3, 4, 5, 6], "exclusions": [], "overlappingRegulations": [], "lastUpdated": "2025-10-01", "category": "パーキング・メーター", "restriction1": "", "restriction2": "１月１日〜３日を除く", "supportsTruck": true, "supportsMotorcycle": false, "supportsStandard": true, "supportsSenior": false}, "geometry": {"type": "LineString", "coordinates": [[139.752273669874, 35.7017066047569], [139.752459192054, 35.7013695683046]]}}, {"type": "Feature", "properties": {"id": "13_1100", "prefCode": "13", "policeStationCode": "", "name": "パーキング・メーター #1100", "spaces": null, "timeLimitMinutes": 20, "feeYen": 100, "vehicleType": "standard", "operatingHours": [{"startTime": "09:00", "endTime": "19:00"}], "operatingDays": [1, 2, 3, 4, 5, 6], "exclusions": ["holidays", "sundays"], "overlappingRegulations": [], "lastUpdated": "2025-10-01", "category": "パーキング・メーター", "restriction1": "日曜・休日を除く", "restriction2": "１月１日〜３日を除く", "supportsTruck": false, "supportsMotorcycle": false, "supportsStandard": true, "supportsSenior": false}, "geometry": {"type": "LineString", "coordinates": [[139.757560759273, 35.6675999221982], [139.757422315853, 35.6673366986263]]}}, {"type": "Feature", "properties": {"id": "13_1101", "prefCode": "13", "policeStationCode": "", "name": "パーキング・メーター #1101", "spaces": null, "timeLimitMinutes": 20, "feeYen": 100, "vehicleType": "standard", "operatingHours": [{"startTime": "09:00", "endTime": "21:00"}], "operatingDays": [0, 1, 2, 3, 4, 5, 6], "exclusions": [], "overlappingRegulations": [], "lastUpdated": "2025-10-01", "category": "パーキング・メーター", "restriction1": "", "restriction2": "１月１日〜３日を除く", "supportsTruck": false, "supportsMotorcycle": false, "supportsStandard": true, "supportsSenior": false}, "geometry": {"type": "LineString", "coordinates": [[139.766755729587, 35.675349288171], [139.766144546405, 35.6755427309414]]}}, {"type": "Feature", "properties": {"id": "13_1103", "prefCode": "13", "policeStationCode": "", "name": "パーキング・メーター #1103", "spaces": null, "timeLimitMinutes": 20, "feeYen": 100, "vehicleType": "standard", "operatingHours": [{"startTime": "09:00", "endTime": "21:00"}], "operatingDays": [0, 1, 2, 3, 4, 5, 6], "exclusions": [], "overlappingRegulations": [], "lastUpdated": "2025-10-01", "category": "パーキング・メーター", "restriction1": "", "restriction2": "１月１日〜３日を除く", "supportsTruck": false, "supportsMotorcycle": false, "supportsStandard": true, "supportsSenior": false}, "geometry": {"type": "LineString", "coordinates": [[139.710858590528, 35.6631030929332], [139.711793496838, 35.6625833076087]]}}, {"type": "Feature", "properties": {"id": "13_1104", "prefCode": "13", "policeStationCode": "", "name": "パーキング・メーター #1104", "spaces": null, "timeLimitMinutes": 20, "feeYen": 100, "vehicleType": "standard", "operatingHours": [{"startTime": "07:00", "endTime": "20:00"}], "operatingDays": [1, 2, 3, 4, 5, 6], "exclusions": ["holidays", "sundays"], "overlappingRegulations": [], "lastUpdated": "2025-10-01", "category": "パーキング・メーター", "restriction1": "日曜・休日を除く", "restriction2": "１月１日〜３日を除く", "supportsTruck": false, "supportsMotorcycle": false, "supportsStandard": true, "supportsSenior": false}, "geometry": {"type": "LineString", "coordinates": [[139.702105946564, 35.6921578696312], [139.702496441434, 35.6919731239343]]}}, {"type": "Feature", "properties": {"id": "13_1105", "prefCode": "13", "policeStationCode": "", "name": "パーキング・メーター #1105", "spaces": null, "timeLimitMinutes": 20, "feeYen": 100, "vehicleType": "standard", "operatingHours": [{"startTime": "09:00", "endTime": "19:00"}], "operatingDays": [0, 1, 2, 3, 4, 5, 6], "exclusions": [], "overlappingRegulations": [], "lastUpdated": "2025-10-01", "category": "パーキング・メーター", "restriction1": "", "restriction2": "１月１日〜３日を除く", "supportsTruck": false, "supportsMotorcycle": false, "supportsStandard": true, "supportsSenior": false}, "geometry": {"type": "LineString", "coordinates": [[139.665355300879, 35.7111805103289], [139.665546671986, 35.7118911873688]]}}, {"type": "Feature", "properties": {"id": "13_1106", "prefCode": "13", "policeStationCode": "", "name": "パーキング・メーター #1106", "spaces": null, "timeLimitMinutes": 20, "feeYen": 100, "vehicleType": "standard", "operatingHours": [{"startTime": "09:00", "endTime": "19:00"}], "operatingDays": [1, 2, 3, 4, 5, 6], "exclusions": ["holidays", "sundays"], "overlappingRegulations": [], "lastUpdated": "2025-10-01", "category": "パーキング・メーター", "restriction1": "日曜・休日を除く", "restriction2": "１月１日〜３日を除く", "supportsTruck": false, "supportsMotorcycle": false, "supportsStandard": true, "supportsSenior": false}, "geometry": {"type": "LineString", "coordinates": [[139.745727145173, 35.7167763068847], [139.745554499427, 35.716857968795], [139.745370059033, 35.7169456303821], [139.745276836024, 35.7169901883555], [139.744825882825, 35.7171790759527], [139.744716049234, 35.7172116657022]]}}, {"type": "Feature", "properties": {"id": "13_1107", "prefCode": "13", "policeStationCode": "", "name": "パーキング・メーター #1107", "spaces": null, "timeLimitMinutes": 20, "feeYen": 100, "vehicleType": "standard", "operatingHours": [{"startTime": "09:00", "endTime": "19:00"}], "operatingDays": [0, 1, 2, 3, 4, 5, 6], "exclusions": [], "overlappingRegulations": [], "lastUpdated": "2025-10-01", "category": "パーキング・メーター", "restriction1": "", "restriction2": "１月１日〜３日を除く", "supportsTruck": false, "supportsMotorcycle": false, "supportsStandard": true, "supportsSenior": false}, "geometry": {"type": "LineString", "coordinates": [[139.706123180157, 35.7319293671938], [139.705816073824, 35.7320096312925], [139.705616041518, 35.7320932245089]]}}, {"type": "Feature", "properties": {"id": "13_1109", "prefCode": "13", "policeStationCode": "", "name": "パーキング・メーター #1109", "spaces": null, "timeLimitMinutes": 20, "feeYen": 100, "vehicleType": "standard", "operatingHours": [{"startTime": "09:00", "endTime": "19:00"}], "operatingDays": [1, 2, 3, 4, 5, 6], "exclusions": ["holidays", "sundays"], "overlappingRegulations": [], "lastUpdated": "2025-10-01", "category": "パーキング・メーター", "restriction1": "日曜・休日を除く", "restriction2": "１月１日〜３日を除く", "supportsTruck": false, "supportsMotorcycle": false, "supportsStandard": true, "supportsSenior": false}, "geometry": {"type": "LineString", "coordinates": [[139.730618969621, 35.7298111684496], [139.730388501448, 35.7300138986373], [139.730230161053, 35.7301488126778], [139.730058276307, 35.7303385131823]]}}, {"type": "Feature", "properties": {"id": "13_1110", "prefCode": "13", "policeStationCode": "", "name": "パーキング・メーター #1110", "spaces": null, "timeLimitMinutes": 20, "feeYen": 100, "vehicleType": "standard", "operatingHours": [{"startTime": "09:00", "endTime": "19:00"}], "operatingDays": [1, 2, 3, 4, 5, 6], "exclusions": ["holidays", "sundays"], "overlappingRegulations": [], "lastUpdated": "2025-10-01", "category": "パーキング・メーター", "restriction1": "日曜・休日を除く", "restriction2": "１月１日〜３日を除く", "supportsTruck": false, "supportsMotorcycle": false, "supportsStandard": true, "supportsSenior": false}, "geometry": {"type": "LineString", "coordinates": [[139.762517874735, 35.7057940071034], [139.762384565976, 35.7054344388762]]}}, {"type": "Feature", "properties": {"id": "13_1111", "prefCode": "13", "policeStationCode": "", "name": "パーキング・メーター #1111", "spaces": null, "timeLimitMinutes": 20, "feeYen": 100, "vehicleType": "standard", "operatingHours": [{"startTime": "09:00", "endTime": "19:00"}], "operatingDays": [1, 2, 3, 4, 5, 6], "exclusions": ["holidays", "sundays"], "overlappingRegulations": [], "lastUpdated": "2025-10-01", "category": "パーキング・メーター", "restriction1": "日曜・休日を除く", "restriction2": "１月１日〜３日を除く", "supportsTruck": false, "supportsMotorcycle": false, "supportsStandard": true, "supportsSenior": false}, "geometry": {"type": "LineString", "coordinates": [[139.734576158615, 35.7202052965508], [139.734710017699, 35.7197992497188], [139.734802035139, 35.7195848299455], [139.734926215699, 35.7193960302255], [139.734995030844, 35.7192594734928]]}}, {"type": "Feature", "properties": {"id": "13_1112", "prefCode": "13", "policeStationCode": "", "name": "パーキング・チケット #1112", "spaces": null, "timeLimitMinutes": 60, "feeYen": 300, "vehicleType": "standard", "operatingHours": [{"startTime": "10:00", "endTime": "20:00"}], "operatingDays": [1, 2, 3, 4, 5, 6], "exclusions": ["holidays", "sundays"], "overlappingRegulations": [], "lastUpdated": "2025-10-01", "category": "パーキング・チケット", "restriction1": "日曜・休日を除く", "restriction2": "１月１日〜３日を除く", "supportsTruck": true, "supportsMotorcycle": false, "supportsStandard": true, "supportsSenior": false}, "geometry": {"type": "MultiLineString", "coordinates": [[[139.809236019959, 35.6693935222412], [139.811979667013, 35.6694548784389]], [[139.811971435177, 35.6692964598393], [139.810860733805, 35.6692536773419], [139.808997013704, 35.6692289819713]]]}}, {"type": "Feature", "properties": {"id": "13_1114", "prefCode": "13", "policeStationCode": "", "name": "パーキング・チケット #1114", "spaces": null, "timeLimitMinutes": 60, "feeYen": 300, "vehicleType": "standard", "operatingHours": [{"startTime": "09:00", "endTime": "19:00"}], "operatingDays": [1, 2, 3, 4, 5, 6], "exclusions": ["holidays", "sundays"], "overlappingRegulations": [], "lastUpdated": "2025-10-01", "category": "パーキング・チケット", "restriction1": "日曜・休日を除く", "restriction2": "１月１日〜３日を除く", "supportsTruck": true, "supportsMotorcycle": false, "supportsStandard": true, "supportsSenior": false}, "geometry": {"type": "LineString", "coordinates": [[139.773350909218, 35.7284008022852], [139.775268400335, 35.7263777001887], [139.77562438019, 35.726039899503], [139.778529813225, 35.7241725392501]]}}, {"type": "Feature", "properties": {"id": "13_1115", "prefCode": "13", "policeStationCode": "", "name": "パーキング・チケット #1115", "spaces": null, "timeLimitMinutes": 60, "feeYen": 300, "vehicleType": "standard", "operatingHours": [{"startTime": "09:00", "endTime": "19:00"}], "operatingDays": [1, 2, 3, 4, 5, 6], "exclusions": ["holidays", "sundays"], "overlappingRegulations": [], "lastUpdated": "2025-10-01", "category": "パーキング・チケット", "restriction1": "日曜・休日を除く", "restriction2": "１月１日〜３日を除く", "supportsTruck": false, "supportsMotorcycle": false, "supportsStandard": true, "supportsSenior": false}, "geometry": {"type": "LineString", "coordinates": [[139.778458155737, 35.7240094260281], [139.776324153332, 35.7254203070621], [139.775357007535, 35.7260579629298], [139.774712080715, 35.7267648853031], [139.774246042863, 35.7272564682349]]}}, {"type": "Feature", "properties": {"id": "13_1118", "prefCode": "13", "policeStationCode": "", "name": "パーキング・メーター #1118", "spaces": null, "timeLimitMinutes": 60, "feeYen": 300, "vehicleType": "standard", "operatingHours": [{"startTime": "09:00", "endTime": "19:00"}], "operatingDays": [1, 2, 3, 4, 5, 6], "exclusions": ["holidays", "sundays"], "overlappingRegulations": [], "lastUpdated": "2025-10-01", "category": "パーキング・メーター", "restriction1": "日曜・休日を除く", "restriction2": "１月１日〜３日を除く", "supportsTruck": false, "supportsMotorcycle": false, "supportsStandard": true, "supportsSenior": false}, "geometry": {"type": "LineString", "coordinates": [[139.753779977224, 35.664341837258], [139.752709142094, 35.6621166774563], [139.752107396218, 35.6608706853042]]}}, {"type": "Feature", "properties": {"id": "13_1119", "prefCode": "13", "policeStationCode": "", "name": "パーキング・メーター #1119", "spaces": null, "timeLimitMinutes": 60, "feeYen": 300, "vehicleType": "standard", "operatingHours": [{"startTime": "09:00", "endTime": "19:00"}], "operatingDays": [1, 2, 3, 4, 5, 6], "exclusions": ["holidays", "sundays"], "overlappingRegulations": [], "lastUpdated": "2025-10-01", "category": "パーキング・メーター", "restriction1": "日曜・休日を除く", "restriction2": "１月１日〜３日を除く", "supportsTruck": true, "supportsMotorcycle": false, "supportsStandard": true, "supportsSenior": false}, "geometry": {"type": "MultiLineString", "coordinates": [[[139.754989716084, 35.6652214399661], [139.755291176609, 35.6658002113404], [139.75564273595, 35.6664817319516], [139.756367918369, 35.6679590206523]], [[139.756439966593, 35.6679121498148], [139.755716634029, 35.6664444882061], [139.755365601966, 35.6657807636357], [139.755068814865, 35.6652063357608]]]}}, {"type": "Feature", "properties": {"id": "13_1122", "prefCode": "13", "policeStationCode": "", "name": "パーキング・チケット #1122", "spaces": null, "timeLimitMinutes": 60, "feeYen": 300, "vehicleType": "standard", "operatingHours": [{"startTime": "09:00", "endTime": "19:00"}], "operatingDays": [1, 2, 3, 4, 5, 6], "exclusions": ["holidays", "sundays"], "overlappingRegulations": [], "lastUpdated": "2025-10-01", "category": "パーキング・チケット", "restriction1": "日曜・休日を除く", "restriction2": "１月１日〜３日を除く", "supportsTruck": true, "supportsMotorcycle": false, "supportsStandard": true, "supportsSenior": false}, "geometry": {"type": "LineString", "coordinates": [[139.765499796295, 35.6786286064051], [139.76551, 35.67863], [139.76537, 35.67823], [139.76528, 35.6779]]}}, {"type": "Feature", "properties": {"id": "13_1123", "prefCode": "13", "policeStationCode": "", "name": "パーキング・メーター #1123", "spaces": null, "timeLimitMinutes": 60, "feeYen": 300, "vehicleType": "standard", "operatingHours": [{"startTime": "09:00", "endTime": "19:00"}], "operatingDays": [1, 2, 3, 4, 5, 6], "exclusions": ["holidays", "sundays"], "overlappingRegulations": [], "lastUpdated": "2025-10-01", "category": "パーキング・メーター", "restriction1": "日曜・休日を除く", "restriction2": "１月１日〜３日を除く", "supportsTruck": false, "supportsMotorcycle": false, "supportsStandard": true, "supportsSenior": false}, "geometry": {"type": "LineString", "coordinates": [[139.783625239534, 35.6841186546875], [139.783987612286, 35.6843195053322]]}}, {"type": "Feature", "properties": {"id": "13_1124", "prefCode": "13", "policeStationCode": "", "name": "パーキング・メーター #1124", "spaces": null, "timeLimitMinutes": 20, "feeYen": 100, "vehicleType": "standard", "operatingHours": [{"startTime": "09:00", "endTime": "19:00"}], "operatingDays": [1, 2, 3, 4, 5, 6], "exclusions": ["holidays", "sundays"], "overlappingRegulations": [], "lastUpdated": "2025-10-01", "category": "パーキング・メーター", "restriction1": "日曜・休日を除く", "restriction2": "１月１日〜３日を除く", "supportsTruck": false, "supportsMotorcycle": false, "supportsStandard": true, "supportsSenior": false}, "geometry": {"type": "MultiLineString", "coordinates": [[[139.784099710839, 35.6843691027678], [139.784497459747, 35.683924132243]], [[139.783972359576, 35.6843217842205], [139.784368447624, 35.6838611967823]]]}}, {"type": "Feature", "properties": {"id": "13_1127", "prefCode": "13", "policeStationCode": "", "name": "パーキング・メーター #1127", "spaces": null, "timeLimitMinutes": 60, "feeYen": 300, "vehicleType": "standard", "operatingHours": [{"startTime": "09:30", "endTime": "19:00"}], "operatingDays": [1, 2, 3, 4, 5, 6], "exclusions": ["holidays", "sundays"], "overlappingRegulations": [], "lastUpdated": "2025-10-01", "category": "パーキング・メーター", "restriction1": "日曜・休日を除く", "restriction2": "１月１日〜３日を除く", "supportsTruck": true, "supportsMotorcycle": false, "supportsStandard": true, "supportsSenior": false}, "geometry": {"type": "MultiLineString", "coordinates": [[[139.716751263092, 35.6912899688921], [139.716772020807, 35.6912865023378], [139.716931544049, 35.6912754632938], [139.717325192886, 35.6913401101264], [139.717618678503, 35.6913994876007], [139.721187416521, 35.6923056015601], [139.721229579618, 35.6923156740169]], [[139.721265590178, 35.692197228625], [139.72120402988, 35.6921824002774], [139.717991408806, 35.6913584961375], [139.717613948148, 35.691276395019], [139.717361383377, 35.6912188142104], [139.716958050503, 35.6911578994843], [139.716766633709, 35.6911752531209]]]}}, {"type": "Feature", "properties": {"id": "13_1129", "prefCode": "13", "policeStationCode": "", "name": "パーキング・チケット #1129", "spaces": null, "timeLimitMinutes": 60, "feeYen": 300, "vehicleType": "standard", "operatingHours": [{"startTime": "09:00", "endTime": "19:00"}], "operatingDays": [1, 2, 3, 4, 5], "exclusions": ["holidays", "saturdays", "sundays"], "overlappingRegulations": [], "lastUpdated": "2025-10-01", "category": "パーキング・チケット", "restriction1": "土・日曜、休日を除く", "restriction2": "１月１日〜３日を除く", "supportsTruck": false, "supportsMotorcycle": false, "supportsStandard": true, "supportsSenior": false}, "geometry": {"type": "MultiLineString", "coordinates": [[[139.759833762208, 35.7313871879058], [139.759474308183, 35.7316032490903], [139.759107998416, 35.7318098026202]], [[139.759199720318, 35.7318939576549], [139.759933548074, 35.7314600868611]]]}}, {"type": "Feature", "properties": {"id": "13_1131", "prefCode": "13", "policeStationCode": "", "name": "パーキング・メーター #1131", "spaces": null, "timeLimitMinutes": 60, "feeYen": 300, "vehicleType": "standard", "operatingHours": [{"startTime": "08:00", "endTime": "20:00"}], "operatingDays": [1, 2, 3, 4, 5, 6], "exclusions": ["holidays", "sundays"], "overlappingRegulations": [], "lastUpdated": "2025-10-01", "category": "パーキング・メーター", "restriction1": "日曜・休日を除く", "restriction2": "１月１日〜３日を除く", "supportsTruck": false, "supportsMotorcycle": false, "supportsStandard": true, "supportsSenior": false}, "geometry": {"type": "LineString", "coordinates": [[139.758467706777, 35.6948438914887], [139.759025582077, 35.6948592658851], [139.759093583052, 35.6948608067525], [139.75962339919, 35.6948869536667]]}}, {"type": "Feature", "properties": {"id": "13_1132", "prefCode": "13", "policeStationCode": "", "name": "パーキング・メーター #1132", "spaces": null, "timeLimitMinutes": 60, "feeYen": 300, "vehicleType": "standard", "operatingHours": [{"startTime": "09:00", "endTime": "19:00"}], "operatingDays": [1, 2, 3, 4, 5, 6], "exclusions": ["holidays", "sundays"], "overlappingRegulations": [], "lastUpdated": "2025-10-01", "category": "パーキング・メーター", "restriction1": "日曜・休日を除く", "restriction2": "１月１日〜３日を除く", "supportsTruck": false, "supportsMotorcycle": false, "supportsStandard": true, "supportsSenior": false}, "geometry": {"type": "MultiLineString", "coordinates": [[[139.72912238894, 35.7327028890773], [139.728722539074, 35.733109891714], [139.728472073777, 35.7333713108905], [139.727952096883, 35.7339524087418], [139.727869439315, 35.7340695947713], [139.727602944181, 35.7344272394156], [139.727321395773, 35.7347409733588], [139.727106952634, 35.7349685177612]], [[139.72718872327, 35.7350049211433], [139.727358197354, 35.7348224816772], [139.727537222819, 35.7346390600693], [139.727744489922, 35.7344005153908], [139.727823780322, 35.7343008475426], [139.728007445552, 35.7340296317172], [139.728520324615, 35.733456198225], [139.728648019384, 35.7333284584815], [139.7291756534, 35.7327823871793]]]}}, {"type": "Feature", "properties": {"id": "13_1134", "prefCode": "13", "policeStationCode": "", "name": "パーキング・チケット #1134", "spaces": null, "timeLimitMinutes": 60, "feeYen": 300, "vehicleType": "standard", "operatingHours": [{"startTime": "09:00", "endTime": "19:00"}], "operatingDays": [1, 2, 3, 4, 5, 6], "exclusions": ["holidays", "sundays"], "overlappingRegulations": [], "lastUpdated": "2025-10-01", "category": "パーキング・チケット", "restriction1": "日曜・休日を除く", "restriction2": "１月１日〜３日を除く", "supportsTruck": true, "supportsMotorcycle": false, "supportsStandard": true, "supportsSenior": false}, "geometry": {"type": "LineString", "coordinates": [[139.769965553774, 35.6691826444326], [139.770920476458, 35.6685049257148], [139.772019151048, 35.6677461874336]]}}, {"type": "Feature", "properties": {"id": "13_1135", "prefCode": "13", "policeStationCode": "", "name": "パーキング・チケット #1135", "spaces": null, "timeLimitMinutes": 60, "feeYen": 300, "vehicleType": "standard", "operatingHours": [{"startTime": "09:00", "endTime": "19:00"}], "operatingDays": [1, 2, 3, 4, 5, 6], "exclusions": ["holidays", "sundays"], "overlappingRegulations": [], "lastUpdated": "2025-10-01", "category": "パーキング・チケット", "restriction1": "日曜・休日を除く", "restriction2": "１月１日〜３日を除く", "supportsTruck": true, "supportsMotorcycle": false, "supportsStandard": true, "supportsSenior": false}, "geometry": {"type": "LineString", "coordinates": [[139.77472, 35.66741], [139.77436, 35.66765], [139.77406, 35.66785], [139.774, 35.66789], [139.773670728836, 35.6681169257108], [139.773688017197, 35.6681128381077], [139.773682797623, 35.6681131433957]]}}, {"type": "Feature", "properties": {"id": "13_1136", "prefCode": "13", "policeStationCode": "", "name": "パーキング・メーター #1136", "spaces": null, "timeLimitMinutes": 60, "feeYen": 300, "vehicleType": "standard", "operatingHours": [{"startTime": "09:00", "endTime": "19:00"}], "operatingDays": [1, 2, 3, 4, 5, 6], "exclusions": ["holidays", "sundays"], "overlappingRegulations": [], "lastUpdated": "2025-10-01", "category": "パーキング・メーター", "restriction1": "日曜・休日を除く", "restriction2": "１月１日〜３日を除く", "supportsTruck": false, "supportsMotorcycle": false, "supportsStandard": true, "supportsSenior": false}, "geometry": {"type": "LineString", "coordinates": [[139.781102129451, 35.6885828759902], [139.781453977568, 35.6881787469475], [139.781813366379, 35.6877866469242], [139.781934932177, 35.6876445534872]]}}, {"type": "Feature", "properties": {"id": "13_1137", "prefCode": "13", "policeStationCode": "", "name": "パーキング・チケット #1137", "spaces": null, "timeLimitMinutes": 60, "feeYen": 300, "vehicleType": "standard", "operatingHours": [{"startTime": "09:00", "endTime": "19:00"}], "operatingDays": [1, 2, 3, 4, 5, 6], "exclusions": ["holidays", "sundays"], "overlappingRegulations": [], "lastUpdated": "2025-10-01", "category": "パーキング・チケット", "restriction1": "日曜・休日を除く", "restriction2": "１月１日〜３日を除く", "supportsTruck": true, "supportsMotorcycle": false, "supportsStandard": true, "supportsSenior": false}, "geometry": {"type": "MultiLineString", "coordinates": [[[139.725634119175, 35.6467861106827], [139.726834552996, 35.6468545033463], [139.727829391819, 35.6468794036895]], [[139.727879796809, 35.6467074981187], [139.727770799542, 35.6466755780656], [139.727437185594, 35.6466379037626], [139.726260255528, 35.6466153954225], [139.725759956691, 35.6465823714047]]]}}, {"type": "Feature", "properties": {"id": "13_1139", "prefCode": "13", "policeStationCode": "", "name": "パーキング・メーター #1139", "spaces": null, "timeLimitMinutes": 60, "feeYen": 300, "vehicleType": "standard", "operatingHours": [{"startTime": "07:00", "endTime": "20:00"}], "operatingDays": [1, 2, 3, 4, 5, 6], "exclusions": ["holidays", "sundays"], "overlappingRegulations": [], "lastUpdated": "2025-10-01", "category": "パーキング・メーター", "restriction1": "日曜・休日を除く", "restriction2": "１月１日〜３日を除く", "supportsTruck": true, "supportsMotorcycle": false, "supportsStandard": true, "supportsSenior": false}, "geometry": {"type": "MultiLineString", "coordinates": [[[139.775268211708, 35.6964939267841], [139.774817516742, 35.6965135348629], [139.774256842229, 35.6965309639094], [139.773744567704, 35.6965462109848], [139.773216831011, 35.6965647556096], [139.772728992051, 35.6965995848646], [139.772100888763, 35.6966518947468], [139.771401396769, 35.6967113451206], [139.771190204346, 35.696730884595], [139.770986995115, 35.6967699706152]], [[139.775257206841, 35.6965723539704], [139.77480929606, 35.6965826901718], [139.77373222074, 35.6966200343119], [139.773204123103, 35.6966374507216], [139.772651928966, 35.6966809893948], [139.772063876244, 35.6967302753516], [139.771512192989, 35.6967753203968], [139.771184891358, 35.6968116325551], [139.771008411943, 35.6968463773067]]]}}, {"type": "Feature", "properties": {"id": "13_1141", "prefCode": "13", "policeStationCode": "", "name": "パーキング・チケット #1141", "spaces": null, "timeLimitMinutes": 60, "feeYen": 300, "vehicleType": "standard", "operatingHours": [{"startTime": "07:00", "endTime": "20:00"}], "operatingDays": [0, 1, 2, 3, 4, 5, 6], "exclusions": [], "overlappingRegulations": [], "lastUpdated": "2025-10-01", "category": "パーキング・チケット", "restriction1": "", "restriction2": "１月１日〜３日を除く", "supportsTruck": false, "supportsMotorcycle": false, "supportsStandard": true, "supportsSenior": false}, "geometry": {"type": "LineString", "coordinates": [[139.769861392623, 35.696493720933], [139.770529214982, 35.6967255260491]]}}, {"type": "Feature", "properties": {"id": "13_1144", "prefCode": "13", "policeStationCode": "", "name": "パーキング・チケット #1144", "spaces": null, "timeLimitMinutes": 60, "feeYen": 100, "vehicleType": "motorcycle", "operatingHours": [{"startTime": "09:00", "endTime": "21:00"}], "operatingDays": [0, 1, 2, 3, 4, 5, 6], "exclusions": [], "overlappingRegulations": [], "lastUpdated": "2025-10-01", "category": "パーキング・チケット", "restriction1": "", "restriction2": "１月１日〜３日を除く", "supportsTruck": false, "supportsMotorcycle": true, "supportsStandard": false, "supportsSenior": false}, "geometry": {"type": "LineString", "coordinates": [[139.760641624417, 35.6677677654115], [139.760250912307, 35.6679002572227]]}}, {"type": "Feature", "properties": {"id": "13_2006", "prefCode": "13", "policeStationCode": "", "name": "パーキング・メーター #2006", "spaces": null, "timeLimitMinutes": 60, "feeYen": 300, "vehicleType": "standard", "operatingHours": [{"startTime": "09:00", "endTime": "19:00"}], "operatingDays": [1, 2, 3, 4, 5, 6], "exclusions": ["holidays", "sundays"], "overlappingRegulations": [], "lastUpdated": "2025-10-01", "category": "パーキング・メーター", "restriction1": "日曜・休日を除く", "restriction2": "１月１日〜３日を除く", "supportsTruck": true, "supportsMotorcycle": false, "supportsStandard": true, "supportsSenior": false}, "geometry": {"type": "LineString", "coordinates": [[139.75530443862, 35.6566580905213], [139.755121959726, 35.6555210814429]]}}, {"type": "Feature", "properties": {"id": "13_2007", "prefCode": "13", "policeStationCode": "", "name": "パーキング・チケット #2007", "spaces": null, "timeLimitMinutes": 60, "feeYen": 100, "vehicleType": "motorcycle", "operatingHours": [{"startTime": "09:00", "endTime": "19:00"}], "operatingDays": [0, 1, 2, 3, 4, 5, 6], "exclusions": [], "overlappingRegulations": [], "lastUpdated": "2025-10-01", "category": "パーキング・チケット", "restriction1": "", "restriction2": "１月１日〜３日を除く", "supportsTruck": false, "supportsMotorcycle": true, "supportsStandard": false, "supportsSenior": false}, "geometry": {"type": "LineString", "coordinates": [[139.412287530751, 35.699384617192], [139.412421641202, 35.699107986002]]}}, {"type": "Feature", "properties": {"id": "13_2064", "prefCode": "13", "policeStationCode": "", "name": "パーキング・メーター #2064", "spaces": null, "timeLimitMinutes": 60, "feeYen": 300, "vehicleType": "standard", "operatingHours": [{"startTime": "07:00", "endTime": "20:00"}], "operatingDays": [0, 1, 2, 3, 4, 5, 6], "exclusions": [], "overlappingRegulations": [], "lastUpdated": "2025-10-01", "category": "パーキング・メーター", "restriction1": "", "restriction2": "１月１日〜３日を除く", "supportsTruck": false, "supportsMotorcycle": false, "supportsStandard": true, "supportsSenior": false}, "geometry": {"type": "LineString", "coordinates": [[139.780157060751, 35.6963910305546], [139.781240673194, 35.6963158799854]]}}, {"type": "Feature", "properties": {"id": "13_2099", "prefCode": "13", "policeStationCode": "", "name": "パーキング・メーター #2099", "spaces": null, "timeLimitMinutes": 60, "feeYen": 300, "vehicleType": "standard", "operatingHours": [{"startTime": "07:00", "endTime": "20:00"}], "operatingDays": [0, 1, 2, 3, 4, 5, 6], "exclusions": [], "overlappingRegulations": [], "lastUpdated": "2025-10-01", "category": "パーキング・メーター", "restriction1": "", "restriction2": "１月１日〜３日を除く", "supportsTruck": false, "supportsMotorcycle": false, "supportsStandard": true, "supportsSenior": false}, "geometry": {"type": "LineString", "coordinates": [[139.782113283275, 35.6962262619823], [139.782558529971, 35.6961609135303]]}}, {"type": "Feature", "properties": {"id": "13_2100", "prefCode": "13", "policeStationCode": "", "name": "パーキング・チケット #2100", "spaces": null, "timeLimitMinutes": 60, "feeYen": 300, "vehicleType": "standard", "operatingHours": [{"startTime": "09:00", "endTime": "19:00"}], "operatingDays": [1, 2, 3, 4, 5, 6], "exclusions": ["holidays", "sundays"], "overlappingRegulations": [], "lastUpdated": "2025-10-01", "category": "パーキング・チケット", "restriction1": "日曜・休日を除く", "restriction2": "１月１日〜３日を除く", "supportsTruck": false, "supportsMotorcycle": false, "supportsStandard": true, "supportsSenior": false}, "geometry": {"type": "LineString", "coordinates": [[139.759070170279, 35.6909719627457], [139.760108185167, 35.6909915685624], [139.760266264984, 35.6909873260771], [139.760688803167, 35.6909825519458]]}}, {"type": "Feature", "properties": {"id": "13_2101", "prefCode": "13", "policeStationCode": "", "name": "パーキング・チケット #2101", "spaces": null, "timeLimitMinutes": 60, "feeYen": 300, "vehicleType": "standard", "operatingHours": [{"startTime": "09:00", "endTime": "19:00"}], "operatingDays": [1, 2, 3, 4, 5, 6], "exclusions": ["holidays", "sundays"], "overlappingRegulations": [], "lastUpdated": "2025-10-01", "category": "パーキング・チケット", "restriction1": "日曜・休日を除く", "restriction2": "１月１日〜３日を除く", "supportsTruck": true, "supportsMotorcycle": false, "supportsStandard": true, "supportsSenior": false}, "geometry": {"type": "LineString", "coordinates": [[139.655735698248, 35.7914974821495], [139.657809045817, 35.7910819270435], [139.660225731223, 35.790621973141], [139.660228133398, 35.7906222616745]]}}, {"type": "Feature", "properties": {"id": "13_2102", "prefCode": "13", "policeStationCode": "", "name": "パーキング・チケット #2102", "spaces": null, "timeLimitMinutes": 60, "feeYen": 300, "vehicleType": "standard", "operatingHours": [{"startTime": "09:00", "endTime": "19:00"}], "operatingDays": [1, 2, 3, 4, 5, 6], "exclusions": ["holidays", "sundays"], "overlappingRegulations": [], "lastUpdated": "2025-10-01", "category": "パーキング・チケット", "restriction1": "日曜・休日を除く", "restriction2": "１月１日〜３日を除く", "supportsTruck": true, "supportsMotorcycle": false, "supportsStandard": true, "supportsSenior": false}, "geometry": {"type": "LineString", "coordinates": [[139.660193136881, 35.7905507087649], [139.655683748826, 35.7914365555382]]}}, {"type": "Feature", "properties": {"id": "13_2103", "prefCode": "13", "policeStationCode": "", "name": "パーキング・チケット #2103", "spaces": null, "timeLimitMinutes": 60, "feeYen": 300, "vehicleType": "standard", "operatingHours": [{"startTime": "09:00", "endTime": "19:00"}], "operatingDays": [1, 2, 3, 4, 5, 6], "exclusions": ["holidays", "sundays"], "overlappingRegulations": [], "lastUpdated": "2025-10-01", "category": "パーキング・チケット", "restriction1": "日曜・休日を除く", "restriction2": "１月１日〜３日を除く", "supportsTruck": false, "supportsMotorcycle": false, "supportsStandard": true, "supportsSenior": false}, "geometry": {"type": "LineString", "coordinates": [[139.748101767188, 35.7069312030007], [139.749609168655, 35.7070444583169], [139.751073654777, 35.7069834747051]]}}, {"type": "Feature", "properties": {"id": "13_2104", "prefCode": "13", "policeStationCode": "", "name": "パーキング・チケット #2104", "spaces": null, "timeLimitMinutes": 60, "feeYen": 300, "vehicleType": "standard", "operatingHours": [{"startTime": "09:00", "endTime": "19:00"}], "operatingDays": [1, 2, 3, 4, 5, 6], "exclusions": ["holidays", "sundays"], "overlappingRegulations": [], "lastUpdated": "2025-10-01", "category": "パーキング・チケット", "restriction1": "日曜・休日を除く", "restriction2": "１月１日〜３日を除く", "supportsTruck": false, "supportsMotorcycle": false, "supportsStandard": true, "supportsSenior": false}, "geometry": {"type": "LineString", "coordinates": [[139.748310979491, 35.7068527953798], [139.749759372359, 35.706948626906], [139.750934179908, 35.7068876432209]]}}, {"type": "Feature", "properties": {"id": "13_2105", "prefCode": "13", "policeStationCode": "", "name": "パーキング・メーター #2105", "spaces": null, "timeLimitMinutes": 60, "feeYen": 300, "vehicleType": "standard", "operatingHours": [{"startTime": "09:00", "endTime": "19:00"}], "operatingDays": [1, 2, 3, 4, 5, 6], "exclusions": ["holidays", "sundays"], "overlappingRegulations": [], "lastUpdated": "2025-10-01", "category": "パーキング・メーター", "restriction1": "日曜・休日を除く", "restriction2": "１月１日〜３日を除く", "supportsTruck": false, "supportsMotorcycle": false, "supportsStandard": true, "supportsSenior": false}, "geometry": {"type": "LineString", "coordinates": [[139.72261, 35.75936], [139.72328, 35.75925], [139.72362, 35.7592], [139.72394, 35.75912], [139.72512, 35.75875], [139.72561, 35.75861], [139.72629, 35.75841], [139.7278, 35.75845], [139.7286, 35.75848], [139.72901, 35.75849], [139.72921, 35.75849], [139.72941, 35.75848], [139.72956, 35.75843], [139.72969, 35.75836], [139.72979, 35.75827], [139.72987, 35.75816], [139.73047, 35.7571], [139.73086, 35.75653], [139.73127, 35.75599], [139.73219, 35.75493], [139.73252, 35.75455], [139.73257, 35.7545], [139.732584023314, 35.7544850000014], [139.732594023314, 35.75447], [139.73261, 35.75445], [139.732637317791, 35.7544256466201], [139.73266, 35.7544], [139.73276, 35.7543], [139.7328, 35.75427], [139.73287, 35.75421], [139.732885364418, 35.7542010883487], [139.732899387732, 35.75419]]}}, {"type": "Feature", "properties": {"id": "13_2106", "prefCode": "13", "policeStationCode": "", "name": "パーキング・メーター #2106", "spaces": null, "timeLimitMinutes": 60, "feeYen": 300, "vehicleType": "standard", "operatingHours": [{"startTime": "09:00", "endTime": "19:00"}], "operatingDays": [1, 2, 3, 4, 5, 6], "exclusions": ["holidays", "sundays"], "overlappingRegulations": [], "lastUpdated": "2025-10-01", "category": "パーキング・メーター", "restriction1": "日曜・休日を除く", "restriction2": "１月１日〜３日を除く", "supportsTruck": false, "supportsMotorcycle": false, "supportsStandard": true, "supportsSenior": false}, "geometry": {"type": "LineString", "coordinates": [[139.724009196481, 35.7590245039262], [139.725135053715, 35.758675708749], [139.726141887924, 35.7583674508961], [139.726196035019, 35.7583558878025], [139.726264682806, 35.7583435765069], [139.726338695011, 35.7583421481243], [139.729258279524, 35.7584259465205], [139.72934613427, 35.7584160525749], [139.729428624598, 35.7583930991403], [139.729577512, 35.7583341327537], [139.729684300547, 35.758260512171], [139.729749094209, 35.7581954062298], [139.729800476825, 35.7581303002352], [139.729926882126, 35.757917760817], [139.730222266594, 35.7573722002902], [139.730368617724, 35.7571103017076], [139.730455204333, 35.7569771754728], [139.730543132048, 35.756847313951], [139.7310494114, 35.756149059483], [139.731340772555, 35.7557689126484], [139.731599105911, 35.7554656522298], [139.731991129073, 35.7550419379096], [139.732165682981, 35.7548213731872], [139.732306604116, 35.754667556941], [139.732428749787, 35.7545268005219]]}}, {"type": "Feature", "properties": {"id": "13_2108", "prefCode": "13", "policeStationCode": "", "name": "パーキング・メーター #2108", "spaces": null, "timeLimitMinutes": 60, "feeYen": 300, "vehicleType": "standard", "operatingHours": [{"startTime": "09:00", "endTime": "19:00"}], "operatingDays": [1, 2, 3, 4, 5, 6], "exclusions": ["holidays", "sundays"], "overlappingRegulations": [], "lastUpdated": "2025-10-01", "category": "パーキング・メーター", "restriction1": "日曜・休日を除く", "restriction2": "１月１日〜３日を除く", "supportsTruck": false, "supportsMotorcycle": false, "supportsStandard": true, "supportsSenior": false}, "geometry": {"type": "LineString", "coordinates": [[139.719311610043, 35.7606584745284], [139.71978367883, 35.7604451753318]]}}, {"type": "Feature", "properties": {"id": "13_2109", "prefCode": "13", "policeStationCode": "", "name": "パーキング・メーター #2109", "spaces": null, "timeLimitMinutes": 60, "feeYen": 300, "vehicleType": "standard", "operatingHours": [{"startTime": "09:00", "endTime": "19:00"}], "operatingDays": [1, 2, 3, 4, 5, 6], "exclusions": ["holidays", "sundays"], "overlappingRegulations": [], "lastUpdated": "2025-10-01", "category": "パーキング・メーター", "restriction1": "日曜・休日を除く", "restriction2": "１月１日〜３日を除く", "supportsTruck": false, "supportsMotorcycle": false, "supportsStandard": true, "supportsSenior": false}, "geometry": {"type": "LineString", "coordinates": [[139.719343796552, 35.7607107109791], [139.719896331609, 35.7604582344827]]}}, {"type": "Feature", "properties": {"id": "13_2111", "prefCode": "13", "policeStationCode": "", "name": "パーキング・メーター #2111", "spaces": null, "timeLimitMinutes": 60, "feeYen": 300, "vehicleType": "standard", "operatingHours": [{"startTime": "09:00", "endTime": "19:00"}], "operatingDays": [1, 2, 3, 4, 5, 6], "exclusions": ["holidays", "sundays"], "overlappingRegulations": [], "lastUpdated": "2025-10-01", "category": "パーキング・メーター", "restriction1": "日曜・休日を除く", "restriction2": "１月１日〜３日を除く", "supportsTruck": false, "supportsMotorcycle": false, "supportsStandard": true, "supportsSenior": false}, "geometry": {"type": "LineString", "coordinates": [[139.773122638968, 35.6780872886279], [139.772905380037, 35.6781787971757]]}}, {"type": "Feature", "properties": {"id": "13_2113", "prefCode": "13", "policeStationCode": "", "name": "パーキング・メーター #2113", "spaces": null, "timeLimitMinutes": 60, "feeYen": 300, "vehicleType": "standard", "operatingHours": [{"startTime": "09:30", "endTime": "19:00"}], "operatingDays": [1, 2, 3, 4, 5, 6], "exclusions": ["holidays", "sundays"], "overlappingRegulations": [], "lastUpdated": "2025-10-01", "category": "パーキング・メーター", "restriction1": "日曜・休日を除く", "restriction2": "１月１日〜３日を除く", "supportsTruck": false, "supportsMotorcycle": false, "supportsStandard": true, "supportsSenior": false}, "geometry": {"type": "LineString", "coordinates": [[139.798437911665, 35.6849161585113], [139.798491555845, 35.6841710773428]]}}, {"type": "Feature", "properties": {"id": "13_2114", "prefCode": "13", "policeStationCode": "", "name": "パーキング・メーター #2114", "spaces": null, "timeLimitMinutes": 60, "feeYen": 300, "vehicleType": "standard", "operatingHours": [{"startTime": "09:30", "endTime": "19:00"}], "operatingDays": [1, 2, 3, 4, 5, 6], "exclusions": ["holidays", "sundays"], "overlappingRegulations": [], "lastUpdated": "2025-10-01", "category": "パーキング・メーター", "restriction1": "日曜・休日を除く", "restriction2": "１月１日〜３日を除く", "supportsTruck": false, "supportsMotorcycle": false, "supportsStandard": true, "supportsSenior": false}, "geometry": {"type": "LineString", "coordinates": [[139.79854654113, 35.68502073075], [139.79860018531, 35.6841580056813]]}}, {"type": "Feature", "properties": {"id": "13_2115", "prefCode": "13", "policeStationCode": "", "name": "パーキング・チケット #2115", "spaces": null, "timeLimitMinutes": 60, "feeYen": 300, "vehicleType": "standard", "operatingHours": [{"startTime": "09:00", "endTime": "19:00"}], "operatingDays": [1, 2, 3, 4, 5, 6], "exclusions": ["holidays", "sundays"], "overlappingRegulations": [], "lastUpdated": "2025-10-01", "category": "パーキング・チケット", "restriction1": "日曜・休日を除く", "restriction2": "１月１日〜３日を除く", "supportsTruck": true, "supportsMotorcycle": false, "supportsStandard": true, "supportsSenior": false}, "geometry": {"type": "LineString", "coordinates": [[139.747596819957, 35.648810094406], [139.748830636103, 35.6486814993617]]}}, {"type": "Feature", "properties": {"id": "13_2116", "prefCode": "13", "policeStationCode": "", "name": "パーキング・メーター #2116", "spaces": null, "timeLimitMinutes": 60, "feeYen": 300, "vehicleType": "standard", "operatingHours": [{"startTime": "09:00", "endTime": "19:00"}], "operatingDays": [1, 2, 3, 4, 5, 6], "exclusions": ["holidays", "sundays"], "overlappingRegulations": [], "lastUpdated": "2025-10-01", "category": "パーキング・メーター", "restriction1": "日曜・休日を除く", "restriction2": "１月１日〜３日を除く", "supportsTruck": false, "supportsMotorcycle": false, "supportsStandard": true, "supportsSenior": false}, "geometry": {"type": "LineString", "coordinates": [[139.7703369056, 35.6869228310476], [139.771109381796, 35.685476270735]]}}, {"type": "Feature", "properties": {"id": "13_2117", "prefCode": "13", "policeStationCode": "", "name": "パーキング・メーター #2117", "spaces": null, "timeLimitMinutes": 60, "feeYen": 300, "vehicleType": "standard", "operatingHours": [{"startTime": "09:00", "endTime": "19:00"}], "operatingDays": [1, 2, 3, 4, 5, 6], "exclusions": ["holidays", "sundays"], "overlappingRegulations": [], "lastUpdated": "2025-10-01", "category": "パーキング・メーター", "restriction1": "日曜・休日を除く", "restriction2": "１月１日〜３日を除く", "supportsTruck": true, "supportsMotorcycle": false, "supportsStandard": true, "supportsSenior": false}, "geometry": {"type": "LineString", "coordinates": [[139.816195851694, 35.6890900438017], [139.819462782274, 35.6891858966771]]}}, {"type": "Feature", "properties": {"id": "13_2118", "prefCode": "13", "policeStationCode": "", "name": "パーキング・メーター #2118", "spaces": null, "timeLimitMinutes": 60, "feeYen": 300, "vehicleType": "standard", "operatingHours": [{"startTime": "09:00", "endTime": "19:00"}], "operatingDays": [1, 2, 3, 4, 5, 6], "exclusions": ["holidays", "sundays"], "overlappingRegulations": [], "lastUpdated": "2025-10-01", "category": "パーキング・メーター", "restriction1": "日曜・休日を除く", "restriction2": "１月１日〜３日を除く", "supportsTruck": true, "supportsMotorcycle": false, "supportsStandard": true, "supportsSenior": false}, "geometry": {"type": "LineString", "coordinates": [[139.819049722086, 35.6890682590412], [139.816442614924, 35.6889898338542]]}}, {"type": "Feature", "properties": {"id": "13_2119", "prefCode": "13", "policeStationCode": "", "name": "パーキング・メーター #2119", "spaces": null, "timeLimitMinutes": 60, "feeYen": 300, "vehicleType": "standard", "operatingHours": [{"startTime": "09:00", "endTime": "21:00"}], "operatingDays": [0, 1, 2, 3, 4, 5, 6], "exclusions": [], "overlappingRegulations": [], "lastUpdated": "2025-10-01", "category": "パーキング・メーター", "restriction1": "", "restriction2": "１月１日〜３日を除く", "supportsTruck": true, "supportsMotorcycle": false, "supportsStandard": true, "supportsSenior": false}, "geometry": {"type": "LineString", "coordinates": [[139.766749699894, 35.6753525946754], [139.767122526947, 35.6752392943502]]}}, {"type": "Feature", "properties": {"id": "13_2120", "prefCode": "13", "policeStationCode": "", "name": "パーキング・チケット #2120", "spaces": null, "timeLimitMinutes": 60, "feeYen": 300, "vehicleType": "standard", "operatingHours": [{"startTime": "09:00", "endTime": "19:00"}], "operatingDays": [1, 2, 3, 4, 5, 6], "exclusions": ["holidays", "sundays"], "overlappingRegulations": [], "lastUpdated": "2025-10-01", "category": "パーキング・チケット", "restriction1": "日曜・休日を除く", "restriction2": "１月１日〜３日を除く", "supportsTruck": false, "supportsMotorcycle": false, "supportsStandard": true, "supportsSenior": false}, "geometry": {"type": "LineString", "coordinates": [[139.745779861516, 35.6549308075161], [139.745983709401, 35.6548741428812], [139.746128548688, 35.654834913495], [139.74625729472, 35.6547826076168], [139.746536244458, 35.654638766275], [139.746761550015, 35.6545297953891], [139.746949304646, 35.6544513362592], [139.747072686261, 35.6544121066654], [139.747383822507, 35.6543336474199], [139.747684229916, 35.6542900589169], [139.747963179654, 35.6542682646564], [139.748515714711, 35.6542072406956], [139.74900924117, 35.6541549344063]]}}, {"type": "Feature", "properties": {"id": "13_2121", "prefCode": "13", "policeStationCode": "", "name": "パーキング・チケット #2121", "spaces": null, "timeLimitMinutes": 60, "feeYen": 300, "vehicleType": "standard", "operatingHours": [{"startTime": "09:00", "endTime": "19:00"}], "operatingDays": [1, 2, 3, 4, 5, 6], "exclusions": ["holidays", "sundays"], "overlappingRegulations": [], "lastUpdated": "2025-10-01", "category": "パーキング・チケット", "restriction1": "日曜・休日を除く", "restriction2": "１月１日〜３日を除く", "supportsTruck": false, "supportsMotorcycle": false, "supportsStandard": true, "supportsSenior": false}, "geometry": {"type": "LineString", "coordinates": [[139.749615420407, 35.6538628903283], [139.748778571194, 35.6539544266467], [139.748478163785, 35.6539892975976], [139.7479470864, 35.6540459628603], [139.747507204121, 35.6540939103588], [139.74734627158, 35.6541287812488], [139.747072686261, 35.6542028818394]]}}, {"type": "Feature", "properties": {"id": "13_2122", "prefCode": "13", "policeStationCode": "", "name": "パーキング・チケット #2122", "spaces": null, "timeLimitMinutes": 60, "feeYen": 300, "vehicleType": "standard", "operatingHours": [{"startTime": "09:00", "endTime": "19:00"}], "operatingDays": [1, 2, 3, 4, 5, 6], "exclusions": ["holidays", "sundays"], "overlappingRegulations": [], "lastUpdated": "2025-10-01", "category": "パーキング・チケット", "restriction1": "日曜・休日を除く", "restriction2": "１月１日〜３日を除く", "supportsTruck": false, "supportsMotorcycle": false, "supportsStandard": true, "supportsSenior": false}, "geometry": {"type": "LineString", "coordinates": [[139.746857383032, 35.6581640442066], [139.746648170728, 35.6578109935812], [139.746422865171, 35.6574884521393], [139.746192195196, 35.6571571920052], [139.746004440565, 35.6568433653475], [139.745923974294, 35.6567082451567], [139.745859601278, 35.6565033850766], [139.745816685934, 35.6563551880954], [139.745805957098, 35.6561808383536], [139.745789863844, 35.6559846944392]]}}, {"type": "Feature", "properties": {"id": "13_2123", "prefCode": "13", "policeStationCode": "", "name": "パーキング・チケット #2123", "spaces": null, "timeLimitMinutes": 60, "feeYen": 300, "vehicleType": "standard", "operatingHours": [{"startTime": "09:00", "endTime": "19:00"}], "operatingDays": [1, 2, 3, 4, 5, 6], "exclusions": ["holidays", "sundays"], "overlappingRegulations": [], "lastUpdated": "2025-10-01", "category": "パーキング・チケット", "restriction1": "日曜・休日を除く", "restriction2": "１月１日〜３日を除く", "supportsTruck": true, "supportsMotorcycle": false, "supportsStandard": true, "supportsSenior": false}, "geometry": {"type": "LineString", "coordinates": [[139.747023679991, 35.6580294370294], [139.746497967024, 35.6572448766419], [139.746374585409, 35.6570705288424], [139.746197559614, 35.6567915715715], [139.746117093343, 35.656608505333], [139.746031262655, 35.6563208289674], [139.746009804983, 35.656102891637], [139.746015169401, 35.6558849537118], [139.745999076147, 35.6557901505287], [139.745985665102, 35.6557389349692]]}}, {"type": "Feature", "properties": {"id": "13_2126", "prefCode": "13", "policeStationCode": "", "name": "パーキング・チケット #2126", "spaces": null, "timeLimitMinutes": 60, "feeYen": 300, "vehicleType": "standard", "operatingHours": [{"startTime": "07:00", "endTime": "20:00"}], "operatingDays": [0, 1, 2, 3, 4, 5, 6], "exclusions": [], "overlappingRegulations": [], "lastUpdated": "2025-10-01", "category": "パーキング・チケット", "restriction1": "", "restriction2": "１月１日〜３日を除く", "supportsTruck": true, "supportsMotorcycle": false, "supportsStandard": true, "supportsSenior": false}, "geometry": {"type": "LineString", "coordinates": [[139.706355125039, 35.67649210324], [139.706805736153, 35.6748623294249], [139.707342177956, 35.6741127966046], [139.708028823464, 35.6726485726492], [139.708059058386, 35.6723275192113]]}}, {"type": "Feature", "properties": {"id": "13_2127", "prefCode": "13", "policeStationCode": "", "name": "パーキング・チケット #2127", "spaces": null, "timeLimitMinutes": 60, "feeYen": 300, "vehicleType": "standard", "operatingHours": [{"startTime": "07:00", "endTime": "20:00"}], "operatingDays": [0, 1, 2, 3, 4, 5, 6], "exclusions": [], "overlappingRegulations": [], "lastUpdated": "2025-10-01", "category": "パーキング・チケット", "restriction1": "", "restriction2": "１月１日〜３日を除く", "supportsTruck": false, "supportsMotorcycle": false, "supportsStandard": true, "supportsSenior": false}, "geometry": {"type": "LineString", "coordinates": [[139.708010402463, 35.6717610549012], [139.707388129971, 35.671038730069]]}}, {"type": "Feature", "properties": {"id": "13_2128", "prefCode": "13", "policeStationCode": "", "name": "パーキング・チケット #2128", "spaces": null, "timeLimitMinutes": 60, "feeYen": 300, "vehicleType": "standard", "operatingHours": [{"startTime": "07:00", "endTime": "20:00"}], "operatingDays": [0, 1, 2, 3, 4, 5, 6], "exclusions": [], "overlappingRegulations": [], "lastUpdated": "2025-10-01", "category": "パーキング・チケット", "restriction1": "", "restriction2": "１月１日〜３日を除く", "supportsTruck": true, "supportsMotorcycle": false, "supportsStandard": true, "supportsSenior": false}, "geometry": {"type": "LineString", "coordinates": [[139.707025139212, 35.670770167281], [139.706711320758, 35.6702842541629]]}}, {"type": "Feature", "properties": {"id": "13_2130", "prefCode": "13", "policeStationCode": "", "name": "パーキング・チケット #2130", "spaces": null, "timeLimitMinutes": 60, "feeYen": 100, "vehicleType": "motorcycle", "operatingHours": [{"startTime": "09:00", "endTime": "19:00"}], "operatingDays": [0, 1, 2, 3, 4, 5, 6], "exclusions": [], "overlappingRegulations": [], "lastUpdated": "2025-10-01", "category": "パーキング・チケット", "restriction1": "", "restriction2": "１月１日〜３日を除く", "supportsTruck": false, "supportsMotorcycle": true, "supportsStandard": false, "supportsSenior": false}, "geometry": {"type": "LineString", "coordinates": [[139.778963185567, 35.7151418460622], [139.779209948797, 35.7154772210191]]}}, {"type": "Feature", "properties": {"id": "13_2132", "prefCode": "13", "policeStationCode": "", "name": "パーキング・メーター #2132", "spaces": null, "timeLimitMinutes": 60, "feeYen": 300, "vehicleType": "standard", "operatingHours": [{"startTime": "08:00", "endTime": "20:00"}], "operatingDays": [0, 1, 2, 3, 4, 5, 6], "exclusions": [], "overlappingRegulations": [], "lastUpdated": "2025-10-01", "category": "パーキング・メーター", "restriction1": "", "restriction2": "１月１日〜３日を除く", "supportsTruck": true, "supportsMotorcycle": false, "supportsStandard": true, "supportsSenior": false}, "geometry": {"type": "MultiLineString", "coordinates": [[[139.75983168608, 35.6916978420264], [139.760765094817, 35.6917435885084]], [[139.75981, 35.69156], [139.76081, 35.6916]]]}}, {"type": "Feature", "properties": {"id": "13_2133", "prefCode": "13", "policeStationCode": "", "name": "パーキング・メーター #2133", "spaces": null, "timeLimitMinutes": 40, "feeYen": 200, "vehicleType": "standard", "operatingHours": [{"startTime": "07:00", "endTime": "20:00"}], "operatingDays": [1, 2, 3, 4, 5, 6], "exclusions": ["holidays", "sundays"], "overlappingRegulations": [], "lastUpdated": "2025-10-01", "category": "パーキング・メーター", "restriction1": "日曜・休日を除く", "restriction2": "１月１日〜３日を除く", "supportsTruck": true, "supportsMotorcycle": false, "supportsStandard": true, "supportsSenior": false}, "geometry": {"type": "LineString", "coordinates": [[139.70045280736, 35.6931685843651], [139.700498404913, 35.6929801556255], [139.700552049093, 35.6928265804286], [139.700623127632, 35.6926632022338], [139.700674089603, 35.6926065643814], [139.700737121515, 35.6925629967753]]}}, {"type": "Feature", "properties": {"id": "13_2134", "prefCode": "13", "policeStationCode": "", "name": "パーキング・チケット #2134", "spaces": null, "timeLimitMinutes": 60, "feeYen": 300, "vehicleType": "standard", "operatingHours": [{"startTime": "09:00", "endTime": "19:00"}], "operatingDays": [1, 2, 3, 4, 5, 6], "exclusions": ["holidays", "sundays"], "overlappingRegulations": [], "lastUpdated": "2025-10-01", "category": "パーキング・チケット", "restriction1": "日曜・休日を除く", "restriction2": "１月１日〜３日を除く", "supportsTruck": true, "supportsMotorcycle": false, "supportsStandard": true, "supportsSenior": false}, "geometry": {"type": "LineString", "coordinates": [[139.625517250896, 35.7585921852251], [139.628886105419, 35.7586183041331], [139.628875376583, 35.7586183041331]]}}, {"type": "Feature", "properties": {"id": "13_2136", "prefCode": "13", "policeStationCode": "", "name": "パーキング・チケット #2136", "spaces": null, "timeLimitMinutes": 60, "feeYen": 300, "vehicleType": "standard", "operatingHours": [{"startTime": "09:00", "endTime": "19:00"}], "operatingDays": [1, 2, 3, 4, 5, 6], "exclusions": ["holidays", "sundays"], "overlappingRegulations": [], "lastUpdated": "2025-10-01", "category": "パーキング・チケット", "restriction1": "日曜・休日を除く", "restriction2": "１月１日〜３日を除く", "supportsTruck": true, "supportsMotorcycle": false, "supportsStandard": true, "supportsSenior": false}, "geometry": {"type": "LineString", "coordinates": [[139.628913579063, 35.7584310552277], [139.625533995704, 35.7584049362582]]}}, {"type": "Feature", "properties": {"id": "13_2142", "prefCode": "13", "policeStationCode": "", "name": "パーキング・メーター #2142", "spaces": null, "timeLimitMinutes": 40, "feeYen": 200, "vehicleType": "standard", "operatingHours": [{"startTime": "07:00", "endTime": "20:00"}], "operatingDays": [0, 1, 2, 3, 4, 5, 6], "exclusions": [], "overlappingRegulations": [], "lastUpdated": "2025-10-01", "category": "パーキング・メーター", "restriction1": "", "restriction2": "１月１日〜３日を除く", "supportsTruck": true, "supportsMotorcycle": false, "supportsStandard": true, "supportsSenior": false}, "geometry": {"type": "LineString", "coordinates": [[139.707176653926, 35.691699130704], [139.70719274718, 35.6916316001361], [139.707198111598, 35.691590210405], [139.707198111598, 35.6915096092879], [139.707203476016, 35.6914072239678], [139.707208840434, 35.6912634486154], [139.707160560672, 35.6910063950669]]}}, {"type": "Feature", "properties": {"id": "13_2144", "prefCode": "13", "policeStationCode": "", "name": "パーキング・メーター #2144", "spaces": null, "timeLimitMinutes": 60, "feeYen": 300, "vehicleType": "standard", "operatingHours": [{"startTime": "09:00", "endTime": "19:00"}], "operatingDays": [0, 1, 2, 3, 4, 5, 6], "exclusions": [], "overlappingRegulations": [], "lastUpdated": "2025-10-01", "category": "パーキング・メーター", "restriction1": "", "restriction2": "１月１日〜３日を除く", "supportsTruck": true, "supportsMotorcycle": false, "supportsStandard": true, "supportsSenior": false}, "geometry": {"type": "LineString", "coordinates": [[139.772065305627, 35.7071918443281], [139.771974110521, 35.7064339032407]]}}, {"type": "Feature", "properties": {"id": "13_2146", "prefCode": "13", "policeStationCode": "", "name": "パーキング・チケット #2146", "spaces": null, "timeLimitMinutes": 60, "feeYen": 300, "vehicleType": "standard", "operatingHours": [{"startTime": "09:00", "endTime": "19:00"}], "operatingDays": [1, 2, 3, 4, 5, 6], "exclusions": ["holidays", "sundays"], "overlappingRegulations": [], "lastUpdated": "2025-10-01", "category": "パーキング・チケット", "restriction1": "日曜・休日を除く", "restriction2": "１月１日〜３日を除く", "supportsTruck": false, "supportsMotorcycle": false, "supportsStandard": true, "supportsSenior": false}, "geometry": {"type": "LineString", "coordinates": [[139.775719394948, 35.6987716715449], [139.77715705898, 35.6987368201563]]}}]}